,all_minus_aaa_5y,all_minus_aaa_10y
2004-09-06,2.7,5.4
2004-09-07,2.8,5.1
2004-09-08,2.9,5.2
2004-09-09,2.8,5.4
2004-09-10,2.5,5.4
2004-09-13,2.7,5.2
2004-09-14,2.7,5.4
2004-09-15,2.7,5.3
2004-09-16,2.7,5.2
2004-09-17,2.3,5.9
2004-09-20,2.6,5.2
2004-09-21,2.5,5.2
2004-09-22,2.6,5.1
2004-09-23,2.4,5.6
2004-09-24,2.2,5.0
2004-09-27,2.4,5.4
2004-09-28,2.2,4.3
2004-09-29,2.5,4.6
2004-09-30,2.7,5.0
2004-10-01,2.8,4.9
2004-10-04,2.9,5.2
2004-10-05,2.4,4.5
2004-10-06,2.5,4.9
2004-10-07,2.3,4.7
2004-10-08,2.3,4.9
2004-10-11,2.4,5.0
2004-10-12,2.4,4.9
2004-10-13,2.4,4.9
2004-10-14,2.2,4.8
2004-10-15,2.3,5.0
2004-10-18,2.0,4.7
2004-10-19,2.3,4.9
2004-10-20,2.4,5.0
2004-10-21,2.4,4.9
2004-10-22,2.4,4.8
2004-10-25,2.5,4.9
2004-10-26,2.6,5.1
2004-10-27,2.0,4.5
2004-10-28,2.0,4.7
2004-10-29,3.3,5.8
2004-11-01,1.9,3.1
2004-11-02,1.7,5.3
2004-11-03,1.7,5.2
2004-11-04,1.6,5.2
2004-11-05,1.6,5.2
2004-11-08,1.7,5.3
2004-11-09,1.8,5.5
2004-11-10,1.9,5.2
2004-11-11,1.8,5.1
2004-11-12,1.8,4.7
2004-11-15,1.7,4.6
2004-11-16,1.8,4.5
2004-11-17,1.8,4.5
2004-11-18,2.0,4.6
2004-11-19,2.0,4.5
2004-11-22,2.1,4.6
2004-11-23,2.0,4.5
2004-11-24,1.8,4.7
2004-11-25,1.9,4.8
2004-11-26,1.7,4.8
2004-11-29,1.8,4.6
2004-11-30,1.6,4.5
2004-12-01,1.5,4.5
2004-12-02,1.5,4.3
2004-12-03,1.6,4.3
2004-12-06,1.5,4.4
2004-12-07,1.5,4.3
2004-12-08,1.7,4.2
2004-12-09,1.7,4.2
2004-12-10,1.8,4.1
2004-12-13,1.7,4.1
2004-12-14,1.8,4.2
2004-12-15,1.8,4.1
2004-12-16,1.9,3.7
2004-12-17,1.8,3.9
2004-12-20,1.8,4.1
2004-12-21,2.1,3.3
2004-12-22,2.2,3.7
2004-12-23,2.2,3.6
2004-12-24,3.2,2.0
2004-12-27,2.1,3.7
2004-12-28,3.5,3.5
2004-12-29,2.2,3.6
2004-12-30,2.4,4.1
2004-12-31,2.2,2.5
2005-01-03,5.9,4.8
2005-01-04,1.9,3.5
2005-01-05,2.0,3.6
2005-01-06,1.7,3.6
2005-01-07,1.7,4.0
2005-01-10,1.6,4.1
2005-01-11,1.8,4.0
2005-01-12,1.7,4.0
2005-01-13,1.4,4.2
2005-01-14,1.4,4.2
2005-01-17,1.4,4.1
2005-01-18,1.3,4.1
2005-01-19,1.3,4.2
2005-01-20,1.4,4.4
2005-01-21,1.1,4.0
2005-01-24,1.2,4.0
2005-01-25,1.0,4.1
2005-01-26,1.1,4.3
2005-01-27,0.7,2.5
2005-01-28,0.6,2.5
2005-01-31,0.4,2.1
2005-02-01,0.4,2.2
2005-02-02,0.5,2.3
2005-02-03,0.3,2.2
2005-02-04,0.2,2.2
2005-02-07,0.4,2.7
2005-02-08,0.7,2.4
2005-02-09,0.4,2.5
2005-02-10,0.5,3.0
2005-02-11,0.4,2.7
2005-02-14,0.5,2.4
2005-02-15,0.7,2.6
2005-02-16,1.1,2.6
2005-02-17,1.0,2.7
2005-02-18,0.8,2.9
2005-02-21,0.5,2.7
2005-02-22,0.6,2.1
2005-02-23,0.5,2.8
2005-02-24,0.6,2.9
2005-02-25,0.5,3.1
2005-02-28,0.5,2.1
2005-03-01,0.3,1.2
2005-03-02,0.4,2.7
2005-03-03,0.5,2.6
2005-03-04,0.3,2.7
2005-03-07,0.3,2.7
2005-03-08,0.3,3.0
2005-03-09,0.2,2.9
2005-03-10,0.3,2.8
2005-03-11,0.2,2.8
2005-03-14,0.3,2.8
2005-03-15,0.3,2.7
2005-03-16,0.8,2.4
2005-03-17,0.8,2.4
2005-03-18,1.0,2.7
2005-03-21,1.0,2.8
2005-03-22,1.2,2.5
2005-03-23,1.2,2.6
2005-03-24,1.3,2.2
2005-03-29,1.3,2.5
2005-03-30,1.3,2.4
2005-03-31,1.3,3.9
2005-04-01,1.6,4.4
2005-04-04,1.2,3.4
2005-04-05,1.1,3.4
2005-04-06,1.1,3.4
2005-04-07,1.1,3.2
2005-04-08,0.9,3.0
2005-04-11,1.0,3.3
2005-04-12,1.1,3.5
2005-04-13,1.2,3.4
2005-04-14,1.1,3.3
2005-04-15,1.2,3.6
2005-04-18,1.1,3.5
2005-04-19,0.9,3.6
2005-04-20,1.1,4.0
2005-04-21,0.8,4.0
2005-04-22,1.0,3.9
2005-04-25,1.1,3.9
2005-04-26,1.2,3.9
2005-04-27,1.3,4.1
2005-04-28,1.4,4.2
2005-04-29,1.3,4.7
2005-05-02,1.7,3.5
2005-05-03,1.9,3.9
2005-05-04,2.1,4.2
2005-05-05,2.0,4.1
2005-05-06,2.0,4.2
2005-05-09,2.0,4.1
2005-05-10,2.0,4.0
2005-05-11,2.0,4.0
2005-05-12,1.9,4.0
2005-05-13,2.0,4.0
2005-05-16,1.8,3.9
2005-05-17,2.0,4.3
2005-05-18,2.0,4.4
2005-05-19,2.1,4.6
2005-05-20,1.6,4.9
2005-05-23,1.2,4.6
2005-05-24,1.2,4.8
2005-05-25,1.0,4.6
2005-05-26,0.9,4.4
2005-05-27,1.0,4.5
2005-05-30,1.1,4.6
2005-05-31,0.1,4.2
2005-06-01,-0.9,2.8
2005-06-02,-0.3,5.0
2005-06-03,-0.1,5.3
2005-06-06,-0.0,4.9
2005-06-07,0.1,5.2
2005-06-08,0.0,5.2
2005-06-09,2.3,3.0
2005-06-10,0.5,3.9
2005-06-13,0.5,4.0
2005-06-14,0.4,4.0
2005-06-15,0.5,4.1
2005-06-16,0.3,3.9
2005-06-17,0.4,4.0
2005-06-20,0.3,4.0
2005-06-21,0.3,3.9
2005-06-22,0.4,3.8
2005-06-23,0.3,3.8
2005-06-24,0.4,3.8
2005-06-27,0.4,3.9
2005-06-28,0.7,4.1
2005-06-29,0.6,4.0
2005-06-30,1.3,3.8
2005-07-01,1.3,3.9
2005-07-04,1.3,4.0
2005-07-05,1.4,4.3
2005-07-06,1.4,4.4
2005-07-07,1.5,4.4
2005-07-08,1.3,3.9
2005-07-11,1.2,5.5
2005-07-12,1.5,5.5
2005-07-13,1.4,5.3
2005-07-14,1.5,5.4
2005-07-15,1.5,5.3
2005-07-18,1.7,5.4
2005-07-19,1.6,5.4
2005-07-20,0.4,4.7
2005-07-21,1.5,5.2
2005-07-22,1.6,5.4
2005-07-25,1.6,5.4
2005-07-26,1.7,5.2
2005-07-27,1.5,5.1
2005-07-28,1.7,5.2
2005-07-29,1.6,4.9
2005-08-01,2.5,6.2
2005-08-02,2.6,6.3
2005-08-03,1.7,4.8
2005-08-04,1.6,4.6
2005-08-05,1.6,4.7
2005-08-08,1.7,4.8
2005-08-09,1.7,4.7
2005-08-10,1.8,4.7
2005-08-11,1.8,4.6
2005-08-12,1.7,4.8
2005-08-15,1.5,4.9
2005-08-16,1.5,4.8
2005-08-17,1.5,4.8
2005-08-18,1.5,4.9
2005-08-19,1.5,4.8
2005-08-22,1.6,4.8
2005-08-23,1.7,4.7
2005-08-24,1.7,4.7
2005-08-25,1.7,4.7
2005-08-26,1.9,5.0
2005-08-29,1.8,4.6
2005-08-30,2.4,5.6
2005-08-31,2.0,4.5
2005-09-01,1.4,4.6
2005-09-02,1.6,5.0
2005-09-05,1.6,4.9
2005-09-06,1.6,5.2
2005-09-07,1.6,5.0
2005-09-08,1.7,5.0
2005-09-09,1.8,4.8
2005-09-12,1.8,4.8
2005-09-13,1.9,4.7
2005-09-14,1.9,4.6
2005-09-15,2.0,4.8
2005-09-16,2.1,4.7
2005-09-19,2.0,4.5
2005-09-20,2.0,4.3
2005-09-21,1.9,4.1
2005-09-22,2.0,4.4
2005-09-23,1.9,4.7
2005-09-26,2.0,3.9
2005-09-27,2.0,4.0
2005-09-28,2.0,3.8
2005-09-29,1.9,4.9
2005-09-30,2.0,4.0
2005-10-03,2.7,5.2
2005-10-04,1.9,3.8
2005-10-05,2.0,4.2
2005-10-06,1.8,4.5
2005-10-07,2.0,3.7
2005-10-10,2.0,4.4
2005-10-11,4.6,2.4
2005-10-12,4.5,2.5
2005-10-13,4.2,2.7
2005-10-14,4.1,2.4
2005-10-17,4.4,2.4
2005-10-18,4.5,2.2
2005-10-19,4.3,1.7
2005-10-20,4.9,1.9
2005-10-21,5.0,2.0
2005-10-24,5.4,1.7
2005-10-25,5.1,2.0
2005-10-26,5.3,2.6
2005-10-27,5.0,1.5
2005-10-28,4.8,1.6
2005-10-31,5.2,0.7
2005-11-01,5.5,1.0
2005-11-02,5.1,1.3
2005-11-03,0.8,2.4
2005-11-04,1.2,2.8
2005-11-07,1.0,2.9
2005-11-08,1.1,2.8
2005-11-09,1.7,3.6
2005-11-10,1.6,3.5
2005-11-11,1.8,3.9
2005-11-14,1.5,3.7
2005-11-15,1.8,3.8
2005-11-16,1.6,3.3
2005-11-17,1.9,3.6
2005-11-18,2.5,4.1
2005-11-21,1.8,3.7
2005-11-22,1.9,3.7
2005-11-23,1.7,3.6
2005-11-24,1.2,2.1
2005-11-25,1.9,3.8
2005-11-28,1.9,3.7
2005-11-29,1.9,3.8
2005-11-30,2.5,4.5
2005-12-01,1.9,3.6
2005-12-02,2.0,4.2
2005-12-05,2.0,3.7
2005-12-06,2.0,3.6
2005-12-07,1.9,3.8
2005-12-08,1.6,3.5
2005-12-09,1.7,3.8
2005-12-12,1.8,3.6
2005-12-13,1.8,3.6
2005-12-14,1.8,3.7
2005-12-15,1.7,3.9
2005-12-16,1.7,4.2
2005-12-19,1.7,4.0
2005-12-20,1.7,4.2
2005-12-21,2.0,4.5
2005-12-22,1.8,4.1
2005-12-23,1.9,4.4
2005-12-27,2.3,4.4
2005-12-28,2.0,4.7
2005-12-29,1.9,4.9
2005-12-30,5.0,8.2
2006-01-02,1.8,2.2
2006-01-03,2.0,2.8
2006-01-04,2.0,4.1
2006-01-05,2.1,4.7
2006-01-06,2.2,4.8
2006-01-09,2.1,4.4
2006-01-10,2.3,4.5
2006-01-11,2.3,4.5
2006-01-12,2.3,4.4
2006-01-13,2.0,4.4
2006-01-16,2.0,3.7
2006-01-17,2.2,4.1
2006-01-18,2.2,4.5
2006-01-19,2.3,4.3
2006-01-20,2.0,3.7
2006-01-23,2.1,4.5
2006-01-24,2.2,4.5
2006-01-25,2.1,4.6
2006-01-26,2.3,4.2
2006-01-27,1.5,3.0
2006-01-30,1.8,3.1
2006-01-31,1.8,3.3
2006-02-01,1.7,2.4
2006-02-02,1.6,3.4
2006-02-03,1.7,3.4
2006-02-06,1.7,3.7
2006-02-07,1.8,4.0
2006-02-08,1.6,3.1
2006-02-09,1.5,3.0
2006-02-10,1.8,3.7
2006-02-13,1.8,4.1
2006-02-14,1.8,4.1
2006-02-15,1.3,2.6
2006-02-16,1.9,4.3
2006-02-17,1.9,4.2
2006-02-20,2.0,4.2
2006-02-21,1.8,4.5
2006-02-22,2.0,4.4
2006-02-23,2.0,4.5
2006-02-24,2.1,4.6
2006-02-27,1.8,4.8
2006-02-28,2.0,4.3
2006-03-01,2.5,5.2
2006-03-02,1.9,4.4
2006-03-03,2.3,5.9
2006-03-06,1.8,4.5
2006-03-07,1.8,4.5
2006-03-08,1.8,4.5
2006-03-09,1.8,4.3
2006-03-10,1.7,4.0
2006-03-13,1.8,3.9
2006-03-14,2.0,4.2
2006-03-15,2.0,4.1
2006-03-16,2.0,4.1
2006-03-17,1.9,4.4
2006-03-20,1.8,4.2
2006-03-21,1.8,4.1
2006-03-22,1.9,4.3
2006-03-23,1.8,4.3
2006-03-24,1.8,4.4
2006-03-27,1.8,4.2
2006-03-28,1.9,4.0
2006-03-29,1.9,4.0
2006-03-30,2.0,3.9
2006-03-31,1.7,3.8
2006-04-03,2.3,5.0
2006-04-04,2.1,4.3
2006-04-05,2.2,4.8
2006-04-06,2.2,4.6
2006-04-07,2.2,4.5
2006-04-10,1.9,3.8
2006-04-11,2.1,4.8
2006-04-12,2.3,4.9
2006-04-13,2.6,4.8
2006-04-18,2.2,4.7
2006-04-19,2.3,4.1
2006-04-20,2.5,4.4
2006-04-21,2.5,4.1
2006-04-24,2.2,4.6
2006-04-25,1.6,4.3
2006-04-26,1.5,4.8
2006-04-27,1.1,2.0
2006-04-28,2.0,5.2
2006-05-02,1.8,4.1
2006-05-03,1.8,4.2
2006-05-04,1.7,4.0
2006-05-05,1.5,3.9
2006-05-08,1.8,3.7
2006-05-09,1.5,3.9
2006-05-10,1.5,4.2
2006-05-11,1.6,4.5
2006-05-12,1.8,4.3
2006-05-15,1.8,5.1
2006-05-16,1.7,4.7
2006-05-17,1.9,4.9
2006-05-18,2.1,5.0
2006-05-19,2.1,4.8
2006-05-22,2.0,4.9
2006-05-23,1.7,3.3
2006-05-24,1.5,3.6
2006-05-25,1.6,3.4
2006-05-26,1.5,3.6
2006-05-29,1.4,3.6
2006-05-30,1.3,4.0
2006-05-31,1.5,3.1
2006-06-01,1.6,4.1
2006-06-02,1.4,4.5
2006-06-05,1.8,4.6
2006-06-06,1.5,4.3
2006-06-07,1.4,4.3
2006-06-08,1.5,4.5
2006-06-09,1.5,4.6
2006-06-12,1.5,4.6
2006-06-13,1.6,4.4
2006-06-14,1.5,4.3
2006-06-15,1.5,4.2
2006-06-16,1.4,4.2
2006-06-19,1.6,4.4
2006-06-20,1.5,4.3
2006-06-21,1.5,4.4
2006-06-22,1.4,4.3
2006-06-23,0.8,4.7
2006-06-26,0.7,4.4
2006-06-27,1.0,4.5
2006-06-28,1.0,4.5
2006-06-29,0.7,3.9
2006-06-30,0.8,4.2
2006-07-03,0.6,4.2
2006-07-04,0.5,4.9
2006-07-05,0.3,4.2
2006-07-06,0.6,4.8
2006-07-07,0.4,4.9
2006-07-10,0.3,4.8
2006-07-11,-0.1,5.3
2006-07-12,0.3,5.1
2006-07-13,0.4,5.0
2006-07-14,0.4,5.0
2006-07-17,1.0,4.7
2006-07-18,1.0,4.8
2006-07-19,0.7,3.8
2006-07-20,1.0,5.0
2006-07-21,0.9,4.8
2006-07-24,1.0,4.9
2006-07-25,0.9,5.1
2006-07-26,0.9,5.0
2006-07-27,2.0,6.1
2006-07-28,1.6,6.0
2006-07-31,1.5,6.0
2006-08-01,1.5,5.8
2006-08-02,1.6,5.9
2006-08-03,1.1,5.4
2006-08-04,2.5,7.7
2006-08-07,2.2,7.3
2006-08-08,2.2,7.1
2006-08-09,2.2,7.1
2006-08-10,2.3,6.9
2006-08-11,2.2,7.4
2006-08-14,2.1,7.5
2006-08-15,2.1,7.6
2006-08-16,2.1,7.6
2006-08-17,2.0,7.7
2006-08-18,2.0,7.8
2006-08-21,1.9,7.5
2006-08-22,2.2,7.4
2006-08-23,2.6,7.9
2006-08-24,1.5,6.2
2006-08-25,1.8,6.5
2006-08-28,1.8,6.7
2006-08-29,1.7,6.8
2006-08-30,2.8,7.0
2006-08-31,3.1,7.5
2006-09-01,2.0,5.8
2006-09-04,2.8,7.0
2006-09-05,2.8,6.9
2006-09-06,2.9,6.8
2006-09-07,2.8,6.8
2006-09-08,2.8,6.9
2006-09-11,2.7,6.9
2006-09-12,2.6,6.2
2006-09-13,2.5,5.6
2006-09-14,2.8,6.7
2006-09-15,2.9,6.5
2006-09-18,2.9,5.8
2006-09-19,3.0,6.4
2006-09-20,3.0,6.5
2006-09-21,3.1,6.5
2006-09-22,3.4,6.8
2006-09-25,3.3,6.4
2006-09-26,3.0,5.2
2006-09-27,3.3,6.2
2006-09-28,3.1,6.5
2006-09-29,3.2,6.0
2006-10-02,3.1,6.6
2006-10-03,2.7,6.2
2006-10-04,2.8,6.4
2006-10-05,2.7,6.1
2006-10-06,3.0,6.4
2006-10-09,2.6,6.0
2006-10-10,2.6,6.0
2006-10-11,2.6,5.9
2006-10-12,2.5,6.0
2006-10-13,2.4,5.9
2006-10-16,2.6,5.9
2006-10-17,2.3,5.6
2006-10-18,2.5,5.9
2006-10-19,2.6,5.9
2006-10-20,2.6,5.8
2006-10-23,2.8,5.7
2006-10-24,2.8,6.3
2006-10-25,2.7,6.0
2006-10-26,2.8,6.3
2006-10-27,3.2,6.4
2006-10-30,2.8,6.1
2006-10-31,2.9,6.9
2006-11-01,2.4,6.5
2006-11-02,2.7,6.3
2006-11-03,1.9,5.7
2006-11-06,2.8,6.2
2006-11-07,2.5,6.0
2006-11-08,2.4,5.8
2006-11-09,2.7,6.3
2006-11-10,2.5,6.7
2006-11-13,2.9,6.7
2006-11-14,2.8,6.7
2006-11-15,2.4,6.5
2006-11-16,2.5,6.7
2006-11-17,3.0,7.0
2006-11-20,2.6,6.7
2006-11-21,2.4,6.8
2006-11-22,2.6,6.5
2006-11-23,2.5,6.4
2006-11-24,2.9,6.8
2006-11-27,2.8,6.3
2006-11-28,3.1,6.8
2006-11-29,2.7,6.6
2006-11-30,3.1,6.7
2006-12-01,3.0,6.7
2006-12-04,3.1,6.6
2006-12-05,2.6,6.8
2006-12-06,3.0,6.3
2006-12-07,2.9,6.6
2006-12-08,3.1,6.5
2006-12-11,3.1,6.8
2006-12-12,2.7,6.7
2006-12-13,2.7,6.4
2006-12-14,2.8,6.7
2006-12-15,2.6,6.8
2006-12-18,2.1,6.3
2006-12-19,2.2,6.7
2006-12-20,2.2,6.4
2006-12-21,2.2,6.4
2006-12-22,2.1,6.2
2006-12-27,2.3,6.5
2006-12-28,2.5,7.2
2006-12-29,1.7,6.4
2007-01-02,2.1,6.2
2007-01-03,2.3,6.1
2007-01-04,2.1,6.2
2007-01-05,1.9,6.4
2007-01-08,2.1,7.0
2007-01-09,2.0,7.0
2007-01-10,2.0,6.7
2007-01-11,2.1,6.7
2007-01-12,2.0,6.3
2007-01-15,1.9,6.3
2007-01-16,1.8,6.1
2007-01-17,1.9,6.1
2007-01-18,1.8,6.0
2007-01-19,2.0,5.9
2007-01-22,1.9,5.9
2007-01-23,1.7,5.9
2007-01-24,1.8,6.1
2007-01-25,2.0,6.3
2007-01-26,2.0,6.1
2007-01-29,1.1,4.0
2007-01-30,1.0,3.7
2007-01-31,0.9,3.5
2007-02-01,1.1,4.0
2007-02-02,1.1,4.1
2007-02-05,1.1,4.2
2007-02-06,1.3,4.2
2007-02-07,1.2,3.9
2007-02-08,0.9,3.5
2007-02-09,0.6,2.9
2007-02-12,0.7,2.9
2007-02-13,0.7,2.9
2007-02-14,0.7,3.1
2007-02-15,0.6,3.0
2007-02-16,0.8,3.2
2007-02-19,0.7,2.8
2007-02-20,0.5,2.7
2007-02-21,0.4,2.7
2007-02-22,0.7,2.9
2007-02-23,0.4,2.7
2007-02-26,0.6,3.4
2007-02-27,1.0,4.0
2007-02-28,1.0,3.9
2007-03-01,0.7,3.4
2007-03-02,1.1,3.9
2007-03-05,1.3,4.0
2007-03-06,1.2,4.1
2007-03-07,1.3,4.1
2007-03-08,1.2,4.1
2007-03-09,1.1,3.9
2007-03-12,1.4,4.0
2007-03-13,2.1,4.7
2007-03-14,2.4,5.1
2007-03-15,2.3,5.2
2007-03-16,2.0,4.9
2007-03-19,1.5,4.9
2007-03-20,1.3,4.8
2007-03-21,1.4,4.6
2007-03-22,1.4,5.0
2007-03-23,1.1,4.4
2007-03-26,0.8,4.1
2007-03-27,0.7,3.9
2007-03-28,0.5,4.0
2007-03-29,0.7,4.0
2007-03-30,0.8,3.8
2007-04-02,0.5,4.0
2007-04-03,0.4,3.2
2007-04-04,0.4,3.1
2007-04-05,0.4,3.1
2007-04-10,0.3,2.8
2007-04-11,0.5,2.9
2007-04-12,0.5,3.3
2007-04-13,0.7,3.7
2007-04-16,0.9,3.9
2007-04-17,0.8,3.7
2007-04-18,0.8,3.3
2007-04-19,0.7,3.1
2007-04-20,0.6,3.1
2007-04-23,0.9,3.2
2007-04-24,1.2,3.3
2007-04-25,1.2,3.3
2007-04-26,0.7,3.4
2007-04-27,1.1,3.6
2007-04-30,0.6,4.0
2007-05-02,0.7,3.9
2007-05-03,1.1,4.4
2007-05-04,0.9,3.6
2007-05-07,1.3,3.3
2007-05-08,0.7,3.4
2007-05-09,1.1,4.2
2007-05-10,1.2,4.3
2007-05-11,1.0,4.0
2007-05-14,1.1,3.9
2007-05-15,1.0,3.9
2007-05-16,0.8,3.8
2007-05-17,0.9,3.8
2007-05-18,0.9,3.8
2007-05-21,0.8,3.9
2007-05-22,0.9,3.8
2007-05-23,0.5,3.5
2007-05-24,0.9,3.8
2007-05-25,0.7,3.4
2007-05-28,1.3,4.0
2007-05-29,0.8,3.5
2007-05-30,0.8,3.8
2007-05-31,0.7,3.5
2007-06-01,0.7,3.9
2007-06-04,0.5,3.9
2007-06-05,0.3,3.8
2007-06-06,0.3,3.6
2007-06-07,0.5,3.8
2007-06-08,0.5,3.9
2007-06-11,0.7,3.9
2007-06-12,0.9,3.9
2007-06-13,0.9,3.9
2007-06-14,1.2,4.6
2007-06-15,1.0,4.4
2007-06-18,1.0,4.4
2007-06-19,1.0,4.6
2007-06-20,1.0,4.3
2007-06-21,0.7,4.0
2007-06-22,0.7,4.1
2007-06-25,0.6,4.0
2007-06-26,0.6,4.0
2007-06-27,0.6,4.3
2007-06-28,0.5,4.3
2007-06-29,0.6,4.4
2007-07-02,0.2,4.9
2007-07-03,0.4,4.5
2007-07-04,0.2,4.0
2007-07-05,0.1,4.1
2007-07-06,0.4,4.0
2007-07-09,0.7,4.6
2007-07-10,0.3,4.4
2007-07-11,0.8,4.5
2007-07-12,0.8,4.2
2007-07-13,0.8,4.2
2007-07-16,1.1,4.3
2007-07-17,1.4,4.6
2007-07-18,1.3,4.7
2007-07-19,1.2,4.7
2007-07-20,1.0,5.5
2007-07-23,1.6,5.7
2007-07-24,1.6,5.4
2007-07-25,1.4,5.5
2007-07-26,1.5,6.2
2007-07-27,3.6,8.0
2007-07-30,4.3,8.9
2007-07-31,3.4,7.8
2007-08-01,3.2,6.8
2007-08-02,3.5,7.1
2007-08-03,2.9,6.9
2007-08-06,3.3,6.7
2007-08-07,3.0,6.4
2007-08-08,2.8,5.6
2007-08-09,3.2,6.4
2007-08-10,3.7,6.2
2007-08-13,3.8,6.4
2007-08-14,3.6,6.0
2007-08-15,4.2,7.1
2007-08-16,4.1,7.4
2007-08-17,3.6,6.1
2007-08-20,4.2,7.4
2007-08-21,4.0,8.0
2007-08-22,1.9,7.4
2007-08-23,3.0,8.2
2007-08-24,3.1,8.5
2007-08-27,4.0,7.4
2007-08-28,4.0,7.3
2007-08-29,4.4,7.0
2007-08-30,4.7,7.4
2007-08-31,4.6,7.3
2007-09-03,4.7,7.1
2007-09-04,4.6,6.9
2007-09-05,5.0,6.4
2007-09-06,4.6,8.1
2007-09-07,4.5,7.0
2007-09-10,5.2,8.3
2007-09-11,4.6,8.4
2007-09-12,4.7,7.8
2007-09-13,4.2,7.7
2007-09-14,4.7,7.9
2007-09-17,4.2,8.1
2007-09-18,4.4,8.4
2007-09-19,3.6,6.9
2007-09-20,3.1,5.5
2007-09-21,2.8,5.4
2007-09-24,2.8,5.4
2007-09-25,4.0,6.8
2007-09-26,3.4,5.7
2007-09-27,3.8,5.6
2007-09-28,3.5,5.4
2007-10-01,3.0,5.6
2007-10-02,2.8,5.4
2007-10-03,3.2,5.4
2007-10-04,3.0,5.4
2007-10-05,2.9,5.6
2007-10-08,2.9,5.5
2007-10-09,2.5,4.9
2007-10-10,3.2,5.6
2007-10-11,2.7,5.0
2007-10-12,2.7,4.9
2007-10-15,2.9,5.0
2007-10-16,3.1,5.1
2007-10-17,3.2,5.1
2007-10-18,3.1,5.0
2007-10-19,3.5,5.4
2007-10-22,3.5,4.6
2007-10-23,3.3,4.5
2007-10-24,3.4,4.3
2007-10-25,3.5,4.6
2007-10-26,3.1,5.0
2007-10-29,3.4,4.8
2007-10-30,3.2,4.6
2007-10-31,3.1,4.8
2007-11-01,3.1,4.6
2007-11-02,3.7,4.7
2007-11-05,3.7,4.7
2007-11-06,3.3,4.6
2007-11-07,3.6,6.0
2007-11-08,4.0,5.8
2007-11-09,3.9,5.6
2007-11-12,3.8,6.7
2007-11-13,3.8,6.5
2007-11-14,3.9,6.5
2007-11-15,4.0,6.7
2007-11-16,3.9,6.7
2007-11-19,4.2,6.8
2007-11-20,4.5,7.0
2007-11-21,5.6,6.9
2007-11-22,5.9,6.7
2007-11-23,5.8,6.6
2007-11-26,5.3,7.2
2007-11-27,5.6,7.0
2007-11-28,5.5,7.0
2007-11-29,5.6,7.1
2007-11-30,5.2,6.9
2007-12-03,4.8,7.1
2007-12-04,4.7,7.3
2007-12-05,4.1,6.6
2007-12-06,4.2,5.9
2007-12-07,4.5,5.9
2007-12-10,3.6,6.0
2007-12-11,3.5,5.7
2007-12-12,3.6,5.3
2007-12-13,3.7,5.4
2007-12-14,3.6,5.5
2007-12-17,3.7,5.2
2007-12-18,3.3,5.4
2007-12-19,3.6,5.8
2007-12-20,3.4,5.2
2007-12-21,3.7,5.5
2007-12-24,3.7,5.6
2007-12-27,4.1,6.1
2007-12-28,3.8,6.0
2007-12-31,3.6,5.5
2008-01-02,3.2,4.5
2008-01-03,4.1,5.6
2008-01-04,4.4,6.4
2008-01-07,4.8,6.6
2008-01-08,4.9,6.7
2008-01-09,5.6,6.7
2008-01-10,4.9,6.7
2008-01-11,5.0,6.9
2008-01-14,4.6,6.8
2008-01-15,5.0,6.3
2008-01-16,5.1,6.7
2008-01-17,4.4,7.7
2008-01-18,4.6,7.5
2008-01-21,5.1,7.2
2008-01-22,5.2,8.1
2008-01-23,4.8,9.6
2008-01-24,5.8,8.3
2008-01-25,5.8,7.8
2008-01-28,6.1,9.5
2008-01-29,5.5,7.1
2008-01-30,5.4,7.0
2008-01-31,5.0,7.9
2008-02-01,5.3,8.2
2008-02-04,4.9,7.6
2008-02-05,5.5,8.7
2008-02-06,5.0,8.5
2008-02-07,5.0,9.0
2008-02-08,4.8,9.8
2008-02-11,5.4,9.4
2008-02-12,5.7,9.9
2008-02-13,5.3,9.1
2008-02-14,5.5,9.4
2008-02-15,4.0,9.9
2008-02-18,4.5,10.3
2008-02-19,4.4,9.4
2008-02-20,4.2,8.8
2008-02-21,4.8,8.6
2008-02-22,5.7,8.5
2008-02-25,6.1,9.9
2008-02-26,6.0,10.0
2008-02-27,6.1,10.7
2008-02-28,5.9,10.0
2008-02-29,7.2,9.7
2008-03-03,8.5,9.8
2008-03-04,9.5,10.6
2008-03-05,9.5,11.4
2008-03-06,8.5,13.0
2008-03-07,10.4,14.1
2008-03-10,9.5,14.7
2008-03-11,9.5,14.6
2008-03-12,9.7,13.8
2008-03-13,10.8,13.7
2008-03-14,10.8,12.8
2008-03-17,10.8,14.5
2008-03-18,11.4,13.2
2008-03-19,10.9,11.9
2008-03-20,9.8,9.9
2008-03-25,8.3,8.5
2008-03-26,9.4,9.0
2008-03-27,7.8,8.9
2008-03-28,7.7,8.7
2008-03-31,7.2,8.1
2008-04-01,6.3,7.0
2008-04-02,6.1,6.0
2008-04-03,7.1,7.5
2008-04-04,6.5,8.0
2008-04-07,6.2,7.7
2008-04-08,6.5,8.9
2008-04-09,5.9,9.2
2008-04-10,6.8,9.7
2008-04-11,6.8,10.3
2008-04-14,6.6,10.4
2008-04-15,7.9,12.8
2008-04-16,8.1,12.3
2008-04-17,8.4,10.7
2008-04-18,7.3,9.2
2008-04-21,6.7,8.5
2008-04-22,11.3,7.8
2008-04-23,10.5,8.7
2008-04-24,9.6,7.2
2008-04-25,9.6,6.8
2008-04-28,8.8,7.1
2008-04-29,8.5,7.3
2008-04-30,7.9,6.5
2008-05-02,7.5,8.0
2008-05-05,7.9,6.8
2008-05-06,6.8,6.4
2008-05-07,6.3,5.8
2008-05-08,7.4,7.3
2008-05-09,7.8,7.1
2008-05-12,8.8,7.4
2008-05-13,9.8,6.5
2008-05-14,10.0,8.5
2008-05-15,9.3,6.4
2008-05-16,9.6,8.1
2008-05-19,8.9,7.7
2008-05-20,9.1,7.1
2008-05-21,9.7,8.8
2008-05-22,10.3,8.5
2008-05-23,10.5,9.5
2008-05-26,10.5,9.0
2008-05-27,10.4,9.1
2008-05-28,10.5,9.5
2008-05-29,10.3,11.8
2008-05-30,10.7,9.8
2008-06-02,11.1,9.2
2008-06-03,12.1,11.4
2008-06-04,11.7,9.2
2008-06-05,11.9,10.8
2008-06-06,6.5,9.3
2008-06-09,7.9,9.1
2008-06-10,8.7,10.5
2008-06-11,7.5,9.6
2008-06-12,7.8,9.7
2008-06-13,8.6,10.8
2008-06-16,8.5,10.6
2008-06-17,8.3,10.8
2008-06-18,7.3,10.5
2008-06-19,6.7,8.9
2008-06-20,7.8,11.6
2008-06-23,8.2,11.9
2008-06-24,8.6,12.2
2008-06-25,8.1,12.5
2008-06-26,8.2,11.7
2008-06-27,8.8,12.3
2008-06-30,7.9,12.9
2008-07-01,8.2,10.7
2008-07-02,8.2,11.5
2008-07-03,7.9,10.2
2008-07-04,8.7,11.4
2008-07-07,8.5,12.3
2008-07-08,8.4,12.2
2008-07-09,8.1,12.5
2008-07-10,8.6,12.0
2008-07-11,8.0,12.0
2008-07-14,8.4,12.2
2008-07-15,9.2,12.7
2008-07-16,9.2,12.0
2008-07-17,9.0,13.4
2008-07-18,8.7,13.0
2008-07-21,8.7,12.8
2008-07-22,8.9,12.4
2008-07-23,9.3,12.6
2008-07-24,8.5,13.2
2008-07-25,9.2,11.0
2008-07-28,9.1,12.6
2008-07-29,10.3,12.1
2008-07-30,9.9,11.9
2008-07-31,10.1,11.9
2008-08-01,10.5,12.0
2008-08-04,11.1,11.7
2008-08-05,11.1,11.1
2008-08-06,11.1,10.5
2008-08-07,11.2,11.2
2008-08-08,11.6,11.1
2008-08-11,11.0,10.8
2008-08-12,11.8,12.0
2008-08-13,11.9,12.1
2008-08-14,11.9,12.3
2008-08-15,12.8,11.9
2008-08-18,12.0,12.0
2008-08-19,11.8,12.5
2008-08-20,11.7,12.6
2008-08-21,12.0,12.5
2008-08-22,11.4,12.1
2008-08-25,12.2,12.3
2008-08-26,12.8,12.6
2008-08-27,12.5,13.0
2008-08-28,12.4,12.8
2008-08-29,12.9,14.2
2008-09-01,12.9,12.7
2008-09-02,12.2,12.1
2008-09-03,12.5,12.1
2008-09-04,12.6,12.7
2008-09-05,13.7,14.0
2008-09-08,13.4,13.2
2008-09-09,14.0,13.3
2008-09-10,13.5,13.6
2008-09-11,14.7,14.8
2008-09-12,13.7,13.2
2008-09-15,16.6,14.5
2008-09-16,16.1,15.9
2008-09-17,15.4,17.2
2008-09-18,15.9,16.3
2008-09-19,13.8,14.0
2008-09-22,14.1,14.4
2008-09-23,14.0,13.4
2008-09-24,14.1,13.8
2008-09-25,14.5,12.5
2008-09-26,14.6,13.1
2008-09-29,19.0,16.3
2008-09-30,18.0,16.3
2008-10-01,16.9,15.9
2008-10-02,15.9,16.6
2008-10-03,15.7,15.6
2008-10-06,16.0,15.9
2008-10-07,10.5,18.0
2008-10-08,21.2,22.4
2008-10-09,16.3,20.6
2008-10-10,17.8,21.1
2008-10-13,15.1,17.9
2008-10-14,8.0,14.4
2008-10-15,13.1,8.5
2008-10-16,15.1,10.5
2008-10-17,9.8,9.9
2008-10-20,10.7,11.5
2008-10-21,13.2,9.8
2008-10-22,15.4,9.7
2008-10-23,17.7,14.8
2008-10-24,17.8,18.5
2008-10-27,18.6,17.7
2008-10-28,17.2,16.6
2008-10-29,17.5,16.6
2008-10-30,19.5,18.4
2008-10-31,18.4,20.5
2008-11-03,19.2,18.5
2008-11-04,17.5,17.0
2008-11-05,18.8,13.6
2008-11-06,22.1,14.5
2008-11-07,23.8,15.0
2008-11-10,23.8,15.5
2008-11-11,25.5,16.7
2008-11-12,29.8,17.3
2008-11-13,31.4,18.0
2008-11-14,26.4,17.1
2008-11-17,30.9,19.5
2008-11-18,30.5,19.0
2008-11-19,32.1,20.9
2008-11-20,34.4,20.5
2008-11-21,32.1,20.4
2008-11-24,29.9,17.9
2008-11-25,26.6,18.4
2008-11-26,23.8,19.1
2008-11-27,24.7,20.3
2008-11-28,27.2,22.9
2008-12-01,32.5,26.6
2008-12-02,31.0,26.7
2008-12-03,27.6,28.0
2008-12-04,32.7,23.8
2008-12-05,31.2,24.5
2008-12-08,34.4,24.6
2008-12-09,30.2,23.7
2008-12-10,27.3,21.6
2008-12-11,31.8,20.9
2008-12-12,32.7,22.7
2008-12-15,31.6,20.5
2008-12-16,28.9,18.3
2008-12-17,26.9,16.6
2008-12-18,23.4,21.3
2008-12-19,24.5,20.6
2008-12-22,27.1,21.0
2008-12-23,24.3,21.6
2008-12-24,24.1,21.7
2008-12-29,26.2,22.9
2008-12-30,25.5,23.5
2008-12-31,25.5,23.5
2009-01-02,27.9,26.3
2009-01-05,28.9,23.3
2009-01-06,32.3,27.6
2009-01-07,27.5,23.9
2009-01-08,27.9,23.1
2009-01-09,28.2,24.2
2009-01-12,28.7,25.1
2009-01-13,34.4,27.3
2009-01-14,32.8,28.3
2009-01-15,32.1,29.1
2009-01-16,31.1,30.9
2009-01-19,35.6,33.2
2009-01-20,40.0,34.3
2009-01-21,43.0,38.9
2009-01-22,42.6,36.4
2009-01-23,47.8,41.2
2009-01-26,48.5,38.4
2009-01-27,43.2,26.9
2009-01-28,42.0,27.4
2009-01-29,39.5,23.5
2009-01-30,37.6,18.8
2009-02-02,33.3,17.1
2009-02-03,36.8,15.1
2009-02-04,32.7,14.3
2009-02-05,34.0,15.6
2009-02-06,34.6,14.7
2009-02-09,32.7,13.3
2009-02-10,33.7,13.0
2009-02-11,34.5,11.5
2009-02-12,38.3,21.8
2009-02-13,41.2,23.7
2009-02-16,37.6,32.6
2009-02-17,38.6,32.1
2009-02-18,37.1,28.7
2009-02-19,33.8,28.0
2009-02-20,33.7,28.0
2009-02-23,32.9,30.7
2009-02-24,38.5,36.7
2009-02-25,35.1,32.7
2009-02-26,35.9,33.4
2009-02-27,36.6,29.1
2009-03-02,36.7,31.3
2009-03-03,38.3,27.7
2009-03-04,37.3,26.7
2009-03-05,37.6,26.5
2009-03-06,38.3,27.5
2009-03-09,38.6,27.6
2009-03-10,38.3,27.9
2009-03-11,37.4,27.1
2009-03-12,37.2,28.2
2009-03-13,36.6,27.4
2009-03-16,37.1,25.2
2009-03-17,35.0,24.8
2009-03-18,31.8,19.6
2009-03-19,31.1,19.3
2009-03-20,25.7,17.0
2009-03-23,24.1,18.6
2009-03-24,28.8,22.6
2009-03-25,28.1,26.6
2009-03-26,27.8,25.1
2009-03-27,35.1,30.0
2009-03-30,37.0,31.5
2009-03-31,37.1,32.3
2009-04-01,36.8,31.5
2009-04-02,35.2,30.6
2009-04-03,34.3,29.0
2009-04-06,32.5,27.9
2009-04-07,32.8,29.2
2009-04-08,32.5,28.9
2009-04-09,32.1,28.6
2009-04-14,31.8,28.2
2009-04-15,31.6,28.6
2009-04-16,30.1,27.4
2009-04-17,29.5,25.9
2009-04-20,29.0,26.2
2009-04-21,32.7,30.3
2009-04-22,31.4,30.2
2009-04-23,28.0,26.5
2009-04-24,30.5,28.3
2009-04-27,30.3,29.0
2009-04-28,29.2,28.0
2009-04-29,29.6,29.3
2009-04-30,29.5,29.2
2009-05-04,28.5,28.1
2009-05-05,26.6,26.6
2009-05-06,26.1,25.3
2009-05-07,19.6,20.6
2009-05-08,19.3,18.8
2009-05-11,23.2,20.6
2009-05-12,23.9,22.9
2009-05-13,25.8,24.5
2009-05-14,28.3,26.1
2009-05-15,26.6,23.4
2009-05-18,26.7,24.1
2009-05-19,24.6,22.2
2009-05-20,24.9,21.5
2009-05-21,26.7,22.8
2009-05-22,26.1,22.5
2009-05-25,23.6,20.7
2009-05-26,22.6,23.4
2009-05-27,21.7,20.8
2009-05-28,22.1,23.3
2009-05-29,22.7,23.3
2009-06-01,19.2,20.2
2009-06-02,20.6,20.8
2009-06-03,22.1,22.8
2009-06-04,24.4,24.9
2009-06-05,23.0,21.3
2009-06-08,22.0,21.8
2009-06-09,22.9,23.6
2009-06-10,19.7,21.9
2009-06-11,21.1,21.4
2009-06-12,22.4,23.7
2009-06-15,22.4,24.2
2009-06-16,23.6,24.5
2009-06-17,23.7,24.5
2009-06-18,27.3,21.7
2009-06-19,22.5,19.6
2009-06-22,21.5,22.7
2009-06-23,19.6,21.9
2009-06-24,19.2,21.1
2009-06-25,17.3,22.3
2009-06-26,19.0,24.3
2009-06-29,17.9,21.8
2009-06-30,17.9,23.0
2009-07-01,17.8,22.1
2009-07-02,16.6,22.1
2009-07-03,16.7,21.6
2009-07-06,15.9,22.0
2009-07-07,17.4,22.6
2009-07-08,18.3,24.3
2009-07-09,18.3,24.6
2009-07-10,20.4,26.6
2009-07-13,21.6,26.3
2009-07-14,20.6,24.2
2009-07-15,18.1,22.8
2009-07-16,18.2,23.2
2009-07-17,17.0,21.4
2009-07-20,15.3,20.0
2009-07-21,14.2,19.7
2009-07-22,15.3,20.2
2009-07-23,14.1,17.8
2009-07-24,14.1,19.3
2009-07-27,11.6,17.4
2009-07-28,11.7,17.5
2009-07-29,12.1,18.4
2009-07-30,13.0,20.5
2009-07-31,12.1,19.7
2009-08-03,13.0,18.0
2009-08-04,13.0,20.1
2009-08-05,12.8,18.9
2009-08-06,12.2,17.4
2009-08-07,10.4,14.7
2009-08-10,10.3,15.2
2009-08-11,8.9,16.8
2009-08-12,9.5,17.7
2009-08-13,10.5,20.0
2009-08-14,11.1,20.4
2009-08-17,13.6,21.3
2009-08-18,13.2,22.0
2009-08-19,14.8,22.8
2009-08-20,13.3,20.9
2009-08-21,13.1,20.7
2009-08-24,13.7,23.4
2009-08-25,13.4,22.3
2009-08-26,12.7,21.1
2009-08-27,12.4,19.4
2009-08-28,13.3,19.1
2009-08-31,13.8,19.2
2009-09-01,15.1,20.4
2009-09-02,15.4,20.7
2009-09-03,15.5,21.4
2009-09-04,15.8,22.6
2009-09-07,15.4,22.2
2009-09-08,13.6,20.8
2009-09-09,11.8,17.8
2009-09-10,12.9,20.1
2009-09-11,12.3,19.5
2009-09-14,12.7,19.5
2009-09-15,12.5,17.4
2009-09-16,13.3,18.8
2009-09-17,11.2,17.9
2009-09-18,11.5,17.5
2009-09-21,12.3,17.4
2009-09-22,11.9,17.4
2009-09-23,10.8,17.3
2009-09-24,10.8,17.6
2009-09-25,11.9,18.8
2009-09-28,12.0,19.3
2009-09-29,13.8,21.9
2009-09-30,13.5,22.0
2009-10-01,15.0,22.2
2009-10-02,15.3,19.8
2009-10-05,14.6,20.0
2009-10-06,14.1,19.7
2009-10-07,13.7,20.1
2009-10-08,14.6,20.4
2009-10-09,13.9,20.2
2009-10-12,12.2,18.7
2009-10-13,13.0,19.8
2009-10-14,12.5,20.9
2009-10-15,12.0,20.4
2009-10-16,12.1,19.3
2009-10-19,13.1,19.7
2009-10-20,11.9,19.1
2009-10-21,11.6,17.6
2009-10-22,11.9,17.2
2009-10-23,12.7,17.3
2009-10-26,12.6,19.4
2009-10-27,13.7,21.0
2009-10-28,12.4,18.0
2009-10-29,12.9,20.8
2009-10-30,12.8,21.3
2009-11-02,12.8,18.7
2009-11-03,12.3,17.4
2009-11-04,11.4,17.0
2009-11-05,11.2,16.4
2009-11-06,10.6,16.5
2009-11-09,11.4,16.7
2009-11-10,10.8,16.5
2009-11-11,11.0,15.9
2009-11-12,10.2,15.9
2009-11-13,12.0,19.7
2009-11-16,12.9,20.2
2009-11-17,12.2,19.8
2009-11-18,12.7,20.4
2009-11-19,12.0,17.1
2009-11-20,13.3,19.0
2009-11-23,12.7,18.5
2009-11-24,12.8,19.4
2009-11-25,12.9,18.5
2009-11-26,14.1,21.7
2009-11-27,14.2,19.9
2009-11-30,15.6,24.5
2009-12-01,13.8,23.4
2009-12-02,14.3,23.5
2009-12-03,14.6,22.8
2009-12-04,13.3,18.3
2009-12-07,11.9,16.4
2009-12-08,13.7,19.4
2009-12-09,15.8,20.4
2009-12-10,15.6,20.8
2009-12-11,13.8,18.9
2009-12-14,13.2,16.4
2009-12-15,13.1,15.8
2009-12-16,12.9,17.0
2009-12-17,12.9,17.7
2009-12-18,14.2,17.7
2009-12-21,13.5,18.8
2009-12-22,12.9,17.1
2009-12-23,12.2,17.1
2009-12-24,11.6,16.9
2009-12-28,11.4,15.9
2009-12-29,12.7,15.4
2009-12-30,13.4,14.2
2009-12-31,13.3,14.2
2010-01-04,12.8,15.6
2010-01-05,12.5,15.9
2010-01-06,11.9,14.9
2010-01-07,11.3,16.2
2010-01-08,10.0,15.2
2010-01-11,10.5,16.4
2010-01-12,11.8,16.9
2010-01-13,11.3,18.1
2010-01-14,13.6,19.2
2010-01-15,14.9,20.9
2010-01-18,14.9,21.1
2010-01-19,15.9,20.7
2010-01-20,21.3,23.5
2010-01-21,21.1,23.6
2010-01-22,22.0,20.8
2010-01-25,19.0,20.2
2010-01-26,18.7,20.2
2010-01-27,21.1,22.3
2010-01-28,27.7,24.6
2010-01-29,27.7,20.9
2010-02-01,25.8,24.1
2010-02-02,24.2,24.3
2010-02-03,27.6,28.4
2010-02-04,27.3,29.8
2010-02-05,29.9,31.2
2010-02-08,31.4,32.2
2010-02-09,26.6,28.6
2010-02-10,24.6,29.5
2010-02-11,22.3,28.6
2010-02-12,23.0,29.6
2010-02-15,24.0,31.8
2010-02-16,23.4,31.1
2010-02-17,21.4,29.8
2010-02-18,22.8,30.7
2010-02-19,21.3,29.7
2010-02-22,19.6,28.3
2010-02-23,21.8,29.3
2010-02-24,21.2,29.9
2010-02-25,24.6,32.5
2010-02-26,24.5,33.8
2010-03-01,20.9,31.8
2010-03-02,20.5,32.2
2010-03-03,20.5,31.4
2010-03-04,21.5,31.9
2010-03-05,22.2,30.7
2010-03-08,20.8,30.3
2010-03-09,22.0,31.5
2010-03-10,21.9,29.8
2010-03-11,21.3,29.1
2010-03-12,21.3,28.7
2010-03-15,21.7,29.6
2010-03-16,21.3,30.3
2010-03-17,20.9,31.1
2010-03-18,21.5,31.5
2010-03-19,22.1,32.2
2010-03-22,22.5,32.6
2010-03-23,21.5,32.3
2010-03-24,21.5,32.4
2010-03-25,20.4,31.2
2010-03-26,19.4,29.6
2010-03-29,19.6,30.5
2010-03-30,20.3,30.9
2010-03-31,21.3,31.6
2010-04-01,20.8,30.4
2010-04-06,21.3,30.8
2010-04-07,21.8,32.6
2010-04-08,22.8,32.0
2010-04-09,20.0,31.2
2010-04-12,15.8,28.6
2010-04-13,19.3,29.0
2010-04-14,20.5,30.0
2010-04-15,18.0,29.3
2010-04-16,18.1,31.1
2010-04-19,20.0,31.6
2010-04-20,17.4,30.8
2010-04-21,22.1,35.9
2010-04-22,23.9,38.3
2010-04-23,26.0,37.3
2010-04-26,28.4,42.2
2010-04-27,28.6,34.9
2010-04-28,27.3,35.1
2010-04-29,24.6,35.5
2010-04-30,26.3,36.7
2010-05-03,27.6,36.5
2010-05-04,32.3,46.6
2010-05-05,49.7,52.9
2010-05-06,61.9,54.2
2010-05-07,71.6,59.0
2010-05-10,55.1,40.2
2010-05-11,46.7,44.3
2010-05-12,37.7,35.3
2010-05-13,34.1,39.1
2010-05-14,40.3,41.7
2010-05-17,37.2,41.5
2010-05-18,37.5,44.3
2010-05-19,34.2,44.4
2010-05-20,43.1,53.6
2010-05-21,43.5,54.3
2010-05-24,41.9,54.9
2010-05-25,47.2,59.6
2010-05-26,48.2,59.7
2010-05-27,47.5,59.9
2010-05-28,65.2,65.0
2010-05-31,67.8,66.6
2010-06-01,70.5,69.0
2010-06-02,75.8,72.1
2010-06-03,76.5,71.5
2010-06-04,80.4,75.1
2010-06-07,82.3,74.7
2010-06-08,84.6,75.7
2010-06-09,81.5,73.5
2010-06-10,75.3,67.9
2010-06-11,75.8,69.2
2010-06-14,78.9,71.6
2010-06-15,79.1,75.3
2010-06-16,81.6,76.6
2010-06-17,77.9,74.9
2010-06-18,71.5,73.2
2010-06-21,66.8,69.5
2010-06-22,70.6,71.5
2010-06-23,75.9,74.0
2010-06-24,76.4,76.5
2010-06-25,77.2,77.1
2010-06-28,81.0,78.4
2010-06-29,83.4,79.6
2010-06-30,80.3,77.6
2010-07-01,82.3,76.3
2010-07-02,80.0,73.1
2010-07-05,82.4,74.5
2010-07-06,79.9,76.2
2010-07-07,82.5,77.0
2010-07-08,72.5,75.7
2010-07-09,71.8,77.1
2010-07-12,73.5,78.6
2010-07-13,72.3,79.3
2010-07-14,74.0,82.3
2010-07-15,71.4,80.9
2010-07-16,66.3,78.5
2010-07-19,63.7,77.1
2010-07-20,63.3,75.2
2010-07-21,63.8,74.2
2010-07-22,63.4,74.4
2010-07-23,61.5,74.6
2010-07-26,55.0,70.8
2010-07-27,52.0,62.5
2010-07-28,53.4,65.9
2010-07-29,54.8,66.1
2010-07-30,56.6,67.5
2010-08-02,55.3,66.5
2010-08-03,56.8,68.1
2010-08-04,57.6,69.7
2010-08-05,58.2,71.2
2010-08-06,58.1,70.4
2010-08-09,58.9,70.3
2010-08-10,62.2,72.3
2010-08-11,66.9,77.7
2010-08-12,68.0,78.2
2010-08-13,72.0,81.1
2010-08-16,71.6,82.1
2010-08-17,68.8,80.1
2010-08-18,66.7,78.3
2010-08-19,66.7,78.6
2010-08-20,68.4,81.3
2010-08-23,67.8,81.5
2010-08-24,72.4,85.4
2010-08-25,70.1,87.7
2010-08-26,70.5,87.0
2010-08-27,71.4,87.4
2010-08-30,75.8,87.3
2010-08-31,75.8,87.5
2010-09-01,70.0,83.7
2010-09-02,66.9,80.2
2010-09-03,65.6,78.0
2010-09-06,67.7,80.3
2010-09-07,71.8,84.5
2010-09-08,69.1,84.6
2010-09-09,70.9,84.9
2010-09-10,70.5,83.5
2010-09-13,69.8,83.1
2010-09-14,70.5,85.8
2010-09-15,69.3,81.3
2010-09-16,67.1,83.2
2010-09-17,68.8,84.0
2010-09-20,69.5,84.9
2010-09-21,67.0,85.6
2010-09-22,69.6,83.5
2010-09-23,71.1,87.1
2010-09-24,69.5,83.3
2010-09-27,66.9,84.4
2010-09-28,71.3,91.8
2010-09-29,71.2,89.0
2010-09-30,68.3,81.4
2010-10-01,61.2,73.7
2010-10-04,63.6,76.1
2010-10-05,64.0,76.5
2010-10-06,66.0,80.9
2010-10-07,64.6,79.5
2010-10-08,63.0,78.1
2010-10-11,62.0,77.5
2010-10-12,65.2,82.7
2010-10-13,65.4,82.3
2010-10-14,59.9,74.0
2010-10-15,59.1,75.8
2010-10-18,57.4,68.7
2010-10-19,58.5,71.5
2010-10-20,55.1,72.1
2010-10-21,53.1,65.8
2010-10-22,57.2,70.2
2010-10-25,55.4,68.8
2010-10-26,49.5,62.1
2010-10-27,52.2,63.0
2010-10-28,54.4,65.3
2010-10-29,57.5,65.7
2010-11-01,59.4,67.0
2010-11-02,60.0,70.2
2010-11-03,61.4,71.2
2010-11-04,64.5,73.8
2010-11-05,72.0,73.5
2010-11-08,77.1,76.6
2010-11-09,76.2,76.4
2010-11-10,81.7,86.0
2010-11-11,82.6,86.7
2010-11-12,78.6,83.8
2010-11-15,77.0,82.0
2010-11-16,77.2,80.7
2010-11-17,73.9,79.6
2010-11-18,75.1,73.3
2010-11-19,72.4,72.5
2010-11-22,75.6,74.0
2010-11-23,82.1,80.9
2010-11-24,87.9,82.8
2010-11-25,89.1,84.4
2010-11-26,88.3,83.0
2010-11-29,96.1,88.8
2010-11-30,100.0,95.0
2010-12-01,92.3,85.0
2010-12-02,85.2,75.1
2010-12-03,80.5,68.1
2010-12-06,87.2,72.2
2010-12-07,86.5,69.2
2010-12-08,83.1,67.7
2010-12-09,84.3,69.5
2010-12-10,85.1,71.4
2010-12-13,85.9,71.9
2010-12-14,87.5,70.8
2010-12-15,85.3,69.9
2010-12-16,84.4,69.3
2010-12-17,87.4,70.9
2010-12-20,90.1,72.8
2010-12-21,90.2,73.9
2010-12-22,91.8,75.0
2010-12-23,91.4,74.7
2010-12-24,91.4,74.6
2010-12-27,90.7,72.9
2010-12-28,93.4,75.6
2010-12-29,94.3,75.6
2010-12-30,96.8,76.4
2010-12-31,96.8,76.3
2011-01-03,94.8,75.7
2011-01-04,92.8,73.8
2011-01-05,91.6,73.4
2011-01-06,96.0,74.7
2011-01-07,101.6,84.3
2011-01-10,106.4,82.5
2011-01-11,105.2,82.8
2011-01-12,97.3,76.8
2011-01-13,87.7,70.6
2011-01-14,88.4,72.4
2011-01-17,84.7,74.6
2011-01-18,89.5,79.0
2011-01-19,85.0,71.6
2011-01-20,78.8,73.3
2011-01-21,73.2,71.1
2011-01-24,74.3,72.0
2011-01-25,75.6,73.1
2011-01-26,75.0,73.6
2011-01-27,75.0,74.3
2011-01-28,76.1,74.2
2011-01-31,74.7,73.4
2011-02-01,64.2,61.1
2011-02-02,59.5,65.3
2011-02-03,64.3,65.0
2011-02-04,64.4,64.8
2011-02-07,68.0,66.2
2011-02-08,68.5,69.8
2011-02-09,69.2,70.1
2011-02-10,71.4,66.1
2011-02-11,75.1,72.4
2011-02-14,76.1,72.9
2011-02-15,76.0,72.5
2011-02-16,76.0,73.3
2011-02-17,75.7,74.1
2011-02-18,59.6,60.9
2011-02-21,70.4,73.1
2011-02-22,71.2,75.4
2011-02-23,70.3,76.9
2011-02-24,69.4,71.6
2011-02-25,70.2,72.5
2011-02-28,74.0,72.9
2011-03-01,71.7,69.8
2011-03-02,71.2,69.7
2011-03-03,66.1,68.0
2011-03-04,65.1,70.5
2011-03-07,64.5,71.0
2011-03-08,67.7,75.2
2011-03-09,69.8,75.3
2011-03-10,70.1,77.5
2011-03-11,64.9,75.4
2011-03-14,59.3,69.9
2011-03-15,60.9,70.3
2011-03-16,62.6,71.6
2011-03-17,59.5,69.7
2011-03-18,60.5,69.8
2011-03-21,57.1,69.2
2011-03-22,58.7,70.3
2011-03-23,61.7,72.0
2011-03-24,61.2,69.1
2011-03-25,59.4,70.0
2011-03-28,60.6,69.6
2011-03-29,62.4,71.9
2011-03-30,62.6,70.4
2011-03-31,61.6,70.3
2011-04-01,58.2,69.3
2011-04-04,56.9,68.4
2011-04-05,57.7,68.8
2011-04-06,56.0,63.9
2011-04-07,53.9,60.8
2011-04-08,52.5,60.7
2011-04-11,51.5,57.4
2011-04-12,52.2,55.7
2011-04-13,53.2,56.8
2011-04-14,64.4,67.2
2011-04-15,64.2,66.4
2011-04-18,72.0,71.7
2011-04-19,71.6,77.0
2011-04-20,71.1,76.8
2011-04-21,73.4,77.5
2011-04-26,81.5,88.6
2011-04-27,83.3,87.9
2011-04-28,77.6,87.7
2011-04-29,75.5,86.6
2011-05-02,68.5,78.3
2011-05-03,67.4,77.0
2011-05-04,69.1,77.2
2011-05-05,74.7,78.3
2011-05-06,76.4,80.5
2011-05-09,82.0,84.0
2011-05-10,80.4,82.8
2011-05-11,79.4,81.2
2011-05-12,80.3,80.9
2011-05-13,80.1,82.3
2011-05-16,78.1,81.0
2011-05-17,78.4,81.7
2011-05-18,80.6,83.9
2011-05-19,79.0,82.1
2011-05-20,87.6,90.8
2011-05-23,92.2,93.4
2011-05-24,90.7,91.4
2011-05-25,92.2,89.8
2011-05-26,84.7,82.1
2011-05-27,87.7,84.5
2011-05-30,90.5,87.1
2011-05-31,86.0,83.8
2011-06-01,85.3,83.8
2011-06-02,83.9,83.5
2011-06-03,81.8,81.9
2011-06-06,80.4,81.6
2011-06-07,81.6,82.0
2011-06-08,84.5,83.8
2011-06-09,88.3,85.6
2011-06-10,90.1,87.5
2011-06-13,90.9,87.6
2011-06-14,88.9,85.5
2011-06-15,91.4,87.9
2011-06-16,93.6,90.2
2011-06-17,91.2,88.2
2011-06-20,95.1,90.5
2011-06-21,89.7,85.1
2011-06-22,89.2,86.3
2011-06-23,94.0,86.6
2011-06-24,97.4,88.9
2011-06-27,94.7,86.5
2011-06-28,89.8,83.8
2011-06-29,85.4,80.7
2011-06-30,95.1,91.7
2011-07-01,90.0,89.0
2011-07-04,91.6,90.2
2011-07-05,93.4,91.4
2011-07-06,105.0,101.4
2011-07-07,101.9,99.3
2011-07-08,87.3,86.7
2011-07-11,129.7,119.9
2011-07-12,130.3,119.6
2011-07-13,125.6,118.9
2011-07-14,123.7,116.5
2011-07-15,131.2,123.7
2011-07-18,131.9,124.6
2011-07-19,124.5,117.5
2011-07-20,119.5,114.0
2011-07-21,107.7,105.3
2011-07-22,122.7,115.2
2011-07-25,123.8,117.0
2011-07-26,127.1,119.7
2011-07-27,134.5,126.8
2011-07-28,142.1,131.8
2011-07-29,146.4,137.2
2011-08-01,148.4,137.7
2011-08-02,154.6,143.4
2011-08-03,154.9,141.3
2011-08-04,158.9,144.3
2011-08-05,162.1,139.9
2011-08-08,148.0,123.0
2011-08-09,135.5,122.4
2011-08-10,138.1,128.5
2011-08-11,138.2,130.1
2011-08-12,138.4,128.1
2011-08-15,138.5,127.4
2011-08-16,144.7,125.7
2011-08-17,145.3,123.2
2011-08-18,136.4,123.6
2011-08-19,137.1,123.3
2011-08-22,132.7,119.5
2011-08-23,134.7,120.7
2011-08-24,130.3,119.6
2011-08-25,131.9,120.4
2011-08-26,133.6,123.6
2011-08-29,124.9,115.3
2011-08-30,134.0,125.2
2011-08-31,126.5,120.3
2011-09-01,126.0,122.7
2011-09-02,139.7,133.4
2011-09-05,151.7,148.3
2011-09-06,152.7,147.0
2011-09-07,144.7,140.4
2011-09-08,147.4,147.0
2011-09-09,154.7,153.0
2011-09-12,157.9,162.3
2011-09-13,160.8,158.6
2011-09-14,159.3,161.7
2011-09-15,150.1,151.1
2011-09-16,145.8,149.0
2011-09-19,161.7,163.3
2011-09-20,154.5,164.3
2011-09-21,155.6,160.7
2011-09-22,155.1,160.3
2011-09-23,157.3,165.6
2011-09-26,154.6,156.9
2011-09-27,145.1,147.1
2011-09-28,145.7,142.7
2011-09-29,142.2,146.6
2011-09-30,144.4,150.6
2011-10-03,147.1,152.2
2011-10-04,153.9,158.5
2011-10-05,149.4,154.2
2011-10-06,145.7,150.8
2011-10-07,138.7,143.1
2011-10-10,133.2,136.0
2011-10-11,138.5,140.8
2011-10-12,137.2,139.7
2011-10-13,146.5,148.2
2011-10-14,141.5,141.5
2011-10-17,145.5,144.9
2011-10-18,149.0,151.2
2011-10-19,147.9,149.1
2011-10-20,145.6,150.1
2011-10-21,140.5,143.9
2011-10-24,148.7,152.5
2011-10-25,148.8,152.4
2011-10-26,150.8,149.1
2011-10-27,143.6,144.9
2011-10-28,150.0,149.3
2011-10-31,158.0,156.2
2011-11-01,171.0,173.6
2011-11-02,164.6,164.4
2011-11-03,164.4,165.6
2011-11-04,172.1,173.8
2011-11-07,175.5,170.0
2011-11-08,172.8,175.9
2011-11-09,186.4,180.1
2011-11-10,180.1,180.3
2011-11-11,172.4,172.3
2011-11-14,180.0,179.3
2011-11-15,180.6,183.9
2011-11-16,181.3,180.9
2011-11-17,186.0,183.7
2011-11-18,179.1,179.6
2011-11-21,183.9,184.4
2011-11-22,187.7,184.1
2011-11-23,191.1,185.1
2011-11-24,195.8,186.6
2011-11-25,201.1,188.3
2011-11-28,197.7,186.1
2011-11-29,201.3,184.6
2011-11-30,208.2,178.1
2011-12-01,200.9,173.0
2011-12-02,188.0,165.8
2011-12-05,178.1,152.5
2011-12-06,172.0,149.9
2011-12-07,173.8,155.8
2011-12-08,177.3,160.8
2011-12-09,183.8,168.7
2011-12-12,184.2,176.7
2011-12-13,180.1,169.6
2011-12-14,183.7,179.8
2011-12-15,178.4,177.8
2011-12-16,176.5,177.7
2011-12-19,172.5,166.8
2011-12-20,162.9,157.7
2011-12-21,168.0,161.8
2011-12-22,170.0,162.8
2011-12-23,172.1,163.4
2011-12-27,174.1,163.4
2011-12-28,172.2,161.6
2011-12-29,172.1,164.6
2011-12-30,173.4,163.1
2012-01-02,166.3,158.2
2012-01-03,167.9,159.2
2012-01-04,169.6,160.9
2012-01-05,173.8,169.3
2012-01-06,175.3,172.4
2012-01-09,177.9,175.4
2012-01-10,177.9,176.1
2012-01-11,191.7,170.1
2012-01-12,181.6,163.4
2012-01-13,170.4,176.6
2012-01-16,168.2,169.7
2012-01-17,159.8,164.6
2012-01-18,157.6,163.0
2012-01-19,155.8,161.3
2012-01-20,150.8,155.0
2012-01-23,145.3,144.6
2012-01-24,146.2,142.5
2012-01-25,147.4,143.5
2012-01-26,143.3,139.6
2012-01-27,139.1,134.5
2012-01-30,147.9,141.0
2012-01-31,142.0,135.5
2012-02-01,139.8,130.7
2012-02-02,133.2,127.5
2012-02-03,135.9,125.8
2012-02-06,131.7,126.1
2012-02-07,132.0,127.3
2012-02-08,129.9,126.0
2012-02-09,128.2,121.7
2012-02-10,134.2,124.9
2012-02-13,131.9,122.9
2012-02-14,134.4,123.7
2012-02-15,129.9,126.6
2012-02-16,131.3,128.9
2012-02-17,126.3,122.0
2012-02-20,121.9,116.3
2012-02-21,121.4,114.1
2012-02-22,122.3,116.2
2012-02-23,122.6,118.0
2012-02-24,122.5,116.7
2012-02-27,127.0,122.7
2012-02-28,123.5,122.1
2012-02-29,120.7,118.9
2012-03-01,113.3,113.6
2012-03-02,113.3,114.4
2012-03-05,113.5,114.3
2012-03-06,119.1,115.9
2012-03-07,119.6,116.6
2012-03-08,118.2,113.1
2012-03-09,118.5,112.7
2012-03-12,114.4,113.1
2012-03-13,114.1,111.9
2012-03-14,112.9,108.7
2012-03-15,111.6,106.6
2012-03-16,108.4,101.1
2012-03-19,105.4,100.0
2012-03-20,106.6,100.6
2012-03-21,114.9,107.2
2012-03-22,120.7,113.6
2012-03-23,121.0,114.5
2012-03-26,119.2,111.2
2012-03-27,120.8,112.7
2012-03-28,125.0,113.9
2012-03-29,132.8,119.5
2012-03-30,132.1,119.1
2012-04-02,132.8,119.7
2012-04-03,131.2,120.3
2012-04-04,137.1,125.0
2012-04-05,142.3,129.4
2012-04-10,148.5,133.7
2012-04-11,146.7,132.3
2012-04-12,145.7,131.9
2012-04-13,147.1,134.2
2012-04-16,147.0,134.7
2012-04-17,143.5,131.1
2012-04-18,143.4,131.0
2012-04-19,142.6,133.7
2012-04-20,144.0,130.8
2012-04-23,145.9,133.6
2012-04-24,142.7,132.4
2012-04-25,141.9,132.9
2012-04-26,144.0,132.6
2012-04-27,147.6,138.0
2012-04-30,145.9,136.2
2012-05-02,148.0,137.3
2012-05-03,146.2,136.7
2012-05-04,146.4,136.4
2012-05-07,146.9,136.8
2012-05-08,144.4,136.8
2012-05-09,154.6,143.8
2012-05-10,149.5,142.3
2012-05-11,150.5,145.4
2012-05-14,159.2,154.6
2012-05-15,157.4,155.5
2012-05-16,157.8,154.5
2012-05-17,166.1,158.6
2012-05-18,164.0,156.6
2012-05-21,165.8,157.0
2012-05-22,177.2,144.7
2012-05-23,166.3,157.3
2012-05-24,166.7,158.6
2012-05-25,170.6,162.8
2012-05-28,175.5,165.4
2012-05-29,177.7,166.8
2012-05-30,187.5,174.1
2012-05-31,189.6,178.1
2012-06-01,191.8,180.7
2012-06-04,182.0,174.0
2012-06-05,181.0,173.1
2012-06-06,172.1,164.9
2012-06-07,163.4,156.8
2012-06-08,174.5,166.0
2012-06-11,178.5,169.3
2012-06-12,184.2,172.4
2012-06-13,186.0,171.9
2012-06-14,184.8,178.3
2012-06-15,183.7,178.1
2012-06-18,190.6,182.3
2012-06-19,182.2,171.9
2012-06-20,176.8,163.8
2012-06-21,173.6,162.9
2012-06-22,171.2,161.7
2012-06-25,180.1,173.9
2012-06-26,183.2,175.2
2012-06-27,188.5,179.4
2012-06-28,188.9,180.9
2012-06-29,170.0,161.0
2012-07-02,161.3,156.9
2012-07-03,161.4,156.4
2012-07-04,164.2,160.9
2012-07-05,173.8,176.4
2012-07-06,180.4,181.6
2012-07-09,188.2,182.4
2012-07-10,188.1,173.0
2012-07-11,189.8,168.6
2012-07-12,191.6,169.4
2012-07-13,193.8,171.3
2012-07-16,198.5,181.8
2012-07-17,195.4,174.9
2012-07-18,200.2,187.6
2012-07-19,193.5,187.1
2012-07-20,204.9,192.7
2012-07-23,207.1,194.8
2012-07-24,212.5,194.1
2012-07-25,213.6,193.0
2012-07-26,191.1,179.0
2012-07-27,184.7,176.1
2012-07-30,193.1,172.3
2012-07-31,193.9,180.0
2012-08-01,193.5,172.4
2012-08-02,189.9,178.4
2012-08-03,185.6,183.1
2012-08-06,178.0,168.5
2012-08-07,174.8,165.7
2012-08-08,178.8,167.8
2012-08-09,178.5,167.1
2012-08-10,183.3,173.3
2012-08-13,182.0,167.9
2012-08-14,181.4,167.6
2012-08-15,178.8,164.1
2012-08-16,177.6,162.1
2012-08-17,172.9,166.0
2012-08-20,169.5,163.4
2012-08-21,165.4,159.5
2012-08-22,167.8,160.8
2012-08-23,172.9,165.3
2012-08-24,175.1,168.9
2012-08-27,173.1,166.6
2012-08-28,174.9,168.5
2012-08-29,182.3,169.6
2012-08-30,186.2,173.7
2012-08-31,179.7,172.4
2012-09-03,184.7,176.3
2012-09-04,187.2,182.3
2012-09-05,182.1,175.3
2012-09-06,163.7,154.7
2012-09-07,160.1,154.2
2012-09-10,161.2,154.0
2012-09-11,157.9,158.9
2012-09-12,141.4,134.8
2012-09-13,152.0,148.0
2012-09-14,150.5,136.8
2012-09-17,157.0,147.1
2012-09-18,155.3,142.8
2012-09-19,147.2,134.6
2012-09-20,148.9,135.4
2012-09-21,149.3,133.5
2012-09-24,148.7,133.6
2012-09-25,151.3,135.8
2012-09-26,161.7,146.7
2012-09-27,162.3,147.3
2012-09-28,161.3,146.6
2012-10-01,154.6,143.3
2012-10-02,151.7,141.3
2012-10-03,152.6,142.7
2012-10-04,151.9,140.6
2012-10-05,143.9,136.3
2012-10-08,146.0,137.7
2012-10-09,147.0,139.0
2012-10-10,148.5,138.7
2012-10-11,148.0,138.8
2012-10-12,144.8,132.7
2012-10-15,145.2,133.9
2012-10-16,140.4,132.5
2012-10-17,131.1,125.3
2012-10-18,122.9,121.8
2012-10-19,122.0,121.2
2012-10-22,122.8,120.9
2012-10-23,127.5,124.7
2012-10-24,131.2,125.5
2012-10-25,130.6,123.7
2012-10-26,128.8,126.9
2012-10-29,135.8,131.5
2012-10-30,137.3,132.2
2012-10-31,132.2,128.5
2012-11-01,129.1,127.1
2012-11-02,131.7,129.5
2012-11-05,138.3,136.5
2012-11-06,133.4,132.3
2012-11-07,136.7,134.6
2012-11-08,142.1,138.3
2012-11-09,143.6,140.3
2012-11-12,143.2,139.8
2012-11-13,145.5,142.5
2012-11-14,143.1,139.9
2012-11-15,142.4,141.0
2012-11-16,142.2,140.3
2012-11-19,142.0,139.6
2012-11-20,140.3,137.9
2012-11-21,135.6,133.1
2012-11-22,133.7,131.2
2012-11-23,132.4,130.1
2012-11-26,138.0,130.1
2012-11-27,136.0,129.0
2012-11-28,132.8,130.1
2012-11-29,130.2,127.5
2012-11-30,131.4,127.0
2012-12-03,128.0,122.2
2012-12-04,127.3,123.3
2012-12-05,132.1,127.2
2012-12-06,137.6,132.8
2012-12-07,142.3,134.9
2012-12-10,150.9,142.9
2012-12-11,149.1,140.1
2012-12-12,146.9,138.6
2012-12-13,147.2,137.2
2012-12-14,143.6,130.7
2012-12-17,142.4,129.6
2012-12-18,135.4,126.4
2012-12-19,130.7,122.9
2012-12-20,130.3,123.2
2012-12-21,132.9,126.1
2012-12-24,131.8,126.2
2012-12-27,132.7,127.4
2012-12-28,133.6,128.5
2012-12-31,133.6,128.4
2013-01-02,127.4,119.8
2013-01-03,122.5,118.1
2013-01-04,120.2,116.1
2013-01-07,122.1,117.9
2013-01-08,121.5,118.6
2013-01-09,121.7,119.2
2013-01-10,106.2,109.9
2013-01-11,104.3,106.8
2013-01-14,113.2,115.1
2013-01-15,110.7,114.4
2013-01-16,111.2,116.0
2013-01-17,106.4,114.1
2013-01-18,111.8,117.7
2013-01-21,110.7,116.8
2013-01-22,112.3,116.0
2013-01-23,114.8,118.4
2013-01-24,113.0,117.6
2013-01-25,106.7,113.5
2013-01-28,105.3,112.6
2013-01-29,102.6,109.9
2013-01-30,102.2,108.9
2013-01-31,108.5,112.7
2013-02-01,110.6,113.8
2013-02-04,122.3,121.1
2013-02-05,117.1,118.7
2013-02-06,119.8,122.1
2013-02-07,118.3,119.8
2013-02-08,117.4,117.4
2013-02-11,122.0,122.1
2013-02-12,117.0,116.4
2013-02-13,102.6,106.7
2013-02-14,105.2,109.5
2013-02-15,105.9,109.2
2013-02-18,106.2,108.7
2013-02-19,104.9,107.3
2013-02-20,106.2,107.4
2013-02-21,114.6,115.2
2013-02-22,114.0,114.6
2013-02-25,100.9,104.1
2013-02-26,132.7,126.7
2013-02-27,136.5,131.1
2013-02-28,129.4,125.6
2013-03-01,135.3,133.4
2013-03-04,133.2,130.2
2013-03-05,134.7,129.1
2013-03-06,127.6,126.1
2013-03-07,124.3,124.2
2013-03-08,122.1,121.1
2013-03-11,124.8,122.5
2013-03-12,124.1,121.4
2013-03-13,125.9,123.2
2013-03-14,125.7,122.4
2013-03-15,129.5,124.6
2013-03-18,132.5,128.7
2013-03-19,133.3,128.5
2013-03-20,129.6,126.4
2013-03-21,128.5,127.1
2013-03-22,128.1,125.7
2013-03-25,134.5,129.4
2013-03-26,132.4,129.1
2013-03-27,141.9,137.1
2013-03-28,143.0,137.5
2013-04-02,138.6,137.8
2013-04-03,137.9,138.2
2013-04-04,134.6,137.1
2013-04-05,133.8,139.2
2013-04-08,128.5,131.8
2013-04-09,128.3,130.0
2013-04-10,127.6,129.9
2013-04-11,127.5,126.6
2013-04-12,128.0,128.2
2013-04-15,127.2,126.4
2013-04-16,125.1,120.7
2013-04-17,122.3,116.0
2013-04-18,124.5,119.6
2013-04-19,122.9,117.6
2013-04-22,121.3,122.9
2013-04-23,108.8,111.6
2013-04-24,118.7,118.1
2013-04-25,122.9,123.1
2013-04-26,119.4,120.9
2013-04-29,114.3,118.3
2013-04-30,104.2,114.5
2013-05-02,105.1,112.6
2013-05-03,100.3,105.0
2013-05-06,104.9,108.5
2013-05-07,100.5,105.1
2013-05-08,101.2,105.0
2013-05-09,105.4,110.2
2013-05-10,102.1,107.6
2013-05-13,104.6,106.8
2013-05-14,107.7,109.0
2013-05-15,111.9,113.1
2013-05-16,104.9,108.5
2013-05-17,103.5,107.4
2013-05-20,100.4,106.5
2013-05-21,100.4,103.8
2013-05-22,102.0,107.1
2013-05-23,111.1,110.4
2013-05-24,116.4,114.6
2013-05-27,107.8,109.3
2013-05-28,104.4,104.8
2013-05-29,109.0,107.1
2013-05-30,105.8,106.0
2013-05-31,107.8,109.2
2013-06-03,113.3,112.5
2013-06-04,105.9,108.8
2013-06-05,106.8,110.6
2013-06-06,111.0,113.7
2013-06-07,116.7,115.6
2013-06-10,112.5,116.1
2013-06-11,122.0,114.4
2013-06-12,120.4,115.6
2013-06-13,124.9,119.2
2013-06-14,124.2,118.9
2013-06-17,115.6,114.9
2013-06-18,118.1,119.1
2013-06-19,118.3,115.7
2013-06-20,113.8,113.7
2013-06-21,115.4,113.0
2013-06-24,120.3,113.0
2013-06-25,124.8,116.5
2013-06-26,123.2,115.0
2013-06-27,111.7,111.0
2013-06-28,113.6,109.4
2013-07-01,110.7,106.9
2013-07-02,110.8,106.8
2013-07-03,113.7,109.9
2013-07-04,114.9,107.2
2013-07-05,110.1,99.8
2013-07-08,110.8,100.6
2013-07-09,112.7,103.7
2013-07-10,116.2,108.3
2013-07-11,117.6,112.8
2013-07-12,108.4,103.0
2013-07-15,114.9,114.4
2013-07-16,114.6,113.7
2013-07-17,115.6,114.6
2013-07-18,111.8,117.0
2013-07-19,113.8,118.3
2013-07-22,116.5,121.9
2013-07-23,114.0,119.9
2013-07-24,107.6,114.2
2013-07-25,108.0,113.8
2013-07-26,109.0,114.8
2013-07-29,110.1,117.5
2013-07-30,112.8,125.0
2013-07-31,116.6,127.2
2013-08-01,116.9,123.0
2013-08-02,114.7,120.6
2013-08-05,111.2,116.6
2013-08-06,109.1,112.5
2013-08-07,100.8,107.4
2013-08-08,101.7,106.3
2013-08-09,97.9,103.8
2013-08-12,97.0,103.1
2013-08-13,87.9,93.9
2013-08-14,89.7,95.8
2013-08-15,90.1,95.1
2013-08-16,98.1,98.8
2013-08-19,99.6,98.7
2013-08-20,107.2,105.5
2013-08-21,100.7,100.9
2013-08-22,90.2,92.4
2013-08-23,88.0,90.5
2013-08-26,94.4,97.0
2013-08-27,107.1,105.7
2013-08-28,94.5,96.8
2013-08-29,96.4,96.9
2013-08-30,94.0,98.3
2013-09-02,90.0,92.4
2013-09-03,89.4,91.6
2013-09-04,90.8,93.4
2013-09-05,90.3,93.6
2013-09-06,91.1,93.4
2013-09-09,92.3,95.8
2013-09-10,90.6,92.8
2013-09-11,90.1,91.7
2013-09-12,93.3,93.8
2013-09-13,94.2,97.5
2013-09-16,93.6,98.2
2013-09-17,87.1,91.0
2013-09-18,85.6,89.1
2013-09-19,86.6,89.3
2013-09-20,85.1,88.5
2013-09-23,83.4,89.0
2013-09-24,85.3,90.1
2013-09-25,86.5,91.2
2013-09-26,88.4,93.3
2013-09-27,92.0,96.8
2013-09-30,91.7,96.9
2013-10-01,88.5,94.9
2013-10-02,86.1,90.7
2013-10-03,87.3,91.3
2013-10-04,82.6,87.9
2013-10-07,85.1,88.9
2013-10-08,86.0,89.8
2013-10-09,86.4,90.5
2013-10-10,84.5,87.4
2013-10-11,85.3,88.3
2013-10-14,83.8,86.8
2013-10-15,82.2,86.6
2013-10-16,79.3,84.6
2013-10-17,80.4,86.2
2013-10-18,80.9,87.6
2013-10-21,81.6,86.9
2013-10-22,80.0,86.5
2013-10-23,78.5,86.6
2013-10-24,78.7,87.9
2013-10-25,81.9,91.4
2013-10-28,79.8,87.8
2013-10-29,76.5,84.8
2013-10-30,79.0,87.4
2013-10-31,79.4,87.6
2013-11-01,79.0,85.1
2013-11-04,78.7,85.6
2013-11-05,78.6,85.5
2013-11-06,77.9,84.7
2013-11-07,78.4,85.5
2013-11-08,76.7,84.8
2013-11-11,76.3,84.1
2013-11-12,76.5,84.2
2013-11-13,75.7,84.6
2013-11-14,74.1,84.3
2013-11-15,74.4,85.0
2013-11-18,75.1,87.4
2013-11-19,74.0,86.3
2013-11-20,74.9,85.8
2013-11-21,74.9,84.6
2013-11-22,73.2,84.8
2013-11-25,73.5,86.5
2013-11-26,73.0,86.4
2013-11-27,73.1,86.2
2013-11-28,74.1,86.9
2013-11-29,74.5,86.1
2013-12-02,74.4,84.9
2013-12-03,73.7,84.2
2013-12-04,74.2,83.7
2013-12-05,74.9,83.8
2013-12-06,73.1,82.5
2013-12-09,71.7,82.1
2013-12-10,68.9,80.3
2013-12-11,67.2,76.6
2013-12-12,68.8,79.7
2013-12-13,68.8,79.8
2013-12-16,68.7,81.0
2013-12-17,68.9,81.2
2013-12-18,72.8,83.3
2013-12-19,73.1,82.4
2013-12-20,73.2,83.0
2013-12-23,77.4,85.1
2013-12-24,77.9,85.0
2013-12-27,76.1,82.0
2013-12-30,73.4,80.8
2013-12-31,74.0,80.7
2014-01-02,65.8,75.4
2014-01-03,60.7,72.0
2014-01-06,61.7,73.6
2014-01-07,59.6,72.6
2014-01-08,58.3,71.3
2014-01-09,59.7,72.5
2014-01-10,63.0,75.3
2014-01-13,63.5,76.4
2014-01-14,64.4,77.5
2014-01-15,62.5,75.4
2014-01-16,61.6,75.2
2014-01-17,61.2,73.9
2014-01-20,63.0,75.2
2014-01-21,67.9,78.1
2014-01-22,67.1,76.8
2014-01-23,68.2,79.1
2014-01-24,74.7,85.2
2014-01-27,73.9,85.5
2014-01-28,65.4,79.2
2014-01-29,66.5,80.6
2014-01-30,67.3,77.9
2014-01-31,66.0,78.1
2014-02-03,68.7,81.8
2014-02-04,66.7,80.3
2014-02-05,66.2,80.8
2014-02-06,65.2,79.2
2014-02-07,64.5,76.0
2014-02-10,63.5,75.1
2014-02-11,65.3,74.8
2014-02-12,66.1,74.3
2014-02-13,67.3,76.5
2014-02-14,64.8,74.2
2014-02-17,63.4,72.3
2014-02-18,62.7,72.3
2014-02-19,63.4,73.6
2014-02-20,63.5,73.8
2014-02-21,62.7,73.5
2014-02-24,63.4,73.7
2014-02-25,63.4,74.5
2014-02-26,66.4,76.0
2014-02-27,62.8,76.0
2014-02-28,60.3,73.5
2014-03-03,61.0,75.1
2014-03-04,57.0,69.6
2014-03-05,54.4,67.5
2014-03-06,52.9,66.5
2014-03-07,54.6,67.9
2014-03-10,58.5,70.8
2014-03-11,57.3,71.0
2014-03-12,56.9,72.3
2014-03-13,56.1,70.7
2014-03-14,57.0,71.4
2014-03-17,56.1,70.9
2014-03-18,58.3,71.6
2014-03-19,60.7,74.4
2014-03-20,60.2,73.6
2014-03-21,59.4,73.4
2014-03-24,62.4,78.1
2014-03-25,62.8,76.2
2014-03-26,60.2,76.3
2014-03-27,59.6,75.6
2014-03-28,59.3,74.8
2014-03-31,57.8,73.5
2014-04-01,58.0,73.5
2014-04-02,56.6,72.2
2014-04-03,55.2,71.0
2014-04-04,52.0,70.6
2014-04-07,52.3,71.8
2014-04-08,53.4,72.1
2014-04-09,51.2,70.8
2014-04-10,51.8,71.6
2014-04-11,55.3,74.6
2014-04-14,53.7,73.1
2014-04-15,51.8,71.3
2014-04-16,51.6,71.1
2014-04-17,52.7,70.5
2014-04-22,51.6,68.9
2014-04-23,50.8,67.9
2014-04-24,52.4,69.1
2014-04-25,51.2,69.6
2014-04-28,49.7,69.1
2014-04-29,50.3,68.7
2014-04-30,49.2,69.5
2014-05-02,50.4,68.1
2014-05-05,48.0,68.2
2014-05-06,46.8,65.2
2014-05-07,46.0,65.7
2014-05-08,45.4,64.7
2014-05-09,45.0,63.7
2014-05-12,50.8,65.9
2014-05-13,50.6,65.0
2014-05-14,52.4,66.9
2014-05-15,58.9,73.3
2014-05-16,53.0,73.8
2014-05-19,55.2,75.6
2014-05-20,64.1,79.9
2014-05-21,59.9,76.2
2014-05-22,63.3,78.2
2014-05-23,61.7,75.7
2014-05-26,54.9,72.2
2014-05-27,54.8,71.2
2014-05-28,53.1,71.2
2014-05-29,53.3,71.6
2014-05-30,52.7,70.3
2014-06-02,49.9,68.7
2014-06-03,49.7,67.0
2014-06-04,51.2,67.0
2014-06-05,46.6,65.8
2014-06-06,39.5,61.7
2014-06-09,37.8,59.0
2014-06-10,39.6,58.8
2014-06-11,42.5,59.4
2014-06-12,43.3,61.5
2014-06-13,41.3,61.4
2014-06-16,44.9,61.7
2014-06-17,47.9,63.0
2014-06-18,48.6,64.8
2014-06-19,45.9,64.1
2014-06-20,46.5,64.1
2014-06-23,46.2,65.0
2014-06-24,41.6,61.1
2014-06-25,42.2,62.9
2014-06-26,41.7,63.8
2014-06-27,43.3,64.3
2014-06-30,43.0,65.2
2014-07-01,43.2,65.0
2014-07-02,45.3,66.6
2014-07-03,42.5,64.6
2014-07-04,41.4,65.7
2014-07-07,41.4,66.0
2014-07-08,45.0,69.0
2014-07-09,45.5,71.1
2014-07-10,49.2,74.8
2014-07-11,47.0,73.3
2014-07-14,46.9,71.7
2014-07-15,46.2,71.4
2014-07-16,44.3,69.0
2014-07-17,43.6,69.3
2014-07-18,43.5,70.0
2014-07-21,41.6,69.1
2014-07-22,39.9,65.3
2014-07-23,39.8,65.5
2014-07-24,39.4,64.2
2014-07-25,38.2,64.1
2014-07-28,37.4,63.5
2014-07-29,36.9,63.5
2014-07-30,36.9,62.0
2014-07-31,39.8,62.4
2014-08-01,42.9,65.9
2014-08-04,42.0,64.9
2014-08-05,42.1,64.4
2014-08-06,47.2,70.2
2014-08-07,47.0,70.3
2014-08-08,46.2,70.8
2014-08-11,43.8,69.5
2014-08-12,42.1,67.2
2014-08-13,43.2,68.1
2014-08-14,40.6,67.0
2014-08-15,38.0,63.8
2014-08-18,40.7,65.0
2014-08-19,40.7,67.4
2014-08-20,39.8,66.4
2014-08-21,39.8,66.5
2014-08-22,38.3,66.7
2014-08-25,35.2,63.4
2014-08-26,34.2,62.5
2014-08-27,34.5,61.1
2014-08-28,38.4,65.0
2014-08-29,36.9,62.0
2014-09-01,38.8,65.4
2014-09-02,36.7,61.8
2014-09-03,37.0,61.5
2014-09-04,32.0,55.1
2014-09-05,28.8,52.5
2014-09-08,29.5,53.0
2014-09-09,32.0,55.3
2014-09-10,34.1,56.9
2014-09-11,35.1,57.5
2014-09-12,38.2,60.0
2014-09-15,39.0,63.1
2014-09-16,39.2,63.9
2014-09-17,35.8,59.1
2014-09-18,35.3,57.7
2014-09-19,32.7,53.9
2014-09-22,34.1,57.7
2014-09-23,34.6,60.2
2014-09-24,32.8,56.6
2014-09-25,34.1,59.7
2014-09-26,35.8,61.0
2014-09-29,38.3,64.0
2014-09-30,36.1,62.3
2014-10-01,35.5,61.9
2014-10-02,36.3,62.6
2014-10-03,34.8,61.0
2014-10-06,35.9,62.0
2014-10-07,37.5,63.1
2014-10-08,36.6,62.9
2014-10-09,36.7,61.3
2014-10-10,36.2,62.1
2014-10-13,36.9,63.0
2014-10-14,37.0,63.8
2014-10-15,42.3,70.3
2014-10-16,46.4,70.0
2014-10-17,41.6,70.1
2014-10-20,46.0,74.5
2014-10-21,42.8,72.1
2014-10-22,41.7,71.0
2014-10-23,44.0,72.1
2014-10-24,42.3,70.9
2014-10-27,44.4,72.3
2014-10-28,42.0,67.6
2014-10-29,40.5,66.5
2014-10-30,42.9,67.8
2014-10-31,39.5,63.8
2014-11-03,42.0,64.8
2014-11-04,42.9,66.0
2014-11-05,45.4,68.4
2014-11-06,43.3,66.8
2014-11-07,43.6,67.3
2014-11-10,42.5,66.5
2014-11-11,40.9,65.3
2014-11-12,41.6,66.2
2014-11-13,42.3,67.2
2014-11-14,42.0,67.0
2014-11-17,41.2,66.7
2014-11-18,40.0,65.4
2014-11-19,38.3,64.5
2014-11-20,38.3,64.8
2014-11-21,36.6,63.7
2014-11-24,34.3,61.0
2014-11-25,34.1,61.0
2014-11-26,35.0,61.7
2014-11-27,34.8,60.1
2014-11-28,33.8,57.5
2014-12-01,32.7,55.1
2014-12-02,31.6,53.8
2014-12-03,31.2,52.7
2014-12-04,31.6,54.6
2014-12-05,29.6,50.4
2014-12-08,31.6,53.8
2014-12-09,34.0,55.6
2014-12-10,36.2,58.7
2014-12-11,37.3,58.9
2014-12-12,39.1,59.8
2014-12-15,39.3,58.4
2014-12-16,42.1,63.2
2014-12-17,41.2,60.5
2014-12-18,37.2,56.7
2014-12-19,38.0,57.2
2014-12-22,37.3,56.5
2014-12-23,37.2,56.3
2014-12-24,37.3,56.3
2014-12-29,38.8,60.0
2014-12-30,37.6,57.9
2014-12-31,37.5,58.0
2015-01-02,33.8,54.7
2015-01-05,35.6,57.3
2015-01-06,37.4,58.9
2015-01-07,41.5,62.4
2015-01-08,41.1,61.2
2015-01-09,41.5,62.6
2015-01-12,40.2,61.4
2015-01-13,39.2,58.0
2015-01-14,39.1,59.4
2015-01-15,40.9,59.2
2015-01-16,37.7,55.1
2015-01-19,36.6,54.1
2015-01-20,36.4,53.9
2015-01-21,34.8,53.0
2015-01-22,33.2,47.6
2015-01-23,35.6,51.6
2015-01-26,34.7,50.7
2015-01-27,35.6,51.0
2015-01-28,36.2,52.9
2015-01-29,38.4,52.9
2015-01-30,35.9,54.8
2015-02-02,37.7,56.4
2015-02-03,37.6,55.2
2015-02-04,36.6,53.5
2015-02-05,36.0,53.0
2015-02-06,36.8,54.0
2015-02-09,39.1,57.1
2015-02-10,39.0,56.6
2015-02-11,40.0,57.9
2015-02-12,39.9,60.2
2015-02-13,39.3,58.2
2015-02-16,41.4,61.9
2015-02-17,40.3,61.4
2015-02-18,42.9,60.7
2015-02-19,42.7,59.9
2015-02-20,40.1,60.0
2015-02-23,36.4,54.6
2015-02-24,36.3,52.7
2015-02-25,36.7,54.0
2015-02-26,34.5,51.2
2015-02-27,32.2,49.9
2015-03-02,31.3,49.0
2015-03-03,32.1,49.9
2015-03-04,33.4,50.4
2015-03-05,30.3,48.3
2015-03-06,27.9,45.1
2015-03-09,29.5,47.4
2015-03-10,25.2,45.4
2015-03-11,28.5,46.2
2015-03-12,28.0,43.3
2015-03-13,28.0,43.5
2015-03-16,27.6,42.8
2015-03-17,29.5,45.5
2015-03-18,35.1,52.3
2015-03-19,33.6,51.0
2015-03-20,32.2,50.2
2015-03-23,32.4,50.7
2015-03-24,32.3,50.9
2015-03-25,32.5,51.4
2015-03-26,34.2,51.7
2015-03-27,33.9,53.0
2015-03-30,33.7,52.2
2015-03-31,30.5,50.4
2015-04-01,32.6,51.0
2015-04-02,31.9,50.1
2015-04-07,31.0,47.6
2015-04-08,31.0,48.6
2015-04-09,32.5,51.1
2015-04-10,32.4,51.8
2015-04-13,33.4,52.5
2015-04-14,33.7,54.7
2015-04-15,34.4,56.2
2015-04-16,34.8,59.3
2015-04-17,38.7,65.2
2015-04-20,36.3,63.8
2015-04-21,36.7,63.6
2015-04-22,33.3,58.4
2015-04-23,31.5,55.8
2015-04-24,31.3,57.3
2015-04-27,30.3,55.1
2015-04-28,30.9,55.5
2015-04-29,31.9,56.6
2015-04-30,29.7,54.4
2015-05-04,28.5,52.6
2015-05-05,33.3,60.5
2015-05-06,36.0,62.2
2015-05-07,33.3,58.3
2015-05-08,33.0,56.6
2015-05-11,33.0,56.8
2015-05-12,33.2,56.6
2015-05-13,32.7,56.4
2015-05-14,32.6,55.5
2015-05-15,32.0,55.2
2015-05-18,34.1,58.9
2015-05-19,33.0,58.6
2015-05-20,33.0,58.4
2015-05-21,34.5,57.8
2015-05-22,35.0,58.5
2015-05-25,34.4,58.4
2015-05-26,38.3,63.2
2015-05-27,38.3,62.0
2015-05-28,39.2,63.3
2015-05-29,40.6,64.4
2015-06-01,41.3,67.6
2015-06-02,42.4,68.3
2015-06-03,38.5,63.6
2015-06-04,39.0,63.3
2015-06-05,42.3,67.4
2015-06-08,43.1,68.4
2015-06-09,41.7,67.1
2015-06-10,42.5,67.8
2015-06-11,42.0,63.0
2015-06-12,48.7,73.7
2015-06-15,55.1,80.6
2015-06-16,55.9,76.2
2015-06-17,53.6,75.1
2015-06-18,51.8,73.5
2015-06-19,51.6,76.0
2015-06-22,44.1,64.5
2015-06-23,40.9,60.9
2015-06-24,43.4,65.6
2015-06-25,41.9,63.8
2015-06-26,40.1,62.2
2015-06-29,51.1,73.6
2015-06-30,51.1,74.1
2015-07-01,48.6,68.0
2015-07-02,51.6,71.2
2015-07-03,53.0,73.3
2015-07-06,55.9,75.3
2015-07-07,56.3,78.2
2015-07-08,53.2,74.6
2015-07-09,50.0,71.3
2015-07-10,44.0,65.0
2015-07-13,42.1,65.3
2015-07-14,41.8,63.5
2015-07-15,41.9,61.2
2015-07-16,39.3,58.9
2015-07-17,38.3,59.8
2015-07-20,36.8,58.8
2015-07-21,38.2,60.9
2015-07-22,38.9,61.9
2015-07-23,37.9,59.9
2015-07-24,38.6,61.1
2015-07-27,40.6,62.4
2015-07-28,38.4,62.1
2015-07-29,39.0,62.9
2015-07-30,39.3,63.5
2015-07-31,37.5,62.3
2015-08-03,38.9,62.8
2015-08-04,38.0,62.1
2015-08-05,38.6,61.3
2015-08-06,37.9,63.1
2015-08-07,38.5,64.4
2015-08-10,38.2,62.9
2015-08-11,37.8,63.1
2015-08-12,38.8,64.6
2015-08-13,39.2,63.2
2015-08-14,38.8,64.2
2015-08-17,37.8,62.0
2015-08-18,39.0,63.0
2015-08-19,39.7,63.6
2015-08-20,39.8,65.1
2015-08-21,42.6,68.2
2015-08-24,44.8,71.4
2015-08-25,41.8,67.5
2015-08-26,43.1,70.0
2015-08-27,41.3,63.9
2015-08-28,40.9,64.6
2015-08-31,40.1,64.2
2015-09-01,38.9,63.0
2015-09-02,39.6,64.0
2015-09-03,40.2,65.1
2015-09-04,39.0,66.2
2015-09-07,39.8,68.0
2015-09-08,37.5,64.1
2015-09-09,38.0,62.4
2015-09-10,38.3,63.2
2015-09-11,40.1,65.4
2015-09-14,40.6,65.6
2015-09-15,39.2,62.4
2015-09-16,39.1,61.8
2015-09-17,38.4,60.8
2015-09-18,37.5,60.1
2015-09-21,37.6,59.8
2015-09-22,39.4,61.3
2015-09-23,38.7,61.7
2015-09-24,38.7,62.0
2015-09-25,38.7,61.7
2015-09-28,38.5,61.6
2015-09-29,38.7,61.4
2015-09-30,39.9,60.0
2015-10-01,40.2,60.2
2015-10-02,38.2,60.2
2015-10-05,36.8,58.2
2015-10-06,36.7,57.9
2015-10-07,36.6,58.3
2015-10-08,36.8,58.5
2015-10-09,36.5,57.8
2015-10-12,37.3,58.4
2015-10-13,37.4,57.5
2015-10-14,37.8,58.2
2015-10-15,37.7,59.0
2015-10-16,36.6,57.9
2015-10-19,36.1,55.6
2015-10-20,35.8,54.8
2015-10-21,35.1,55.9
2015-10-22,37.0,58.3
2015-10-23,32.6,54.4
2015-10-26,31.4,52.6
2015-10-27,31.0,52.5
2015-10-28,30.7,51.3
2015-10-29,30.6,50.9
2015-10-30,30.4,51.7
2015-11-02,31.7,52.5
2015-11-03,31.4,51.7
2015-11-04,31.2,50.8
2015-11-05,31.9,51.9
2015-11-06,32.2,52.5
2015-11-09,34.1,53.4
2015-11-10,32.9,52.4
2015-11-11,31.6,50.6
2015-11-12,30.7,49.4
2015-11-13,30.6,51.0
2015-11-16,32.5,52.5
2015-11-17,31.8,51.8
2015-11-18,31.5,51.0
2015-11-19,31.7,51.0
2015-11-20,31.1,50.6
2015-11-23,31.6,50.1
2015-11-24,30.7,50.0
2015-11-25,29.0,48.9
2015-11-26,29.2,48.2
2015-11-27,29.2,47.4
2015-11-30,29.6,47.0
2015-12-01,29.7,46.7
2015-12-02,29.2,45.4
2015-12-03,30.0,46.6
2015-12-04,29.3,46.2
2015-12-07,28.6,45.9
2015-12-08,28.3,45.7
2015-12-09,29.1,44.9
2015-12-10,29.2,46.3
2015-12-11,30.7,47.6
2015-12-14,32.0,49.5
2015-12-15,32.4,49.4
2015-12-16,31.8,48.8
2015-12-17,31.6,48.9
2015-12-18,31.1,49.7
2015-12-21,32.6,51.5
2015-12-22,31.7,50.7
2015-12-23,31.4,50.3
2015-12-28,30.1,50.2
2015-12-29,29.2,50.0
2015-12-30,29.2,49.1
2016-01-04,29.6,49.2
2016-01-05,28.9,48.3
2016-01-06,29.1,48.8
2016-01-07,30.3,50.0
2016-01-08,29.7,49.8
2016-01-11,30.5,51.3
2016-01-12,31.1,52.3
2016-01-13,31.3,51.8
2016-01-14,32.2,51.8
2016-01-15,32.8,52.1
2016-01-18,33.5,52.8
2016-01-19,33.9,51.8
2016-01-20,36.1,57.0
2016-01-21,35.7,55.4
2016-01-22,34.9,54.2
2016-01-25,35.1,55.0
2016-01-26,34.2,53.6
2016-01-27,34.1,53.3
2016-01-28,34.5,54.1
2016-01-29,34.2,54.1
2016-02-01,34.6,55.2
2016-02-02,35.3,56.8
2016-02-03,35.5,57.1
2016-02-04,36.7,59.0
2016-02-05,36.8,59.0
2016-02-08,42.6,66.3
2016-02-09,44.1,69.0
2016-02-10,42.2,66.2
2016-02-11,45.5,70.9
2016-02-12,44.4,67.9
2016-02-15,41.8,64.5
2016-02-16,43.2,65.7
2016-02-17,41.9,63.8
2016-02-18,41.8,62.6
2016-02-19,43.1,65.8
2016-02-22,41.6,64.2
2016-02-23,40.7,63.2
2016-02-24,42.2,65.5
2016-02-25,42.4,65.4
2016-02-26,41.9,64.1
2016-02-29,41.6,64.5
2016-03-01,38.2,62.6
2016-03-02,38.2,62.1
2016-03-03,38.7,60.8
2016-03-04,38.3,61.1
2016-03-07,38.2,60.2
2016-03-08,38.3,61.6
2016-03-09,36.8,58.9
2016-03-10,35.0,54.9
2016-03-11,31.5,53.8
2016-03-14,30.8,53.0
2016-03-15,30.9,53.2
2016-03-16,31.5,53.4
2016-03-17,31.7,53.3
2016-03-18,31.5,53.8
2016-03-21,32.0,53.7
2016-03-22,31.8,52.3
2016-03-23,33.0,53.8
2016-03-24,33.5,54.8
2016-03-29,33.0,53.8
2016-03-30,32.9,52.8
2016-03-31,32.6,52.5
2016-04-01,33.1,53.7
2016-04-04,33.6,54.8
2016-04-05,35.7,57.3
2016-04-06,36.7,57.1
2016-04-07,40.0,61.0
2016-04-08,38.6,58.8
2016-04-11,38.0,58.3
2016-04-12,40.9,62.9
2016-04-13,40.9,60.7
2016-04-14,41.1,61.7
2016-04-15,40.9,62.9
2016-04-18,40.1,62.4
2016-04-19,40.5,62.9
2016-04-20,40.7,63.6
2016-04-21,39.9,62.6
2016-04-22,39.3,63.1
2016-04-25,40.6,64.0
2016-04-26,39.3,62.8
2016-04-27,38.7,62.0
2016-04-28,39.3,62.3
2016-04-29,38.2,62.7
2016-05-02,37.0,61.5
2016-05-03,39.0,63.4
2016-05-04,39.4,63.8
2016-05-05,41.6,65.8
2016-05-06,41.6,66.4
2016-05-09,41.5,67.2
2016-05-10,40.8,67.2
2016-05-11,41.5,69.3
2016-05-12,42.9,69.6
2016-05-13,41.0,67.2
2016-05-16,41.0,67.0
2016-05-17,40.2,65.7
2016-05-18,40.0,65.0
2016-05-19,40.5,65.9
2016-05-20,40.0,64.7
2016-05-23,39.8,64.4
2016-05-24,38.9,63.1
2016-05-25,38.3,61.3
2016-05-26,37.8,61.6
2016-05-27,38.6,62.6
2016-05-30,37.7,61.2
2016-05-31,37.2,60.8
2016-06-01,38.6,63.2
2016-06-02,38.5,63.6
2016-06-03,39.3,64.6
2016-06-06,39.2,64.1
2016-06-07,40.0,64.9
2016-06-08,38.8,65.0
2016-06-09,38.8,64.0
2016-06-10,41.5,66.8
2016-06-13,42.9,68.4
2016-06-14,46.3,72.0
2016-06-15,46.6,72.1
2016-06-16,51.0,76.7
2016-06-17,48.1,71.5
2016-06-20,43.3,66.0
2016-06-21,44.0,67.3
2016-06-22,41.5,65.3
2016-06-23,41.2,63.4
2016-06-24,50.6,74.9
2016-06-27,49.0,73.1
2016-06-28,45.4,68.1
2016-06-29,43.8,67.1
2016-06-30,42.1,66.7
2016-07-01,39.0,61.9
2016-07-04,40.0,62.4
2016-07-05,41.6,64.2
2016-07-06,41.4,63.5
2016-07-07,42.5,63.6
2016-07-08,41.7,62.5
2016-07-11,42.2,63.6
2016-07-12,39.9,60.1
2016-07-13,40.5,60.3
2016-07-14,39.6,58.9
2016-07-15,39.5,59.8
2016-07-18,40.0,61.3
2016-07-19,38.7,59.5
2016-07-20,38.7,59.9
2016-07-21,37.5,59.3
2016-07-22,37.8,60.2
2016-07-25,37.4,61.0
2016-07-26,37.4,60.8
2016-07-27,38.0,61.0
2016-07-28,38.0,62.0
2016-07-29,38.6,62.0
2016-08-01,38.4,60.9
2016-08-02,37.7,59.2
2016-08-03,38.3,59.9
2016-08-04,38.8,60.0
2016-08-05,37.7,58.2
2016-08-08,36.8,56.6
2016-08-09,36.7,56.4
2016-08-10,36.8,56.1
2016-08-11,36.1,54.8
2016-08-12,36.4,55.7
2016-08-15,35.3,55.1
2016-08-16,35.3,54.9
2016-08-17,35.5,55.5
2016-08-18,35.7,54.3
2016-08-19,35.6,55.8
2016-08-22,35.9,56.2
2016-08-23,35.5,57.6
2016-08-24,35.5,57.5
2016-08-25,34.7,56.8
2016-08-26,35.0,57.1
2016-08-29,34.6,57.2
2016-08-30,35.6,57.0
2016-08-31,35.9,57.8
2016-09-01,37.4,57.6
2016-09-02,37.8,57.7
2016-09-05,37.4,55.9
2016-09-06,36.6,55.0
2016-09-07,37.4,55.7
2016-09-08,36.6,56.1
2016-09-09,37.4,56.7
2016-09-12,37.9,56.9
2016-09-13,37.8,57.2
2016-09-14,38.3,57.7
2016-09-15,38.5,57.5
2016-09-16,39.2,59.0
2016-09-19,38.6,57.7
2016-09-20,37.8,56.7
2016-09-21,38.0,57.0
2016-09-22,36.9,56.0
2016-09-23,37.5,58.6
2016-09-26,37.3,58.8
2016-09-27,39.1,61.2
2016-09-28,37.8,59.8
2016-09-29,37.9,60.3
2016-09-30,38.0,60.2
2016-10-03,38.7,59.7
2016-10-04,39.2,60.1
2016-10-05,40.2,60.2
2016-10-06,39.4,60.3
2016-10-07,39.0,59.9
2016-10-10,38.2,58.5
2016-10-11,37.5,57.7
2016-10-12,39.1,59.7
2016-10-13,38.9,58.7
2016-10-14,38.0,57.5
2016-10-17,38.5,57.4
2016-10-18,38.9,58.2
2016-10-19,39.1,58.5
2016-10-20,38.7,58.8
2016-10-21,38.4,59.5
2016-10-24,37.8,58.0
2016-10-25,37.7,58.1
2016-10-26,38.1,58.7
2016-10-27,36.8,58.6
2016-10-28,40.2,60.8
2016-10-31,39.2,60.4
2016-11-01,41.1,62.1
2016-11-02,41.4,61.3
2016-11-03,40.9,61.5
2016-11-04,42.1,63.5
2016-11-07,40.7,63.1
2016-11-08,40.4,62.5
2016-11-09,42.4,64.2
2016-11-10,43.4,66.7
2016-11-11,47.5,69.9
2016-11-14,50.9,72.7
2016-11-15,48.4,69.6
2016-11-16,49.8,70.4
2016-11-17,52.5,73.4
2016-11-18,52.3,73.2
2016-11-21,53.7,74.2
2016-11-22,54.4,73.5
2016-11-23,56.6,76.1
2016-11-24,57.9,75.3
2016-11-25,61.0,78.2
2016-11-28,62.1,79.4
2016-11-29,58.8,73.7
2016-11-30,56.6,71.9
2016-12-01,55.2,70.3
2016-12-02,53.0,67.9
2016-12-05,52.2,68.6
2016-12-06,49.3,66.2
2016-12-07,46.9,63.4
2016-12-08,47.7,63.9
2016-12-09,52.2,68.3
2016-12-12,49.4,65.5
2016-12-13,47.9,64.1
2016-12-14,44.8,60.7
2016-12-15,47.1,61.1
2016-12-16,46.3,64.1
2016-12-19,46.0,62.6
2016-12-20,47.0,63.5
2016-12-21,45.7,62.7
2016-12-22,46.9,65.1
2016-12-23,47.0,64.7
2016-12-27,46.4,65.7
2016-12-28,47.9,66.3
2016-12-29,49.7,67.5
2016-12-30,48.1,67.4
2017-01-02,46.7,65.8
2017-01-03,48.0,66.9
2017-01-04,48.8,67.9
2017-01-05,49.6,71.3
2017-01-06,49.4,73.0
2017-01-09,48.3,69.2
2017-01-10,47.3,69.4
2017-01-11,46.0,67.3
2017-01-12,46.4,68.1
2017-01-13,47.3,69.5
2017-01-16,48.2,70.3
2017-01-17,47.6,70.3
2017-01-18,45.2,68.0
2017-01-19,46.6,70.8
2017-01-20,45.9,71.3
2017-01-23,48.8,70.9
2017-01-24,47.6,69.0
2017-01-25,47.2,69.5
2017-01-26,49.5,73.0
2017-01-27,51.5,75.2
2017-01-30,57.0,79.4
2017-01-31,55.4,78.9
2017-02-01,57.6,80.8
2017-02-02,56.8,79.5
2017-02-03,55.2,80.3
2017-02-06,62.8,88.2
2017-02-07,62.3,86.0
2017-02-08,64.5,87.0
2017-02-09,60.8,81.4
2017-02-10,63.8,84.0
2017-02-13,63.1,83.5
2017-02-14,61.6,81.8
2017-02-15,62.2,81.6
2017-02-16,61.2,80.0
2017-02-17,63.5,83.8
2017-02-20,66.9,86.2
2017-02-21,67.5,84.2
2017-02-22,72.0,88.9
2017-02-23,70.6,87.8
2017-02-24,72.7,89.8
2017-02-27,72.1,87.6
2017-02-28,68.8,84.4
2017-03-01,66.9,82.5
2017-03-02,65.0,82.0
2017-03-03,60.6,80.2
2017-03-06,60.2,80.3
2017-03-07,63.8,82.5
2017-03-08,64.9,84.1
2017-03-09,62.3,81.9
2017-03-10,64.1,82.2
2017-03-13,65.0,83.9
2017-03-14,67.8,86.7
2017-03-15,64.5,85.1
2017-03-16,63.7,84.9
2017-03-17,63.4,86.8
2017-03-20,63.5,87.8
2017-03-21,59.1,84.4
2017-03-22,59.2,84.7
2017-03-23,57.7,82.5
2017-03-24,56.6,82.3
2017-03-27,54.5,81.5
2017-03-28,53.6,79.8
2017-03-29,55.4,80.0
2017-03-30,57.5,80.5
2017-03-31,59.3,80.9
2017-04-03,61.9,82.3
2017-04-04,62.5,83.4
2017-04-05,61.1,82.2
2017-04-06,61.9,82.3
2017-04-07,60.8,81.9
2017-04-10,63.3,84.4
2017-04-11,66.8,86.1
2017-04-12,67.0,86.8
2017-04-13,68.9,87.5
2017-04-18,65.3,85.7
2017-04-19,61.9,84.2
2017-04-20,63.3,82.9
2017-04-21,62.2,82.2
2017-04-24,52.1,72.3
2017-04-25,51.9,72.5
2017-04-26,54.8,75.3
2017-04-27,55.4,75.2
2017-04-28,54.1,73.5
2017-05-02,55.3,74.2
2017-05-03,54.2,73.2
2017-05-04,51.4,69.6
2017-05-05,49.5,65.9
2017-05-08,48.5,65.9
2017-05-09,50.1,67.2
2017-05-10,48.4,67.1
2017-05-11,48.9,68.3
2017-05-12,49.5,70.1
2017-05-15,49.2,68.3
2017-05-16,48.7,66.7
2017-05-17,47.8,67.3
2017-05-18,48.2,67.4
2017-05-19,46.5,65.1
2017-05-22,46.0,66.6
2017-05-23,46.5,64.7
2017-05-24,47.4,64.7
2017-05-25,47.0,65.2
2017-05-26,48.2,64.2
2017-05-29,50.3,66.7
2017-05-30,54.9,69.2
2017-05-31,52.5,66.6
2017-06-01,57.5,75.1
2017-06-02,57.4,76.3
2017-06-05,58.4,76.6
2017-06-06,56.9,74.1
2017-06-07,58.8,76.9
2017-06-08,52.9,71.2
2017-06-09,48.9,63.7
2017-06-12,47.3,62.4
2017-06-13,46.0,63.0
2017-06-14,45.5,62.0
2017-06-15,47.7,66.6
2017-06-16,45.8,62.2
2017-06-19,45.4,61.7
2017-06-20,42.6,60.1
2017-06-21,40.7,59.2
2017-06-22,40.7,59.5
2017-06-23,41.3,59.9
2017-06-26,41.2,59.9
2017-06-27,40.7,61.1
2017-06-28,39.4,58.5
2017-06-29,41.5,59.5
2017-06-30,42.6,62.1
2017-07-03,43.0,61.8
2017-07-04,42.8,60.0
2017-07-05,44.0,59.6
2017-07-06,45.1,65.3
2017-07-07,48.7,64.9
2017-07-10,47.4,63.6
2017-07-11,46.8,63.8
2017-07-12,45.7,61.8
2017-07-13,47.4,62.9
2017-07-14,46.1,61.3
2017-07-17,46.9,61.5
2017-07-18,44.4,59.4
2017-07-19,43.4,59.2
2017-07-20,41.9,57.1
2017-07-21,43.8,58.2
2017-07-24,43.8,57.3
2017-07-25,43.1,57.6
2017-07-26,44.3,59.0
2017-07-27,43.6,58.7
2017-07-28,44.9,59.7
2017-07-31,44.8,59.8
2017-08-01,45.3,60.2
2017-08-02,44.4,59.0
2017-08-03,44.7,59.3
2017-08-04,44.6,59.8
2017-08-07,44.7,59.4
2017-08-08,44.2,58.9
2017-08-09,45.9,61.3
2017-08-10,47.6,63.1
2017-08-11,48.8,64.6
2017-08-14,47.1,63.1
2017-08-15,47.2,63.6
2017-08-16,47.3,62.5
2017-08-17,47.2,63.7
2017-08-18,47.3,65.1
2017-08-21,47.3,65.4
2017-08-22,50.5,68.3
2017-08-23,52.2,70.3
2017-08-24,51.2,69.4
2017-08-25,52.2,70.2
2017-08-28,51.5,68.9
2017-08-29,52.7,70.1
2017-08-30,51.3,68.8
2017-08-31,50.3,66.8
2017-09-01,50.1,66.8
2017-09-04,51.2,67.1
2017-09-05,49.8,65.7
2017-09-06,51.7,67.4
2017-09-07,50.7,66.1
2017-09-08,51.3,67.3
2017-09-11,51.5,67.4
2017-09-12,49.6,64.9
2017-09-13,50.5,65.0
2017-09-14,51.3,65.7
2017-09-15,48.4,64.3
2017-09-18,48.5,66.5
2017-09-19,47.5,64.4
2017-09-20,48.4,69.1
2017-09-21,48.8,70.0
2017-09-22,48.8,70.4
2017-09-25,49.1,70.5
2017-09-26,51.3,73.4
2017-09-27,50.0,71.2
2017-09-28,48.7,69.6
2017-09-29,48.8,70.0
2017-10-02,51.4,72.4
2017-10-03,51.7,72.7
2017-10-04,53.2,74.6
2017-10-05,51.4,71.2
2017-10-06,50.4,71.4
2017-10-09,50.4,70.9
2017-10-10,51.8,71.8
2017-10-11,50.5,70.6
2017-10-12,49.9,68.1
2017-10-13,50.4,67.4
2017-10-16,51.4,67.5
2017-10-17,49.9,66.8
2017-10-18,49.0,64.8
2017-10-19,49.5,68.1
2017-10-20,47.5,65.7
2017-10-23,46.4,63.1
2017-10-24,45.8,63.7
2017-10-25,46.0,63.9
2017-10-26,44.9,62.3
2017-10-27,46.5,64.6
2017-10-30,44.6,63.0
2017-10-31,44.6,61.5
2017-11-01,42.6,57.4
2017-11-02,42.6,57.8
2017-11-03,43.2,59.3
2017-11-06,43.8,60.8
2017-11-07,41.8,57.9
2017-11-08,43.6,60.1
2017-11-09,45.1,62.7
2017-11-10,43.2,62.0
2017-11-13,43.0,61.2
2017-11-14,41.8,60.1
2017-11-15,43.6,62.6
2017-11-16,43.3,62.4
2017-11-17,42.4,62.3
2017-11-20,42.7,62.8
2017-11-21,41.3,60.5
2017-11-22,40.0,59.7
2017-11-23,40.6,61.1
2017-11-24,41.6,61.7
2017-11-27,42.6,60.6
2017-11-28,41.6,60.8
2017-11-29,39.4,59.4
2017-11-30,38.6,58.5
2017-12-01,38.1,57.3
2017-12-04,38.6,59.1
2017-12-05,38.0,58.9
2017-12-06,39.4,59.4
2017-12-07,39.3,59.1
2017-12-08,37.6,57.6
2017-12-11,37.8,58.4
2017-12-12,38.7,59.2
2017-12-13,41.7,61.7
2017-12-14,40.8,60.8
2017-12-15,40.5,61.8
2017-12-18,38.7,60.3
2017-12-19,38.4,59.7
2017-12-20,39.1,59.6
2017-12-21,37.3,58.3
2017-12-22,36.2,58.0
2017-12-27,39.3,61.1
2017-12-28,39.1,59.1
2017-12-29,41.4,61.2
2018-01-02,42.4,63.2
2018-01-03,41.6,63.8
2018-01-04,39.1,60.5
2018-01-05,38.4,60.3
2018-01-08,38.8,60.4
2018-01-09,38.2,59.9
2018-01-10,39.0,59.1
2018-01-11,37.6,57.1
2018-01-12,35.9,56.5
2018-01-15,36.3,57.0
2018-01-16,35.1,56.2
2018-01-17,36.3,57.4
2018-01-18,35.6,55.5
2018-01-19,35.5,54.5
2018-01-22,35.6,54.0
2018-01-23,33.8,52.4
2018-01-24,33.2,51.4
2018-01-25,32.1,51.0
2018-01-26,33.5,52.0
2018-01-29,32.8,50.7
2018-01-30,32.8,50.8
2018-01-31,33.0,51.8
2018-02-01,31.4,49.2
2018-02-02,30.6,48.0
2018-02-05,32.8,51.0
2018-02-06,33.0,51.4
2018-02-07,30.4,48.7
2018-02-08,29.7,46.5
2018-02-09,32.3,49.5
2018-02-12,33.2,50.2
2018-02-13,35.0,52.8
2018-02-14,35.0,52.6
2018-02-15,34.6,51.1
2018-02-16,34.5,51.5
2018-02-19,33.1,49.3
2018-02-20,33.5,50.1
2018-02-21,33.9,50.8
2018-02-22,35.5,52.1
2018-02-23,37.6,54.4
2018-02-26,36.6,53.9
2018-02-27,36.1,52.3
2018-02-28,37.4,53.6
2018-03-01,37.9,53.8
2018-03-02,36.9,53.1
2018-03-05,38.2,54.8
2018-03-06,34.6,50.9
2018-03-07,34.2,49.8
2018-03-08,33.2,48.3
2018-03-09,33.6,48.9
2018-03-12,34.3,49.4
2018-03-13,33.0,47.1
2018-03-14,34.1,48.3
2018-03-15,35.6,50.5
2018-03-16,34.8,49.5
2018-03-19,35.0,50.3
2018-03-20,33.2,47.5
2018-03-21,33.4,48.7
2018-03-22,34.2,49.7
2018-03-23,33.4,49.7
2018-03-26,32.8,47.7
2018-03-27,31.7,47.3
2018-03-28,32.6,48.8
2018-03-29,30.9,47.1
2018-04-03,29.9,47.6
2018-04-04,28.7,46.6
2018-04-05,29.2,47.0
2018-04-06,31.4,48.4
2018-04-09,30.2,47.9
2018-04-10,30.7,48.0
2018-04-11,31.3,48.8
2018-04-12,31.2,49.3
2018-04-13,31.1,48.9
2018-04-16,31.0,47.9
2018-04-17,30.3,47.4
2018-04-18,29.4,46.3
2018-04-19,28.8,45.3
2018-04-20,28.6,45.2
2018-04-23,27.9,44.8
2018-04-24,27.7,43.5
2018-04-25,27.4,44.5
2018-04-26,27.6,45.0
2018-04-27,28.8,44.9
2018-04-30,29.7,45.3
2018-05-02,28.9,44.3
2018-05-03,30.3,46.1
2018-05-04,30.4,47.6
2018-05-07,30.5,48.3
2018-05-08,31.8,49.8
2018-05-09,31.5,47.3
2018-05-10,33.2,48.4
2018-05-11,32.0,47.2
2018-05-14,30.9,45.8
2018-05-15,31.2,45.8
2018-05-16,35.6,47.8
2018-05-17,37.0,49.4
2018-05-18,39.0,51.1
2018-05-21,46.4,58.0
2018-05-22,45.5,58.6
2018-05-23,49.3,61.0
2018-05-24,49.9,61.9
2018-05-25,62.0,67.6
2018-05-28,72.4,76.2
2018-05-29,89.6,72.7
2018-05-30,91.4,82.3
2018-05-31,80.2,72.3
2018-06-01,67.3,68.6
2018-06-04,58.9,60.9
2018-06-05,66.5,63.6
2018-06-06,72.1,63.2
2018-06-07,69.7,58.2
2018-06-08,79.5,62.9
2018-06-11,66.2,58.1
2018-06-12,62.6,57.2
2018-06-13,62.0,57.2
2018-06-14,60.2,54.7
2018-06-15,56.1,54.1
2018-06-18,54.5,56.2
2018-06-19,56.7,55.7
2018-06-20,55.6,55.6
2018-06-21,64.4,61.4
2018-06-22,67.1,63.0
2018-06-25,69.7,63.5
2018-06-26,74.0,72.8
2018-06-27,68.5,64.3
2018-06-28,69.2,64.6
2018-06-29,65.4,64.6
2018-07-02,65.2,62.7
2018-07-03,63.9,63.9
2018-07-04,62.4,61.9
2018-07-05,67.1,64.5
2018-07-06,66.6,63.8
2018-07-09,65.7,67.3
2018-07-10,64.3,62.4
2018-07-11,65.0,63.6
2018-07-12,64.7,62.8
2018-07-13,62.9,65.1
2018-07-16,61.0,61.4
2018-07-17,59.5,62.1
2018-07-18,58.3,59.0
2018-07-19,58.1,62.5
2018-07-20,59.7,61.5
2018-07-23,57.5,56.9
2018-07-24,59.5,55.6
2018-07-25,57.9,56.7
2018-07-26,59.0,57.2
2018-07-27,58.9,57.4
2018-07-30,60.9,64.4
2018-07-31,59.9,63.3
2018-08-01,59.2,64.3
2018-08-02,63.8,66.6
2018-08-03,64.2,67.1
2018-08-06,66.1,72.9
2018-08-07,64.9,71.3
2018-08-08,65.2,71.3
2018-08-09,69.0,73.0
2018-08-10,77.9,78.1
2018-08-13,82.3,80.9
2018-08-14,81.5,81.2
2018-08-15,79.4,81.9
2018-08-16,82.0,82.6
2018-08-17,84.5,84.5
2018-08-20,82.2,82.5
2018-08-21,71.0,76.1
2018-08-22,74.0,75.8
2018-08-23,74.3,75.7
2018-08-24,75.0,76.3
2018-08-27,76.5,78.4
2018-08-28,78.4,76.7
2018-08-29,75.1,75.5
2018-08-30,85.8,83.2
2018-08-31,87.4,84.1
2018-09-03,88.6,82.9
2018-09-04,82.3,79.7
2018-09-05,71.9,68.1
2018-09-06,74.8,72.3
2018-09-07,73.4,73.2
2018-09-10,67.7,69.0
2018-09-11,65.7,71.7
2018-09-12,70.3,71.3
2018-09-13,69.3,71.2
2018-09-14,69.9,72.1
2018-09-17,64.9,68.3
2018-09-18,65.6,73.1
2018-09-19,67.1,75.6
2018-09-20,68.5,72.2
2018-09-21,68.4,74.3
2018-09-24,69.5,74.9
2018-09-25,67.5,73.3
2018-09-26,66.0,72.9
2018-09-27,68.8,75.9
2018-09-28,78.4,74.8
2018-10-01,79.2,73.0
2018-10-02,87.9,78.4
2018-10-03,82.3,76.4
2018-10-04,81.2,75.3
2018-10-05,83.6,76.2
2018-10-08,89.1,78.3
2018-10-09,89.5,78.9
2018-10-10,84.1,76.5
2018-10-11,90.9,79.2
2018-10-12,91.8,80.9
2018-10-15,91.0,80.7
2018-10-16,85.0,79.0
2018-10-17,81.0,76.4
2018-10-18,91.6,87.0
2018-10-19,99.3,89.5
2018-10-22,91.5,92.0
2018-10-23,92.9,92.7
2018-10-24,96.0,94.0
2018-10-25,86.2,88.2
2018-10-26,89.8,88.2
2018-10-29,86.1,85.3
2018-10-30,93.6,90.1
2018-10-31,88.4,81.2
2018-11-01,88.4,82.9
2018-11-02,88.5,80.9
2018-11-05,84.3,80.3
2018-11-06,87.6,83.0
2018-11-07,83.8,81.6
2018-11-08,87.3,77.5
2018-11-09,87.8,80.2
2018-11-12,90.7,82.2
2018-11-13,91.1,82.7
2018-11-14,91.5,82.8
2018-11-15,95.4,89.9
2018-11-16,96.2,89.6
2018-11-19,97.2,91.0
2018-11-20,102.5,93.9
2018-11-21,91.8,90.6
2018-11-22,90.8,88.7
2018-11-23,90.7,88.7
2018-11-26,82.4,82.7
2018-11-27,83.8,85.5
2018-11-28,83.2,83.9
2018-11-29,79.3,81.3
2018-11-30,81.5,84.2
2018-12-03,76.9,82.8
2018-12-04,79.6,82.4
2018-12-05,75.5,83.8
2018-12-06,80.9,86.7
2018-12-07,79.1,86.5
2018-12-10,77.5,87.2
2018-12-11,79.1,86.7
2018-12-12,73.3,83.9
2018-12-13,73.6,83.7
2018-12-14,74.8,82.6
2018-12-17,73.0,82.7
2018-12-18,72.3,82.2
2018-12-19,70.8,84.6
2018-12-20,68.6,84.3
2018-12-21,70.3,83.9
2018-12-27,72.4,84.5
2018-12-28,72.5,84.9
2019-01-02,73.6,87.5
2019-01-03,78.4,90.3
2019-01-04,77.8,91.3
2019-01-07,76.4,87.8
2019-01-08,77.0,87.9
2019-01-09,74.3,82.0
2019-01-10,74.3,79.6
2019-01-11,73.0,79.3
2019-01-14,72.0,80.4
2019-01-15,71.4,79.4
2019-01-16,68.5,79.3
2019-01-17,66.8,77.3
2019-01-18,65.4,76.0
2019-01-21,66.4,76.0
2019-01-22,65.5,76.3
2019-01-23,66.4,76.2
2019-01-24,66.6,76.4
2019-01-25,61.3,69.5
2019-01-28,60.1,71.1
2019-01-29,63.1,75.1
2019-01-30,63.7,76.4
2019-01-31,63.8,75.9
2019-02-01,65.4,71.2
2019-02-04,70.7,82.7
2019-02-05,67.5,78.1
2019-02-06,66.6,73.0
2019-02-07,73.9,77.4
2019-02-08,77.6,79.4
2019-02-11,71.5,76.5
2019-02-12,71.9,73.6
2019-02-13,67.2,72.1
2019-02-14,69.1,73.0
2019-02-15,69.3,74.8
2019-02-18,66.0,72.1
2019-02-19,67.7,73.1
2019-02-20,69.4,72.9
2019-02-21,67.9,72.6
2019-02-22,68.5,72.3
2019-02-25,66.5,71.2
2019-02-26,61.5,68.6
2019-02-27,64.2,77.1
2019-02-28,63.5,75.9
2019-03-01,63.5,74.8
2019-03-04,65.1,76.6
2019-03-05,63.9,75.9
2019-03-06,62.8,74.9
2019-03-07,57.8,68.6
2019-03-08,57.2,67.4
2019-03-11,58.9,66.9
2019-03-12,60.4,69.0
2019-03-13,62.2,68.9
2019-03-14,58.8,66.4
2019-03-15,58.5,64.9
2019-03-18,57.8,66.8
2019-03-19,57.7,65.2
2019-03-20,59.2,66.6
2019-03-21,58.0,64.2
2019-03-22,62.4,71.4
2019-03-25,64.0,72.9
2019-03-26,63.2,74.9
2019-03-27,64.9,74.6
2019-03-28,65.3,76.7
2019-03-29,66.4,76.1
2019-04-01,65.5,76.2
2019-04-02,66.8,76.7
2019-04-03,63.0,70.0
2019-04-04,60.2,62.6
2019-04-05,62.6,66.4
2019-04-08,59.2,60.0
2019-04-09,64.9,75.0
2019-04-10,63.7,73.9
2019-04-11,59.2,62.3
2019-04-12,57.2,59.8
2019-04-15,60.7,66.6
2019-04-16,59.8,62.3
2019-04-17,63.0,66.3
2019-04-18,63.2,65.6
2019-04-23,66.2,68.5
2019-04-24,65.2,66.4
2019-04-25,67.7,70.0
2019-04-26,67.3,68.7
2019-04-29,59.3,61.9
2019-04-30,57.6,59.9
2019-05-02,58.3,58.8
2019-05-03,58.1,58.7
2019-05-06,59.0,59.4
2019-05-07,60.4,60.6
2019-05-08,63.0,62.2
2019-05-09,65.0,64.3
2019-05-10,64.5,63.0
2019-05-13,65.8,64.0
2019-05-14,69.0,71.0
2019-05-15,72.2,72.1
2019-05-16,66.7,65.4
2019-05-17,66.3,65.0
2019-05-20,66.2,66.7
2019-05-21,65.0,64.5
2019-05-22,64.7,64.2
2019-05-23,65.4,65.4
2019-05-24,61.9,63.5
2019-05-27,65.6,65.0
2019-05-28,70.2,73.0
2019-05-29,67.3,65.0
2019-05-30,66.6,63.8
2019-05-31,68.4,63.1
2019-06-03,65.7,59.7
2019-06-04,62.6,54.7
2019-06-05,65.1,55.3
2019-06-06,62.4,52.8
2019-06-07,58.0,50.0
2019-06-10,59.7,51.8
2019-06-11,58.8,50.3
2019-06-12,61.4,52.1
2019-06-13,59.1,55.3
2019-06-14,57.7,53.2
2019-06-17,58.3,53.1
2019-06-18,54.5,50.5
2019-06-19,53.4,49.4
2019-06-20,53.7,50.4
2019-06-21,54.7,50.3
2019-06-24,55.1,49.7
2019-06-25,55.7,49.7
2019-06-26,55.1,48.5
2019-06-27,54.2,48.7
2019-06-28,54.8,49.2
2019-07-01,52.2,48.2
2019-07-02,48.3,46.7
2019-07-03,44.2,43.8
2019-07-04,45.7,43.2
2019-07-05,47.2,44.4
2019-07-08,48.6,46.8
2019-07-09,47.3,46.1
2019-07-10,46.8,45.0
2019-07-11,45.0,43.7
2019-07-12,47.1,47.5
2019-07-15,45.8,48.0
2019-07-16,44.1,46.3
2019-07-17,44.2,46.0
2019-07-18,45.9,46.2
2019-07-19,41.9,42.2
2019-07-22,43.1,43.5
2019-07-23,43.1,44.9
2019-07-24,41.8,45.3
2019-07-25,42.8,47.9
2019-07-26,41.8,45.5
2019-07-29,41.7,44.8
2019-07-30,42.9,47.0
2019-07-31,43.3,43.8
2019-08-01,42.6,43.3
2019-08-02,42.8,44.0
2019-08-05,48.1,47.9
2019-08-06,48.2,43.2
2019-08-07,47.3,45.3
2019-08-08,49.7,46.9
2019-08-09,55.9,48.7
2019-08-12,56.9,49.5
2019-08-13,54.2,48.4
2019-08-14,51.4,47.3
2019-08-15,55.4,52.9
2019-08-16,51.0,45.3
2019-08-19,57.5,50.2
2019-08-20,57.0,51.1
2019-08-21,54.8,50.6
2019-08-22,53.7,50.3
2019-08-23,54.2,51.1
2019-08-26,54.4,50.6
2019-08-27,49.1,49.2
2019-08-28,47.2,47.5
2019-08-29,46.6,52.9
2019-08-30,48.8,54.3
2019-09-02,47.4,54.8
2019-09-03,46.9,54.2
2019-09-04,44.6,53.3
2019-09-05,45.7,53.2
2019-09-06,43.9,52.4
2019-09-09,44.7,52.9
2019-09-10,45.5,53.4
2019-09-11,45.3,54.0
2019-09-12,39.9,50.8
2019-09-13,40.9,49.1
2019-09-16,40.5,48.8
2019-09-17,41.6,49.9
2019-09-18,40.9,55.7
2019-09-19,41.4,49.7
2019-09-20,41.1,49.9
2019-09-23,41.9,50.3
2019-09-24,40.3,49.5
2019-09-25,40.6,49.7
2019-09-26,41.2,50.1
2019-09-27,41.8,50.5
2019-09-30,40.3,48.5
2019-10-01,40.2,49.1
2019-10-02,40.7,49.5
2019-10-03,41.1,50.5
2019-10-04,40.8,49.8
2019-10-07,41.6,49.9
2019-10-08,43.0,50.2
2019-10-09,41.8,49.6
2019-10-10,41.6,49.1
2019-10-11,39.7,47.0
2019-10-14,39.2,46.7
2019-10-15,38.6,46.4
2019-10-16,36.4,43.7
2019-10-17,36.1,44.6
2019-10-18,35.7,44.9
2019-10-21,37.0,44.1
2019-10-22,35.5,44.1
2019-10-23,37.3,44.7
2019-10-24,35.5,44.6
2019-10-25,37.0,45.0
2019-10-28,37.6,43.4
2019-10-29,37.2,44.8
2019-10-30,37.6,45.2
2019-10-31,36.7,44.9
2019-11-01,37.3,45.3
2019-11-04,38.1,45.3
2019-11-05,32.0,41.2
2019-11-06,31.5,39.6
2019-11-07,31.8,39.0
2019-11-08,33.9,40.6
2019-11-11,34.8,40.9
2019-11-12,34.8,41.1
2019-11-13,37.0,45.7
2019-11-14,37.9,46.7
2019-11-15,38.8,48.6
2019-11-18,37.4,46.2
2019-11-19,38.3,47.5
2019-11-20,38.1,47.6
2019-11-21,37.5,48.6
2019-11-22,37.4,48.9
2019-11-25,36.8,48.4
2019-11-26,36.9,48.1
2019-11-27,36.4,47.8
2019-11-28,37.8,48.5
2019-11-29,37.8,50.7
2019-12-02,38.0,48.7
2019-12-03,38.5,47.0
2019-12-04,38.5,46.6
2019-12-05,39.6,47.6
2019-12-06,38.8,47.3
2019-12-09,38.3,47.5
2019-12-10,37.7,46.2
2019-12-11,36.5,45.2
2019-12-12,35.7,46.3
2019-12-13,33.9,44.7
2019-12-16,34.3,44.1
2019-12-17,33.8,43.9
2019-12-18,33.4,44.1
2019-12-19,34.9,45.8
2019-12-20,35.1,44.3
2019-12-23,36.0,44.6
2019-12-27,33.3,45.3
2019-12-30,33.5,45.7
2020-01-02,34.0,46.1
2020-01-03,34.3,45.5
2020-01-06,35.0,46.3
2020-01-07,35.1,45.4
2020-01-08,35.1,45.2
2020-01-09,33.4,44.5
2020-01-10,32.9,42.9
2020-01-13,33.3,43.6
2020-01-14,32.7,41.4
2020-01-15,33.3,42.4
2020-01-16,34.6,43.6
2020-01-17,35.9,43.5
2020-01-20,34.3,41.1
2020-01-21,34.0,40.8
2020-01-22,35.2,41.6
2020-01-23,35.6,43.6
2020-01-24,33.3,40.9
2020-01-27,31.9,39.9
2020-01-28,31.0,39.4
2020-01-29,30.9,40.3
2020-01-30,30.7,39.1
2020-01-31,30.7,38.9
2020-02-03,31.7,39.5
2020-02-04,33.7,42.3
2020-02-05,32.2,40.1
2020-02-06,32.1,39.4
2020-02-07,32.4,39.4
2020-02-10,32.6,39.1
2020-02-11,32.9,36.4
2020-02-12,32.1,35.1
2020-02-13,30.9,37.9
2020-02-14,31.8,38.5
2020-02-17,31.6,37.9
2020-02-18,31.9,39.7
2020-02-19,31.9,39.6
2020-02-20,31.2,39.0
2020-02-21,30.5,38.8
2020-02-24,33.2,40.7
2020-02-25,35.0,42.6
2020-02-26,37.1,44.6
2020-02-27,43.2,50.7
2020-02-28,46.6,54.9
2020-03-02,50.8,57.9
2020-03-03,45.6,56.7
2020-03-04,42.1,50.5
2020-03-05,47.5,58.7
2020-03-06,52.7,60.6
2020-03-09,68.9,79.6
2020-03-10,65.0,76.3
2020-03-11,62.4,76.7
2020-03-12,58.1,62.8
2020-03-13,72.3,80.8
2020-03-16,84.6,88.9
2020-03-17,91.4,97.3
2020-03-18,86.5,88.9
2020-03-19,58.5,68.3
2020-03-20,57.7,71.2
2020-03-23,61.8,76.6
2020-03-24,63.5,80.0
2020-03-25,60.2,76.7
2020-03-26,52.8,69.0
2020-03-27,51.8,69.7
2020-03-30,60.2,76.7
2020-03-31,61.6,79.3
2020-04-01,64.0,82.2
2020-04-02,60.5,80.5
2020-04-03,62.2,82.0
2020-04-06,64.6,75.7
2020-04-07,65.0,74.5
2020-04-08,66.6,75.8
2020-04-09,63.4,74.0
2020-04-14,66.8,84.8
2020-04-15,76.9,91.4
2020-04-16,75.4,90.6
2020-04-17,74.8,89.2
2020-04-20,79.3,94.7
2020-04-21,83.7,98.7
2020-04-22,88.6,104.9
2020-04-23,81.9,99.9
2020-04-24,78.0,95.8
2020-04-27,73.0,91.3
2020-04-28,72.5,89.2
2020-04-29,72.0,89.5
2020-04-30,75.8,84.8
2020-05-04,73.6,92.2
2020-05-05,77.8,94.7
2020-05-06,78.6,96.8
2020-05-07,79.7,96.2
2020-05-08,75.1,92.6
2020-05-11,77.5,86.4
2020-05-12,74.1,86.4
2020-05-13,72.4,89.5
2020-05-14,69.0,79.1
2020-05-15,69.1,79.8
2020-05-18,65.5,76.8
2020-05-19,58.0,68.9
2020-05-20,58.1,70.9
2020-05-21,57.8,70.3
2020-05-22,56.9,69.4
2020-05-25,56.7,70.8
2020-05-26,52.7,64.0
2020-05-27,47.4,61.3
2020-05-28,42.1,57.5
2020-05-29,42.8,54.8
2020-06-01,41.7,54.4
2020-06-02,42.4,53.5
2020-06-03,43.4,53.1
2020-06-04,37.5,49.3
2020-06-05,34.7,44.8
2020-06-08,35.3,45.7
2020-06-09,37.3,47.4
2020-06-10,42.2,54.9
2020-06-11,42.4,54.6
2020-06-12,41.8,53.9
2020-06-15,43.3,52.6
2020-06-16,38.8,49.9
2020-06-17,39.6,49.7
2020-06-18,40.0,50.7
2020-06-19,38.5,49.7
2020-06-22,39.0,48.8
2020-06-23,39.3,47.5
2020-06-24,37.0,47.2
2020-06-25,40.1,52.5
2020-06-26,38.3,48.8
2020-06-29,39.7,48.7
2020-06-30,39.2,52.3
2020-07-01,36.5,50.5
2020-07-02,37.7,47.3
2020-07-03,39.3,47.7
2020-07-06,37.9,46.3
2020-07-07,36.8,45.0
2020-07-08,35.6,44.6
2020-07-09,36.2,45.5
2020-07-10,39.2,46.4
2020-07-13,36.4,45.4
2020-07-14,35.7,45.0
2020-07-15,36.7,43.2
2020-07-16,37.7,44.8
2020-07-17,33.4,41.2
2020-07-20,31.1,43.2
2020-07-21,30.4,41.8
2020-07-22,30.5,42.7
2020-07-23,29.8,42.1
2020-07-24,28.9,42.6
2020-07-27,34.6,45.2
2020-07-28,32.4,43.5
2020-07-29,32.1,43.9
2020-07-30,32.9,44.6
2020-07-31,33.0,44.9
2020-08-03,35.3,47.8
2020-08-04,33.4,43.0
2020-08-05,32.7,41.9
2020-08-06,33.0,42.2
2020-08-07,31.8,40.8
2020-08-10,31.2,39.4
2020-08-11,31.0,39.5
2020-08-12,29.9,38.8
2020-08-13,30.6,40.1
2020-08-14,30.3,40.2
2020-08-17,28.5,39.4
2020-08-18,28.4,40.5
2020-08-19,28.6,40.7
2020-08-20,29.0,42.1
2020-08-21,29.6,42.0
2020-08-24,29.7,44.3
2020-08-25,29.3,43.2
2020-08-26,28.1,41.6
2020-08-27,32.9,41.4
2020-08-28,32.8,43.3
2020-08-31,33.0,43.6
2020-09-01,32.9,43.4
2020-09-02,32.6,41.2
2020-09-03,32.4,41.0
2020-09-04,33.7,41.7
2020-09-07,34.7,42.6
2020-09-08,34.9,42.1
2020-09-09,33.4,41.4
2020-09-10,32.3,41.1
2020-09-11,33.7,41.3
2020-09-14,32.3,41.2
2020-09-15,31.9,41.0
2020-09-16,29.9,39.2
2020-09-17,31.4,40.9
2020-09-18,31.8,42.2
2020-09-21,33.2,42.7
2020-09-22,32.5,42.2
2020-09-23,31.1,41.5
2020-09-24,32.1,41.8
2020-09-25,32.6,42.1
2020-09-28,32.2,42.4
2020-09-29,32.0,41.5
2020-09-30,32.4,41.6
2020-10-01,32.1,43.2
2020-10-02,31.4,43.0
2020-10-05,31.1,42.5
2020-10-06,30.6,41.8
2020-10-07,29.3,42.1
2020-10-08,29.2,41.0
2020-10-09,29.0,40.3
2020-10-12,28.4,39.5
2020-10-13,29.4,39.5
2020-10-14,29.4,40.1
2020-10-15,33.2,43.1
2020-10-16,31.2,41.2
2020-10-19,32.0,42.9
2020-10-20,32.3,45.5
2020-10-21,33.0,46.0
2020-10-22,33.2,45.9
2020-10-23,31.4,45.0
2020-10-26,30.6,44.5
2020-10-27,30.9,45.4
2020-10-28,33.3,48.2
2020-10-29,31.7,46.2
2020-10-30,31.1,45.9
2020-11-02,30.5,46.1
2020-11-03,29.6,45.1
2020-11-04,28.6,41.9
2020-11-05,28.4,42.6
2020-11-06,27.9,42.0
2020-11-09,28.1,40.5
2020-11-10,26.1,37.9
2020-11-11,25.5,37.9
2020-11-12,25.2,38.0
2020-11-13,26.0,39.4
2020-11-16,24.8,37.3
2020-11-17,24.0,36.9
2020-11-18,24.2,37.2
2020-11-19,24.8,37.5
2020-11-20,24.9,37.8
2020-11-23,24.7,37.1
2020-11-24,24.4,36.7
2020-11-25,24.4,35.7
2020-11-26,24.0,35.9
2020-11-27,23.6,36.0
2020-11-30,23.1,35.6
2020-12-01,23.3,36.8
2020-12-02,22.5,35.6
2020-12-03,24.0,35.6
2020-12-04,24.4,35.3
2020-12-07,25.4,36.3
2020-12-08,25.5,35.1
2020-12-09,24.9,34.6
2020-12-10,25.1,35.2
2020-12-11,24.8,35.1
2020-12-14,22.6,35.7
2020-12-15,22.7,33.6
2020-12-16,20.9,33.6
2020-12-17,19.6,35.4
2020-12-18,20.6,36.5
2020-12-21,23.2,39.0
2020-12-22,23.9,38.3
2020-12-23,22.3,38.7
2020-12-28,19.9,37.8
2020-12-29,20.3,37.4
2020-12-30,19.9,37.6
2021-01-04,22.5,38.0
2021-01-05,23.6,38.0
2021-01-06,21.3,33.9
2021-01-07,22.9,34.8
2021-01-08,20.3,31.2
2021-01-11,21.3,31.5
2021-01-12,22.0,32.0
2021-01-13,22.4,32.8
2021-01-14,24.5,34.0
2021-01-15,23.3,33.0
2021-01-18,25.7,38.1
2021-01-19,24.3,36.7
2021-01-20,24.7,37.3
2021-01-21,23.9,37.8
2021-01-22,26.5,39.3
2021-01-25,25.2,35.9
2021-01-26,24.1,35.5
2021-01-27,24.2,36.6
2021-01-28,24.7,36.5
2021-01-29,23.8,35.7
2021-02-01,23.1,35.6
2021-02-02,22.8,35.0
2021-02-03,22.8,33.4
2021-02-04,22.8,35.3
2021-02-05,22.7,34.9
2021-02-08,22.2,34.1
2021-02-09,22.0,34.3
2021-02-10,22.2,34.8
2021-02-11,23.1,34.6
2021-02-12,23.2,36.1
2021-02-15,23.1,35.8
2021-02-16,23.8,35.8
2021-02-17,24.9,38.2
2021-02-18,25.4,38.9
2021-02-19,24.7,37.9
2021-02-22,25.0,39.3
2021-02-23,25.0,38.6
2021-02-24,25.3,39.4
2021-02-25,26.0,40.6
2021-02-26,25.2,40.3
2021-03-01,25.5,39.9
2021-03-02,24.9,39.7
2021-03-03,25.1,40.0
2021-03-04,25.6,39.8
2021-03-05,25.5,39.5
2021-03-08,24.8,38.5
2021-03-09,24.9,38.5
2021-03-10,22.9,37.1
2021-03-11,24.4,37.6
2021-03-12,21.9,34.6
2021-03-15,23.5,36.2
2021-03-16,24.6,37.4
2021-03-17,23.5,36.6
2021-03-18,24.4,37.0
2021-03-19,24.4,37.9
2021-03-22,24.5,37.6
2021-03-23,24.0,37.7
2021-03-24,23.4,37.0
2021-03-25,23.9,37.8
2021-03-26,24.0,36.9
2021-03-29,23.9,36.8
2021-03-30,23.5,36.8
2021-03-31,23.3,36.7
2021-04-01,23.7,36.7
2021-04-06,25.2,38.1
2021-04-07,24.9,38.3
2021-04-08,25.3,38.4
2021-04-09,25.8,37.9
2021-04-12,25.9,38.4
2021-04-13,26.6,38.3
2021-04-14,26.1,38.2
2021-04-15,26.3,37.2
2021-04-16,25.7,35.9
2021-04-19,25.3,36.2
2021-04-20,25.9,37.1
2021-04-21,25.7,37.0
2021-04-22,25.7,36.6
2021-04-23,25.4,36.6
2021-04-26,26.4,37.2
2021-04-27,26.8,37.3
2021-04-28,26.4,37.5
2021-04-29,26.5,38.1
2021-04-30,26.8,38.2
2021-05-03,25.9,37.5
2021-05-04,26.8,40.1
2021-05-05,26.8,38.5
2021-05-06,27.2,38.6
2021-05-07,29.5,42.9
2021-05-10,27.6,39.1
2021-05-11,27.4,38.8
2021-05-12,26.9,38.1
2021-05-13,28.7,43.0
2021-05-14,28.6,41.4
2021-05-17,28.5,41.9
2021-05-18,28.5,44.0
2021-05-19,29.3,43.6
2021-05-20,26.9,42.3
2021-05-21,26.7,41.6
2021-05-24,25.9,44.1
2021-05-25,25.0,40.7
2021-05-26,25.4,39.9
2021-05-27,25.0,39.6
2021-05-28,25.5,40.0
2021-05-31,25.2,39.8
2021-06-01,24.3,39.2
2021-06-02,24.3,39.4
2021-06-03,23.8,39.5
2021-06-04,23.8,40.2
2021-06-07,24.0,40.0
2021-06-08,24.5,41.1
2021-06-09,23.2,40.2
2021-06-10,23.0,39.7
2021-06-11,22.4,40.2
2021-06-14,22.8,39.8
2021-06-15,22.3,39.9
2021-06-16,21.7,39.2
2021-06-17,24.7,41.1
2021-06-18,24.6,42.1
2021-06-21,22.8,41.1
2021-06-22,23.0,40.4
2021-06-23,24.3,40.6
2021-06-24,24.0,40.0
2021-06-25,24.8,41.6
2021-06-28,24.3,41.0
2021-06-29,23.0,39.9
2021-06-30,22.8,40.5
2021-07-01,22.0,39.3
2021-07-02,21.7,39.6
2021-07-05,21.5,39.6
2021-07-06,21.2,38.9
2021-07-07,22.0,40.5
2021-07-08,23.2,42.4
2021-07-09,21.9,41.8
2021-07-12,21.9,41.2
2021-07-13,20.7,40.8
2021-07-14,21.3,40.5
2021-07-15,22.0,41.4
2021-07-16,20.0,39.3
2021-07-19,23.9,41.9
2021-07-20,25.7,44.3
2021-07-21,25.4,42.8
2021-07-22,25.0,42.2
2021-07-23,23.9,41.2
2021-07-26,24.5,41.1
2021-07-27,25.4,42.2
2021-07-28,26.0,42.6
2021-07-29,26.0,42.4
2021-07-30,25.7,42.0
2021-08-02,27.0,42.0
2021-08-03,27.2,42.3
2021-08-04,27.3,42.9
2021-08-05,26.2,41.2
2021-08-06,25.2,40.5
2021-08-09,24.8,40.0
2021-08-10,24.4,39.6
2021-08-11,24.3,40.4
2021-08-12,23.6,39.7
2021-08-13,23.7,40.0
2021-08-16,24.6,40.9
2021-08-17,23.4,40.7
2021-08-18,22.9,40.3
2021-08-19,22.9,41.0
2021-08-20,22.7,40.5
2021-08-23,23.5,41.2
2021-08-24,23.0,41.0
2021-08-25,23.8,41.1
2021-08-26,24.2,41.8
2021-08-27,23.7,41.4
2021-08-30,23.8,40.9
2021-08-31,23.3,41.5
2021-09-01,23.3,41.1
2021-09-02,22.7,40.8
2021-09-03,22.9,40.5
2021-09-06,23.5,41.2
2021-09-07,24.0,42.0
2021-09-08,23.8,40.8
2021-09-09,23.0,37.0
2021-09-10,22.7,37.0
2021-09-13,23.2,37.7
2021-09-14,22.6,36.5
2021-09-15,22.1,37.9
2021-09-16,23.5,39.8
2021-09-17,22.2,36.4
2021-09-20,22.0,35.6
2021-09-21,21.1,35.7
2021-09-22,20.9,35.6
2021-09-23,20.0,35.0
2021-09-24,20.2,34.8
2021-09-27,20.2,34.7
2021-09-28,21.0,34.4
2021-09-29,20.9,35.2
2021-09-30,20.5,34.8
2021-10-01,20.0,34.7
2021-10-04,19.9,35.2
2021-10-05,20.5,35.0
2021-10-06,20.7,34.8
2021-10-07,20.1,35.0
2021-10-08,19.3,33.4
2021-10-11,18.7,32.9
2021-10-12,18.4,34.6
2021-10-13,18.9,33.7
2021-10-14,20.0,35.0
2021-10-15,19.3,35.5
2021-10-18,20.7,36.4
2021-10-19,18.7,36.0
2021-10-20,18.7,33.6
2021-10-21,18.9,34.9
2021-10-22,18.8,35.9
2021-10-25,20.4,36.3
2021-10-26,20.7,36.8
2021-10-27,21.3,38.1
2021-10-28,25.0,42.7
2021-10-29,26.2,45.9
2021-11-01,28.3,48.1
2021-11-02,25.9,45.0
2021-11-03,22.0,42.9
2021-11-04,25.5,43.4
2021-11-05,23.5,42.9
2021-11-08,24.6,42.8
2021-11-09,24.4,43.5
2021-11-10,24.9,44.8
2021-11-11,26.3,45.4
2021-11-12,27.3,46.6
2021-11-15,27.8,47.4
2021-11-16,28.0,47.6
2021-11-17,27.7,48.1
2021-11-18,25.5,46.4
2021-11-19,27.6,48.2
2021-11-22,25.7,47.8
2021-11-23,26.3,49.0
2021-11-24,28.1,49.7
2021-11-25,26.8,50.2
2021-11-26,28.8,50.0
2021-11-29,28.5,50.3
2021-11-30,28.0,50.0
2021-12-01,28.2,51.2
2021-12-02,28.3,50.6
2021-12-03,27.3,49.1
2021-12-06,25.2,48.2
2021-12-07,23.6,47.3
2021-12-08,25.4,48.7
2021-12-09,25.7,49.1
2021-12-10,24.4,45.2
2021-12-13,24.1,45.0
2021-12-15,23.9,44.1
2021-12-16,26.1,47.5
2021-12-17,25.9,46.9
2021-12-20,25.3,45.2
2021-12-21,25.9,47.5
2021-12-22,25.8,49.3
2021-12-23,27.2,49.6
2021-12-24,27.2,49.5
2021-12-27,27.3,49.6
2021-12-28,27.0,49.0
2021-12-29,27.5,48.7
2021-12-30,28.4,50.7
2021-12-31,28.5,50.7
2022-01-03,26.8,48.4
2022-01-04,23.8,44.1
2022-01-05,24.0,45.3
2022-01-06,24.9,46.3
2022-01-07,24.6,43.5
2022-01-10,24.5,46.4
2022-01-11,24.6,43.4
2022-01-12,23.6,42.9
2022-01-13,23.4,43.2
2022-01-14,23.6,43.2
2022-01-17,23.2,43.8
2022-01-18,23.9,44.7
2022-01-19,23.4,45.1
2022-01-20,23.0,46.4
2022-01-21,23.6,46.6
2022-01-24,26.2,47.7
2022-01-25,25.8,46.7
2022-01-26,25.8,45.5
2022-01-27,25.8,47.3
2022-01-28,26.1,47.5
2022-01-31,25.7,47.0
2022-02-01,25.9,46.7
2022-02-02,27.6,48.0
2022-02-03,24.6,49.1
2022-02-04,27.8,53.4
2022-02-07,29.9,54.8
2022-02-08,29.6,54.8
2022-02-09,30.9,55.5
2022-02-10,30.8,55.8
2022-02-11,31.9,57.5
2022-02-14,33.5,58.3
2022-02-15,32.8,57.6
2022-02-16,32.2,56.7
2022-02-17,34.5,57.8
2022-02-18,33.3,56.7
2022-02-21,35.0,58.9
2022-02-22,32.7,57.9
2022-02-23,32.4,58.5
2022-02-24,35.3,60.6
2022-02-25,32.3,57.5
2022-02-28,38.1,60.1
2022-03-01,36.0,59.1
2022-03-02,37.5,61.0
2022-03-03,38.9,62.2
2022-03-04,45.1,66.2
2022-03-07,42.4,62.1
2022-03-08,37.2,57.5
2022-03-09,34.7,57.5
2022-03-10,34.1,60.4
2022-03-11,37.2,63.0
2022-03-14,36.6,62.4
2022-03-15,37.3,61.3
2022-03-16,36.9,60.9
2022-03-17,35.1,61.4
2022-03-18,32.6,59.0
2022-03-21,31.9,57.5
2022-03-22,29.5,56.6
2022-03-23,29.4,56.2
2022-03-24,28.8,55.8
2022-03-25,27.2,54.8
2022-03-28,26.8,55.3
2022-03-29,29.7,55.7
2022-03-30,29.5,55.4
2022-03-31,30.7,56.5
2022-04-01,31.9,58.3
2022-04-04,31.8,57.7
2022-04-05,35.3,60.7
2022-04-06,36.2,63.0
2022-04-07,35.4,61.8
2022-04-08,36.7,63.0
2022-04-11,32.7,58.3
2022-04-12,32.3,58.5
2022-04-13,33.0,59.3
2022-04-14,30.5,57.2
2022-04-19,32.0,58.8
2022-04-20,33.4,60.4
2022-04-21,32.8,60.9
2022-04-22,33.6,61.8
2022-04-25,34.5,62.4
2022-04-26,34.6,63.5
2022-04-27,33.9,63.5
2022-04-28,34.2,64.2
2022-04-29,37.4,66.0
2022-05-02,38.6,66.3
2022-05-03,40.9,69.3
2022-05-04,42.9,70.0
2022-05-05,41.4,69.1
2022-05-06,43.8,71.1
2022-05-09,46.4,72.6
2022-05-10,43.9,70.4
2022-05-11,43.0,69.5
2022-05-12,41.9,67.3
2022-05-13,39.4,66.7
2022-05-16,43.1,68.0
2022-05-17,40.4,69.0
2022-05-18,40.8,70.1
2022-05-19,41.5,70.5
2022-05-20,43.1,71.1
2022-05-23,41.1,69.9
2022-05-24,42.1,73.1
2022-05-25,40.3,68.7
2022-05-26,41.8,66.0
2022-05-27,44.4,69.5
2022-05-30,38.3,66.4
2022-05-31,38.5,67.8
2022-06-01,39.4,65.5
2022-06-02,39.5,67.9
2022-06-03,43.9,74.0
2022-06-06,41.8,71.0
2022-06-07,41.9,71.1
2022-06-08,38.1,67.9
2022-06-09,43.7,75.0
2022-06-10,51.3,79.8
2022-06-13,59.8,85.7
2022-06-14,59.9,85.9
2022-06-15,46.7,76.4
2022-06-16,53.5,80.4
2022-06-17,46.6,71.2
2022-06-20,47.9,70.2
2022-06-21,48.6,72.9
2022-06-22,46.4,71.8
2022-06-23,49.9,73.5
2022-06-24,46.1,70.6
2022-06-27,49.7,73.8
2022-06-28,48.0,71.9
2022-06-29,46.2,70.7
2022-06-30,46.2,71.1
2022-07-01,45.7,68.7
2022-07-04,47.9,73.3
2022-07-05,53.9,77.2
2022-07-06,52.4,74.5
2022-07-07,51.2,77.8
2022-07-08,49.1,76.5
2022-07-11,50.0,76.5
2022-07-12,50.7,76.5
2022-07-13,50.8,76.8
2022-07-14,53.9,81.1
2022-07-15,55.3,79.8
2022-07-18,54.6,79.3
2022-07-19,52.1,77.9
2022-07-20,52.9,78.9
2022-07-21,65.5,82.5
2022-07-22,55.9,80.5
2022-07-25,58.4,80.9
2022-07-26,60.1,81.2
2022-07-27,61.1,82.7
2022-07-28,61.4,80.3
2022-07-29,56.3,76.6
2022-08-01,58.2,79.1
2022-08-02,58.4,75.6
2022-08-03,55.1,74.5
2022-08-04,56.9,73.2
2022-08-05,51.3,71.1
2022-08-08,53.9,71.4
2022-08-09,53.9,72.4
2022-08-10,54.6,72.8
2022-08-11,51.9,69.1
2022-08-12,52.0,70.9
2022-08-15,48.7,70.6
2022-08-16,54.7,73.8
2022-08-17,51.4,74.3
2022-08-18,46.3,69.3
2022-08-19,49.1,70.2
2022-08-22,49.7,73.6
2022-08-23,49.1,74.2
2022-08-24,55.0,77.8
2022-08-25,51.9,73.4
2022-08-26,49.7,73.6
2022-08-29,51.9,73.5
2022-08-30,53.5,80.8
2022-08-31,51.4,81.0
2022-09-01,52.2,81.7
2022-09-02,51.7,80.7
2022-09-05,54.9,81.1
2022-09-06,54.7,78.0
2022-09-07,49.7,78.2
2022-09-08,51.6,79.1
2022-09-09,50.5,81.1
2022-09-12,51.4,78.0
2022-09-13,46.4,73.1
2022-09-14,49.8,78.3
2022-09-15,50.4,78.7
2022-09-16,47.8,78.8
2022-09-19,48.2,77.0
2022-09-20,47.9,78.6
2022-09-21,48.3,78.2
2022-09-22,48.8,77.4
2022-09-23,53.6,81.7
2022-09-26,58.4,85.1
2022-09-27,60.4,87.4
2022-09-28,59.2,86.6
2022-09-29,56.8,85.7
2022-09-30,54.8,86.2
2022-10-03,56.6,85.5
2022-10-04,54.3,81.9
2022-10-05,56.0,86.1
2022-10-06,58.4,82.4
2022-10-07,60.8,83.4
2022-10-10,62.2,83.6
2022-10-11,59.2,80.6
2022-10-12,62.8,84.2
2022-10-13,60.6,81.4
2022-10-14,60.9,80.4
2022-10-17,63.3,79.7
2022-10-18,60.8,80.4
2022-10-19,59.8,81.8
2022-10-20,59.8,83.1
2022-10-21,60.6,82.1
2022-10-24,59.0,80.8
2022-10-25,58.3,81.6
2022-10-26,59.9,81.2
2022-10-27,58.8,82.1
2022-10-28,58.6,79.7
2022-10-31,54.2,78.2
2022-11-01,57.9,80.0
2022-11-02,57.3,80.4
2022-11-03,56.0,78.7
2022-11-04,54.6,79.3
2022-11-07,53.9,79.0
2022-11-08,52.8,78.0
2022-11-09,48.5,74.3
2022-11-10,45.9,79.9
2022-11-11,51.2,79.1
2022-11-14,52.4,80.5
2022-11-15,49.8,77.3
2022-11-16,46.6,76.5
2022-11-17,49.6,77.6
2022-11-18,47.2,75.3
2022-11-21,47.9,76.2
2022-11-22,47.2,75.8
2022-11-23,45.2,74.8
2022-11-24,46.8,75.0
2022-11-25,49.2,77.4
2022-11-28,51.3,78.1
2022-11-29,50.0,76.1
2022-11-30,50.6,77.8
2022-12-01,47.5,75.7
2022-12-02,45.1,76.8
2022-12-05,45.7,74.0
2022-12-06,46.6,73.3
2022-12-07,46.2,72.4
2022-12-08,49.1,74.7
2022-12-09,47.7,72.8
2022-12-12,47.4,73.6
2022-12-13,47.0,71.8
2022-12-14,48.0,73.6
2022-12-15,59.5,81.0
2022-12-16,54.9,82.0
2022-12-19,53.9,81.4
2022-12-20,54.0,83.5
2022-12-21,52.1,80.5
2022-12-22,52.7,79.5
2022-12-23,52.7,80.1
2022-12-27,55.4,83.5
2022-12-28,56.1,82.7
2022-12-29,56.0,81.0
2022-12-30,57.8,83.7
2023-01-02,53.7,79.3
2023-01-03,51.8,78.8
2023-01-04,51.7,76.9
2023-01-05,50.1,76.2
2023-01-06,50.5,74.6
2023-01-09,50.0,74.8
2023-01-10,48.7,74.5
2023-01-11,48.5,73.1
2023-01-12,46.4,71.6
2023-01-13,45.7,71.8
2023-01-16,50.2,74.6
2023-01-17,47.3,72.2
2023-01-18,41.5,66.4
2023-01-19,44.4,67.6
2023-01-20,45.1,68.7
2023-01-23,46.4,70.6
2023-01-24,46.2,71.0
2023-01-25,47.4,70.2
2023-01-26,46.6,71.1
2023-01-27,47.5,71.5
2023-01-30,47.5,72.7
2023-01-31,48.9,73.1
2023-02-01,47.4,71.6
2023-02-02,42.2,68.5
2023-02-03,43.5,68.1
2023-02-06,46.0,69.5
2023-02-07,45.4,70.7
2023-02-08,45.3,71.4
2023-02-09,45.7,70.4
2023-02-10,47.1,69.4
2023-02-13,46.0,69.1
2023-02-14,42.9,66.4
2023-02-15,46.5,70.4
2023-02-16,46.7,69.9
2023-02-17,48.6,71.4
2023-02-20,48.9,71.3
2023-02-21,47.9,74.0
2023-02-22,49.6,75.0
2023-02-23,49.4,74.3
2023-02-24,48.7,75.7
2023-02-27,48.9,74.3
2023-02-28,47.6,73.9
2023-03-01,47.3,72.7
2023-03-02,50.1,72.7
2023-03-03,49.0,72.7
2023-03-06,44.3,69.6
2023-03-07,47.6,72.2
2023-03-08,45.6,69.7
2023-03-09,45.0,68.7
2023-03-10,47.4,71.4
2023-03-13,53.4,74.9
2023-03-14,51.7,73.7
2023-03-15,56.7,76.4
2023-03-16,53.6,75.1
2023-03-17,57.6,77.0
2023-03-20,57.3,69.1
2023-03-21,56.6,71.2
2023-03-22,56.3,73.6
2023-03-23,59.1,70.8
2023-03-24,62.6,70.1
2023-03-27,52.0,73.8
2023-03-28,52.9,75.8
2023-03-29,52.3,74.1
2023-03-30,54.1,75.1
2023-03-31,52.6,74.1
2023-04-03,51.5,72.9
2023-04-04,52.0,73.4
2023-04-05,49.8,75.2
2023-04-06,50.5,74.4
2023-04-11,49.8,74.6
2023-04-12,53.3,73.7
2023-04-13,52.5,70.5
2023-04-14,54.7,74.1
2023-04-17,54.4,73.4
2023-04-18,53.2,69.9
2023-04-19,53.9,71.8
2023-04-20,54.2,70.6
2023-04-21,53.9,71.0
2023-04-24,56.1,72.6
2023-04-25,54.8,72.5
2023-04-26,54.0,71.5
2023-04-27,53.4,70.8
2023-04-28,52.7,70.7
2023-05-02,53.9,71.7
2023-05-03,56.6,75.7
2023-05-04,50.7,73.7
2023-05-05,52.8,75.6
2023-05-08,54.3,75.3
2023-05-09,54.9,76.9
2023-05-10,54.7,75.6
2023-05-11,55.4,76.5
2023-05-12,54.4,75.4
2023-05-15,56.4,76.7
2023-05-16,55.0,74.8
2023-05-17,54.5,73.8
2023-05-18,58.6,77.8
2023-05-19,54.2,74.4
2023-05-22,52.2,73.9
2023-05-23,51.2,75.3
2023-05-24,53.7,73.9
2023-05-25,54.4,73.4
2023-05-26,54.3,74.3
2023-05-29,51.1,72.8
2023-05-30,51.5,73.7
2023-05-31,52.5,72.5
2023-06-01,52.3,73.5
2023-06-02,52.4,70.2
2023-06-05,50.6,69.5
2023-06-06,52.7,70.0
2023-06-07,51.4,70.5
2023-06-08,53.7,72.9
2023-06-09,51.6,69.3
2023-06-12,46.8,69.3
2023-06-13,45.7,68.1
2023-06-14,46.6,70.1
2023-06-15,46.0,69.0
2023-06-16,43.5,66.1
2023-06-19,44.4,67.5
2023-06-20,44.5,68.0
2023-06-21,46.9,70.1
2023-06-22,47.3,69.9
2023-06-23,47.2,70.1
2023-06-26,46.6,69.1
2023-06-27,48.7,71.5
2023-06-28,48.2,71.2
2023-06-29,51.5,73.0
2023-06-30,49.7,71.3
2023-07-03,50.1,71.0
2023-07-04,49.7,72.5
2023-07-05,48.9,70.9
2023-07-06,50.4,73.6
2023-07-07,49.5,72.0
2023-07-10,48.3,70.3
2023-07-11,49.6,70.8
2023-07-12,46.0,69.8
2023-07-13,42.8,66.9
2023-07-14,49.9,72.5
2023-07-17,49.0,71.6
2023-07-18,47.8,68.9
2023-07-19,48.5,69.1
2023-07-20,46.6,68.5
2023-07-21,49.1,69.1
2023-07-24,46.0,65.9
2023-07-25,49.4,69.4
2023-07-26,47.1,69.0
2023-07-27,48.1,67.6
2023-07-28,48.6,69.0
2023-07-31,50.3,69.2
2023-08-01,51.9,73.5
2023-08-02,50.4,69.9
2023-08-03,51.8,69.2
2023-08-04,46.6,66.7
2023-08-07,51.1,69.1
2023-08-08,50.5,69.3
2023-08-09,50.1,69.7
2023-08-10,49.1,68.2
2023-08-11,50.5,68.5
2023-08-14,52.7,71.1
2023-08-15,51.8,71.2
2023-08-16,50.9,70.4
2023-08-17,51.2,70.9
2023-08-18,52.2,68.9
2023-08-21,51.9,71.5
2023-08-22,51.4,70.5
2023-08-23,52.6,69.9
2023-08-24,50.8,69.7
2023-08-25,51.9,70.7
2023-08-28,51.5,70.2
2023-08-29,50.0,69.4
2023-08-30,52.2,69.5
2023-08-31,49.3,67.9
2023-09-01,50.2,67.2
2023-09-04,51.5,70.8
2023-09-05,51.8,70.6
2023-09-06,51.9,71.3
2023-09-07,47.7,68.9
2023-09-08,47.7,69.1
2023-09-11,52.7,72.3
2023-09-12,52.7,71.9
2023-09-13,53.4,72.2
2023-09-14,51.7,71.6
2023-09-15,53.2,73.6
2023-09-18,51.1,72.3
2023-09-19,51.0,71.9
2023-09-20,51.0,73.4
2023-09-21,51.5,72.7
2023-09-22,53.2,73.5
2023-09-25,52.3,73.8
2023-09-26,53.3,74.9
2023-09-27,54.8,76.4
2023-09-28,56.3,78.3
2023-09-29,55.5,78.9
2023-10-02,56.0,79.6
2023-10-03,55.6,80.6
2023-10-04,58.2,81.8
2023-10-05,59.5,82.1
2023-10-06,61.0,83.6
2023-10-09,61.0,85.4
2023-10-10,59.8,83.7
2023-10-11,59.0,82.9
2023-10-12,58.9,81.4
2023-10-13,56.1,75.2
2023-10-16,61.9,82.0
2023-10-17,60.7,81.6
2023-10-18,60.9,81.9
2023-10-19,58.1,78.9
2023-10-20,61.1,81.3
2023-10-23,59.1,80.5
2023-10-24,60.2,81.8
2023-10-25,61.9,83.4
2023-10-26,61.2,81.3
2023-10-27,59.2,79.7
2023-10-30,55.9,77.1
2023-10-31,57.7,79.7
2023-11-01,56.7,78.2
2023-11-02,55.8,77.0
2023-11-03,55.4,76.6
2023-11-06,57.0,78.4
2023-11-07,57.1,78.7
2023-11-08,57.2,76.3
2023-11-09,58.2,76.0
2023-11-10,59.9,76.7
2023-11-13,58.8,75.8
2023-11-14,55.1,75.0
2023-11-15,55.3,73.7
2023-11-16,51.7,71.6
2023-11-17,53.9,72.7
2023-11-20,53.1,70.3
2023-11-21,51.9,70.2
2023-11-22,52.4,70.4
2023-11-23,54.5,71.6
2023-11-24,54.3,70.6
2023-11-27,51.5,70.3
2023-11-28,50.4,71.2
2023-11-29,48.1,70.6
2023-11-30,50.9,73.2
2023-12-01,47.2,70.0
2023-12-04,49.8,71.7
2023-12-05,49.3,71.7
2023-12-06,45.0,70.7
2023-12-07,49.8,73.3
2023-12-08,48.8,70.6
2023-12-11,51.9,70.7
2023-12-12,51.8,70.0
2023-12-13,51.6,70.2
2023-12-14,49.4,68.1
2023-12-15,49.3,68.1
2023-12-18,50.0,68.0
2023-12-19,47.9,66.8
2023-12-20,46.3,66.6
2023-12-21,46.3,61.7
2023-12-22,48.7,66.6
2023-12-27,48.3,67.4
2023-12-28,51.2,69.9
2023-12-29,53.2,70.7
2024-01-02,52.2,69.7
2024-01-03,54.3,71.5
2024-01-04,53.9,70.9
2024-01-05,54.2,71.2
2024-01-08,53.4,70.2
2024-01-09,50.5,67.3
2024-01-10,49.9,66.7
2024-01-11,49.5,66.7
2024-01-12,49.5,66.9
2024-01-15,50.7,67.3
2024-01-16,50.4,67.9
2024-01-17,51.9,69.2
2024-01-18,50.7,67.9
2024-01-19,49.9,66.1
2024-01-22,48.9,65.3
2024-01-23,48.4,65.2
2024-01-24,48.1,64.9
2024-01-25,47.7,64.4
2024-01-26,46.4,62.7
2024-01-29,46.7,62.7
2024-01-30,47.1,63.1
2024-01-31,47.7,64.6
2024-02-01,47.2,64.6
2024-02-02,48.5,65.8
2024-02-05,46.4,63.5
2024-02-06,47.7,64.6
2024-02-07,48.2,64.5
2024-02-08,47.7,63.7
2024-02-09,48.4,63.8
2024-02-12,47.1,62.3
2024-02-13,47.5,62.4
2024-02-14,45.9,61.9
2024-02-15,45.4,62.0
2024-02-16,43.0,60.1
2024-02-19,42.6,60.0
2024-02-20,43.1,60.3
2024-02-21,41.9,59.7
2024-02-22,41.4,59.1
2024-02-23,41.4,58.6
2024-02-26,40.6,59.0
2024-02-27,41.2,59.3
2024-02-28,41.2,58.9
2024-02-29,41.3,58.2
2024-03-01,45.2,61.2
2024-03-04,43.6,59.8
2024-03-05,42.4,60.3
2024-03-06,41.2,58.8
2024-03-07,38.5,57.6
2024-03-08,39.4,58.0
2024-03-11,39.4,57.8
2024-03-12,37.7,56.4
2024-03-13,37.1,54.5
2024-03-14,35.9,52.8
2024-03-15,38.1,54.5
2024-03-18,37.2,53.0
2024-03-19,38.4,54.3
2024-03-20,37.8,54.2
2024-03-21,38.0,54.3
2024-03-22,40.5,58.1
2024-03-25,39.3,56.6
2024-03-26,39.3,57.1
2024-03-27,40.2,57.4
2024-03-28,42.1,58.9
2024-04-02,42.6,58.5
2024-04-03,44.0,60.0
2024-04-04,41.7,57.8
2024-04-05,41.4,57.8
2024-04-08,40.6,55.9
2024-04-09,40.4,56.2
2024-04-10,40.6,54.8
2024-04-11,41.3,54.2
2024-04-12,42.1,55.3
2024-04-15,42.7,55.5
2024-04-16,44.5,56.6
2024-04-17,43.5,55.6
2024-04-18,42.4,56.2
2024-04-19,42.4,55.6
2024-04-22,42.2,53.9
2024-04-23,39.8,52.8
2024-04-24,40.9,53.8
2024-04-25,41.4,55.2
2024-04-26,39.9,53.9
2024-04-29,39.1,52.8
2024-04-30,38.3,52.8
2024-05-02,38.6,52.2
2024-05-03,37.8,53.0
2024-05-06,38.9,55.0
2024-05-07,40.0,56.0
2024-05-08,39.2,54.8
2024-05-09,40.0,55.3
2024-05-10,39.1,54.5
2024-05-13,39.2,54.2
2024-05-14,39.5,54.1
2024-05-15,38.4,53.5
2024-05-16,38.7,53.8
2024-05-17,38.5,53.0
2024-05-20,38.1,52.4
2024-05-21,38.0,52.8
2024-05-22,37.4,52.2
2024-05-23,36.9,52.5
2024-05-24,37.8,52.6
2024-05-27,36.8,52.2
2024-05-28,37.6,52.7
2024-05-29,38.1,52.2
2024-05-30,38.3,51.8
2024-05-31,37.8,52.3
2024-06-03,38.0,51.5
2024-06-04,36.6,50.9
2024-06-05,37.5,52.2
2024-06-06,37.5,52.5
2024-06-07,38.2,52.5
2024-06-10,41.3,54.8
2024-06-11,46.2,60.2
2024-06-12,42.6,58.1
2024-06-13,45.4,60.5
2024-06-14,53.0,69.3
2024-06-17,49.7,64.1
2024-06-18,48.4,62.5
2024-06-19,50.3,65.2
2024-06-20,48.7,64.3
2024-06-21,49.7,67.1
2024-06-24,46.8,64.1
2024-06-25,48.7,67.1
2024-06-26,48.8,66.7
2024-06-27,50.7,69.1
2024-06-28,51.2,69.6
2024-07-01,46.0,62.6
2024-07-02,43.6,62.0
2024-07-03,43.6,61.4
2024-07-04,42.1,59.9
2024-07-05,41.0,58.6
2024-07-08,39.9,56.2
2024-07-09,40.1,56.9
2024-07-10,39.4,56.6
2024-07-11,39.2,57.1
2024-07-12,38.4,57.1
2024-07-15,39.1,55.7
2024-07-16,38.6,55.6
2024-07-17,39.8,56.5
2024-07-18,38.9,56.7
2024-07-19,39.4,57.0
2024-07-22,39.6,55.7
2024-07-23,41.6,58.5
2024-07-24,43.1,60.0
2024-07-25,43.7,59.7
2024-07-26,40.8,59.6
2024-07-29,40.6,60.3
2024-07-30,42.9,60.3
2024-07-31,41.8,59.4
2024-08-01,44.9,62.9
2024-08-02,45.8,66.3
2024-08-05,47.5,69.9
2024-08-06,45.6,67.6
2024-08-07,43.6,65.5
2024-08-08,44.6,65.8
2024-08-09,44.1,65.8
2024-08-12,43.6,64.9
2024-08-13,43.8,64.0
2024-08-14,42.7,63.9
2024-08-15,41.6,63.1
2024-08-16,41.3,63.8
2024-08-19,41.6,62.9
2024-08-20,41.6,62.8
2024-08-21,40.3,62.8
2024-08-22,39.3,61.9
2024-08-23,41.4,62.0
2024-08-26,41.0,61.7
2024-08-27,42.9,63.6
2024-08-28,41.6,63.4
2024-08-29,41.1,62.5
2024-08-30,41.6,62.6
2024-09-02,40.9,61.6
2024-09-03,41.7,64.0
2024-09-04,42.1,63.6
2024-09-05,39.6,61.9
2024-09-06,43.2,62.6
2024-09-09,42.2,63.4
2024-09-10,41.7,63.5
2024-09-11,41.4,63.8
2024-09-12,40.4,62.3
2024-09-13,39.7,60.9
2024-09-16,39.8,62.0
2024-09-17,39.9,61.5
2024-09-18,41.4,61.7
2024-09-19,40.1,62.9
2024-09-20,40.6,62.7
2024-09-23,40.6,62.4
2024-09-24,41.7,62.2
2024-09-25,41.2,62.7
2024-09-26,41.1,63.7
2024-09-27,40.8,61.1
2024-09-30,42.7,62.6
2024-10-01,41.4,61.7
2024-10-02,42.3,61.2
2024-10-03,40.8,59.1
2024-10-04,41.3,58.6
2024-10-07,41.6,58.2
2024-10-08,42.0,58.2
2024-10-09,42.1,59.7
2024-10-10,40.7,58.2
2024-10-11,40.5,59.1
2024-10-14,40.6,57.3
2024-10-15,37.6,57.0
2024-10-16,37.5,57.5
2024-10-17,36.0,57.1
2024-10-18,36.1,55.5
2024-10-21,38.3,56.2
2024-10-22,38.6,56.2
2024-10-23,39.2,55.4
2024-10-24,38.5,55.5
2024-10-25,38.6,55.3
2024-10-28,37.8,55.7
2024-10-29,39.0,54.3
2024-10-30,39.7,54.1
2024-10-31,42.7,55.7
2024-11-01,40.3,55.7
2024-11-04,40.1,57.0
2024-11-05,39.3,56.5
2024-11-06,42.3,59.1
2024-11-07,42.1,59.2
2024-11-08,42.0,59.2
2024-11-11,40.6,57.6
2024-11-12,40.4,57.6
2024-11-13,40.9,56.9
2024-11-14,39.8,55.8
2024-11-15,39.8,54.5
2024-11-18,39.9,54.7
2024-11-19,40.6,55.4
2024-11-20,40.5,56.2
2024-11-21,41.0,57.6
2024-11-22,40.2,57.9
2024-11-25,41.2,58.0
2024-11-26,40.5,58.7
2024-11-27,41.4,59.2
2024-11-28,39.4,58.0
2024-11-29,39.9,58.3
2024-12-02,42.4,60.0
2024-12-03,39.1,59.5
2024-12-04,37.7,58.1
2024-12-05,35.0,53.9
2024-12-06,34.9,54.2
2024-12-09,33.9,52.2
2024-12-10,35.2,51.3
2024-12-11,34.5,51.1
2024-12-12,34.0,53.9
2024-12-13,36.0,52.3
2024-12-16,37.9,54.4
2024-12-17,38.3,56.0
2024-12-18,37.2,55.2
2024-12-19,37.5,55.1
2024-12-20,38.0,56.0
2024-12-23,38.7,56.4
2024-12-24,38.6,56.2
2024-12-27,37.9,55.3
2024-12-30,39.2,55.3
2025-01-02,39.2,55.6
2025-01-03,40.9,54.8
2025-01-06,38.6,52.8
2025-01-07,37.9,52.7
2025-01-08,38.9,55.0
2025-01-09,39.9,56.1
2025-01-10,38.7,55.3
2025-01-13,39.4,56.5
2025-01-14,36.8,55.1
2025-01-15,36.8,53.5
2025-01-16,37.0,52.5
2025-01-17,36.8,51.9
2025-01-20,36.0,51.9
2025-01-21,35.7,51.1
2025-01-22,35.1,50.3
2025-01-23,35.1,53.1
2025-01-24,34.0,52.0
2025-01-27,34.6,51.4
2025-01-28,32.5,50.4
2025-01-29,33.1,51.4
2025-01-30,33.1,51.8
2025-01-31,33.4,51.8
2025-02-03,33.0,52.6
2025-02-04,32.6,51.6
2025-02-05,33.4,50.2
2025-02-06,33.0,51.1
2025-02-07,33.1,49.6
2025-02-10,35.4,49.6
2025-02-11,34.1,50.8
2025-02-12,32.3,50.8
2025-02-13,32.7,49.4
2025-02-14,33.5,49.9
2025-02-17,32.6,50.3
2025-02-18,31.4,49.5
2025-02-19,32.2,51.4
2025-02-20,32.4,51.3
2025-02-21,33.9,52.2
2025-02-24,33.8,52.1
2025-02-25,33.0,51.4
2025-02-26,32.6,50.8
2025-02-27,35.1,50.4
2025-02-28,35.1,51.3
2025-03-03,33.4,50.1
2025-03-04,35.6,49.7
2025-03-05,30.8,51.1
2025-03-06,29.9,49.3
2025-03-07,29.2,49.9
2025-03-10,30.0,50.4
2025-03-11,28.8,47.2
2025-03-12,27.5,47.4
2025-03-13,29.9,49.9
2025-03-14,30.4,47.5
2025-03-17,28.7,48.3
2025-03-18,27.9,50.5
2025-03-19,27.2,49.7
2025-03-20,27.7,49.8
2025-03-21,30.0,49.8
2025-03-24,29.1,49.0
2025-03-25,28.6,48.7
2025-03-26,28.1,49.3
2025-03-27,28.8,49.2
2025-03-28,30.2,50.4
2025-03-31,30.8,51.4
2025-04-01,30.2,50.4
2025-04-02,29.3,50.8
2025-04-03,32.3,52.1
2025-04-04,35.0,55.6
2025-04-07,37.5,57.2
2025-04-08,36.5,55.8
2025-04-09,40.2,59.8
2025-04-10,36.7,56.5
2025-04-11,38.2,59.7
2025-04-14,33.6,56.7
2025-04-15,35.6,55.8
2025-04-16,35.6,56.0
2025-04-17,36.0,55.7
2025-04-22,35.2,56.6
2025-04-23,32.3,54.9
2025-04-24,32.6,55.1
2025-04-25,33.2,54.4
2025-04-28,33.4,53.4
2025-04-29,34.6,54.7
2025-04-30,34.5,55.1
2025-05-02,32.9,53.3
2025-05-05,32.5,53.6
2025-05-06,33.9,54.1
2025-05-07,33.9,53.8
2025-05-08,33.8,52.9
2025-05-09,32.5,52.3
2025-05-12,28.7,51.7
2025-05-13,29.4,48.9
2025-05-14,29.7,48.3
2025-05-15,31.4,47.4
2025-05-16,31.3,47.6
2025-05-19,32.3,49.3
2025-05-20,31.7,47.4
2025-05-21,30.9,49.1
2025-05-22,32.0,49.7
2025-05-23,31.9,50.6
2025-05-26,31.8,50.3
2025-05-27,31.3,49.5
2025-05-28,31.1,49.9
2025-05-29,31.2,49.1
2025-05-30,30.4,49.6
2025-06-02,30.6,50.6
2025-06-03,29.8,49.4
2025-06-04,29.6,49.6
2025-06-05,28.2,49.3
2025-06-06,27.7,49.5
2025-06-09,28.7,49.1
2025-06-10,28.0,49.0
2025-06-11,27.5,48.9
2025-06-12,29.4,51.6
2025-06-13,31.4,52.2
2025-06-16,30.8,50.5
2025-06-17,31.0,52.5
2025-06-18,31.5,53.2
2025-06-19,32.4,55.3
2025-06-20,31.5,54.5
2025-06-23,33.0,53.5
2025-06-24,30.9,51.3
2025-06-25,29.9,50.7
2025-06-26,30.2,50.0
2025-06-27,29.3,50.1
2025-06-30,28.3,49.4
2025-07-01,28.8,49.6
2025-07-02,30.0,50.8
2025-07-03,30.0,50.1
2025-07-04,29.8,49.7
2025-07-07,29.3,50.5
2025-07-08,29.0,49.7
2025-07-09,28.9,49.4
2025-07-10,28.7,49.8
2025-07-11,28.3,49.7
2025-07-14,28.7,49.9
2025-07-15,28.2,48.7
2025-07-16,29.1,49.2
2025-07-17,30.1,50.2
2025-07-18,29.4,49.3
2025-07-21,29.5,49.1
2025-07-22,30.2,49.1
2025-07-23,29.4,48.5
2025-07-24,28.8,48.4
2025-07-25,29.0,48.0
2025-07-28,28.6,46.8
2025-07-29,27.8,46.2
2025-07-30,28.5,46.9
2025-07-31,28.0,46.7
2025-08-01,27.9,47.5
2025-08-04,27.7,47.4
2025-08-05,27.0,46.7
2025-08-06,28.3,47.1
2025-08-07,27.6,46.2
2025-08-08,27.8,46.2
2025-08-11,27.4,45.7
2025-08-12,28.0,45.5
2025-08-13,28.2,45.0
2025-08-14,27.9,44.8
2025-08-15,27.5,45.9
2025-08-18,28.3,45.3
2025-08-19,27.8,45.6
2025-08-20,28.7,46.2
2025-08-21,29.1,47.6
2025-08-22,29.4,47.5
2025-08-25,28.5,47.3
2025-08-26,30.5,49.7
2025-08-27,31.9,51.4
2025-08-28,30.6,50.2
2025-08-29,30.7,50.6
2025-09-01,30.9,49.8
2025-09-02,31.7,51.0
2025-09-03,31.0,50.3
2025-09-04,29.8,49.2
2025-09-05,28.9,48.7
2025-09-08,29.5,48.6
2025-09-09,28.7,48.0
2025-09-10,28.8,47.9
2025-09-11,28.1,47.4
2025-09-12,28.2,47.5
2025-09-15,27.5,46.9
2025-09-16,27.6,46.6
2025-09-17,27.3,47.1
2025-09-18,28.6,47.0
2025-09-19,27.8,46.2
2025-09-22,27.8,46.5
2025-09-23,26.7,46.3
2025-09-24,28.5,47.5
2025-09-25,29.0,48.1
2025-09-26,29.1,48.1
2025-09-29,28.7,48.1
2025-09-30,28.5,47.3
2025-10-01,27.6,46.9
2025-10-02,28.2,47.5
2025-10-03,27.5,47.4
2025-10-06,28.9,48.3
2025-10-07,28.7,48.1
2025-10-08,28.5,46.9
2025-10-09,28.0,46.6
2025-10-10,28.2,47.0
2025-10-13,28.5,47.4
2025-10-14,26.9,46.5
2025-10-15,26.8,45.2
2025-10-16,26.2,43.8
2025-10-17,26.6,45.4
2025-10-20,26.8,45.3
2025-10-21,27.0,45.9
2025-10-22,26.9,45.1
2025-10-23,26.8,45.4
2025-10-24,26.4,45.3
2025-10-27,26.0,45.6
2025-10-28,26.3,45.7
2025-10-29,25.4,44.6
2025-10-30,25.2,44.2
2025-10-31,25.1,43.6
2025-11-03,24.1,44.0
2025-11-04,24.6,44.4
2025-11-05,25.4,44.1
2025-11-06,25.4,45.0
2025-11-07,26.2,45.4
2025-11-10,25.4,44.2
2025-11-11,24.8,43.4
2025-11-12,24.5,43.0
2025-11-13,24.0,42.8
2025-11-14,24.4,43.5
2025-11-17,23.8,42.2
2025-11-18,25.3,43.0
2025-11-19,24.5,41.6
2025-11-20,24.9,42.3
2025-11-21,25.9,43.2
2025-11-24,24.7,42.5
2025-11-25,23.5,41.6
2025-11-26,23.6,41.3
2025-11-27,24.1,41.7
2025-11-28,23.4,41.1
2025-12-01,22.8,40.1
2025-12-02,22.5,40.9
2025-12-03,22.8,40.4
2025-12-04,22.3,40.2
2025-12-05,21.8,39.4
2025-12-08,21.4,39.7
2025-12-09,20.3,36.3
2025-12-10,20.9,36.6
2025-12-11,19.1,38.1
2025-12-12,20.4,38.1
2025-12-15,19.8,39.1
2025-12-16,13.8,35.0
2025-12-17,18.8,38.8
2025-12-18,16.7,39.5
2025-12-19,17.6,40.9
2025-12-22,18.2,38.6
2025-12-23,20.8,38.2
2025-12-24,20.9,37.9
2025-12-29,20.5,37.3
2025-12-30,19.6,37.3
2025-12-31,20.4,37.5
2026-01-02,21.5,38.5
2026-01-05,21.3,38.2
2026-01-06,21.7,37.9
2026-01-07,21.5,38.7
2026-01-08,21.2,37.6
2026-01-09,21.3,36.7
2026-01-12,20.3,37.4
2026-01-13,20.4,37.2
2026-01-14,20.3,38.5
2026-01-15,19.7,37.4
2026-01-16,19.8,36.7
2026-01-19,20.6,36.7
2026-01-20,20.9,36.8
2026-01-21,21.3,37.6
2026-01-22,19.5,36.7
2026-01-23,18.9,34.5
2026-01-26,18.9,33.8
2026-01-27,17.9,34.6
2026-01-28,19.0,33.7
2026-01-29,19.7,34.9
2026-01-30,19.9,34.7
2026-02-02,19.0,34.5
2026-02-03,17.5,34.5
2026-02-04,18.4,34.7
2026-02-05,19.0,36.1
2026-02-06,18.9,35.7
2026-02-09,18.7,35.9
2026-02-10,19.1,35.1
2026-02-11,18.8,35.5
2026-02-12,18.3,35.6
2026-02-13,19.1,36.6
2026-02-16,19.0,35.8
2026-02-17,19.8,36.0
2026-02-18,18.2,34.8
2026-02-19,18.4,35.2
2026-02-20,18.2,34.7
2026-02-23,18.8,34.7
2026-02-24,18.8,35.0
2026-02-25,17.9,34.2
2026-02-26,17.6,35.3
2026-02-27,19.4,36.8
2026-03-02,19.3,37.0
2026-03-03,21.9,39.5
2026-03-04,20.3,37.9
2026-03-05,21.3,37.3
2026-03-06,25.6,41.9
2026-03-09,25.2,41.2
2026-03-10,20.4,37.0
2026-03-11,22.1,39.0
2026-03-12,26.3,42.1
2026-03-13,25.5,42.4
2026-03-16,24.6,40.9
2026-03-17,23.9,40.0
2026-03-18,24.9,42.0
2026-03-19,25.9,42.9
2026-03-20,27.3,45.6
2026-03-23,25.7,42.4
2026-03-24,27.9,45.2
2026-03-25,27.8,43.8
2026-03-26,28.8,45.8
2026-03-27,30.0,47.9
2026-03-30,30.1,46.5
2026-03-31,27.8,43.7
2026-04-01,27.2,43.7
2026-04-02,27.6,44.7
2026-04-07,25.7,43.0
2026-04-08,23.0,38.9
2026-04-09,23.5,40.0
2026-04-10,23.3,40.5
2026-04-13,23.4,40.2
2026-04-14,23.0,38.9
2026-04-15,23.4,40.0
2026-04-16,24.3,41.5
2026-04-17,22.8,38.6
2026-04-20,22.5,39.1
2026-04-21,22.2,38.8
2026-04-22,22.8,40.2
2026-04-23,23.1,40.6
2026-04-24,24.3,41.2
2026-04-27,26.8,40.0
2026-04-28,27.1,40.3
2026-04-29,25.9,41.3
2026-04-30,25.3,41.5
2026-05-04,25.2,41.7
2026-05-05,25.2,40.9
2026-05-06,23.2,37.1
2026-05-07,23.8,37.1
2026-05-08,23.3,36.2
2026-05-11,23.4,37.9
2026-05-12,23.6,38.3
2026-05-13,23.0,38.7
2026-05-14,22.1,37.8
2026-05-15,23.3,39.6
2026-05-18,22.5,38.4
2026-05-19,23.1,39.4
2026-05-20,22.7,38.4
2026-05-21,23.5,38.4
2026-05-22,22.1,38.2
2026-05-25,22.1,37.3
2026-05-26,22.2,37.9
2026-05-27,22.4,36.6
2026-05-28,22.5,37.6
2026-05-29,22.0,36.4
2026-06-01,22.5,38.2
2026-06-02,21.7,37.1
2026-06-03,22.0,37.4
2026-06-04,22.8,38.1
2026-06-05,23.1,38.7
2026-06-08,23.2,39.6
2026-06-09,23.7,38.9
2026-06-10,24.5,39.4
2026-06-11,24.6,38.7
2026-06-12,23.3,38.6
2026-06-15,23.4,37.2
2026-06-16,22.5,36.8
2026-06-17,23.0,36.7
2026-06-18,23.1,37.3
2026-06-19,22.9,37.6
2026-06-22,23.4,37.2
2026-06-23,23.8,37.5
2026-06-24,23.8,37.5
2026-06-25,24.0,37.8
2026-06-26,25.2,38.4
2026-06-29,25.1,38.7
2026-06-30,24.6,38.2
2026-07-01,25.4,38.7
2026-07-02,24.3,38.4
2026-07-03,23.8,38.4
2026-07-06,23.9,37.8
2026-07-07,23.7,37.8
2026-07-08,24.8,39.3
2026-07-09,23.7,39.0
2026-07-10,23.6,38.9
2026-07-13,23.7,39.2
2026-07-14,23.8,39.8
2026-07-15,23.9,40.8
2026-07-16,24.6,41.8
2026-07-17,24.3,41.7
2026-07-20,23.9,41.4
2026-07-21,24.3,42.0
2026-07-22,24.0,42.3
2026-07-23,24.2,42.7
2026-07-24,24.6,41.9
2026-07-27,24.0,41.2
2026-07-28,24.0,41.5
2026-07-29,24.2,41.8
2026-07-30,24.3,41.8
2026-07-31,24.6,41.2
2026-08-03,23.6,39.9
2026-08-04,24.1,39.0
2026-08-05,24.7,39.7
2026-08-06,24.1,40.1
2026-08-07,23.5,40.1
2026-08-10,24.0,40.8
2026-08-11,24.2,41.4
2026-08-12,24.3,40.7
2026-08-13,24.1,41.2
2026-08-14,24.9,41.2
2026-08-17,25.3,41.4
2026-08-18,26.1,42.8
2026-08-19,24.9,42.2
2026-08-20,25.9,43.0
2026-08-21,25.6,42.9
2026-08-24,26.0,43.6
2026-08-25,25.8,42.4
2026-08-26,25.5,42.3
2026-08-27,25.8,42.6
2026-08-28,25.2,42.3
2026-08-31,25.5,43.0
2026-09-01,25.5,43.2
2026-09-02,26.6,43.3
2026-09-03,26.5,42.4
2026-09-04,25.1,42.1
2026-09-07,25.2,42.3
2026-09-08,25.0,42.5
2026-09-09,25.9,43.1
2026-09-10,27.3,44.9
2026-09-11,27.2,44.8
2026-09-14,28.7,46.8
2026-09-15,28.1,46.0
2026-09-16,27.8,45.8
2026-09-17,27.3,45.5
2026-09-18,29.0,47.4
2026-09-21,28.6,46.3
2026-09-22,27.9,46.4
2026-09-23,28.1,49.3
2026-09-24,30.4,49.8
2026-09-25,29.5,49.8
2026-09-28,29.7,49.9
