,level_10y,slope_2s10s,slope_10s30s,fly_2s5s10s
2004-09-06,4.21,156.8,77.95,6.4
2004-09-07,4.21,152.99,76.59,6.96
2004-09-08,4.23,152.19,75.05,8.08
2004-09-09,4.16,151.56,78.47,5.32
2004-09-10,4.12,153.13,79.75,3.88
2004-09-13,4.14,150.16,79.06,4.43
2004-09-14,4.13,150.89,79.75,3.94
2004-09-15,4.13,150.6,79.3,4.02
2004-09-16,4.13,149.52,78.35,4.37
2004-09-17,4.1,150.73,79.43,3.04
2004-09-20,4.08,149.11,79.34,2.79
2004-09-21,4.09,148.48,79.18,2.93
2004-09-22,4.07,146.84,78.7,2.69
2004-09-23,4.0,146.84,80.92,0.38
2004-09-24,4.04,146.23,78.86,1.94
2004-09-27,4.01,145.63,79.79,0.93
2004-09-28,4.02,147.09,78.31,-0.23
2004-09-29,4.06,147.02,78.54,0.49
2004-09-30,4.07,147.54,82.29,0.34
2004-10-01,4.09,152.04,81.51,-0.77
2004-10-04,4.12,151.59,78.65,1.45
2004-10-05,4.08,150.16,79.4,0.19
2004-10-06,4.07,149.7,78.72,0.25
2004-10-07,4.08,151.03,79.03,0.27
2004-10-08,4.03,152.61,80.7,-1.5
2004-10-11,4.04,153.59,81.86,-2.12
2004-10-12,3.99,152.82,82.64,-3.33
2004-10-13,4.01,152.17,81.35,-2.59
2004-10-14,3.99,152.57,81.92,-3.18
2004-10-15,3.98,155.04,81.84,-3.06
2004-10-18,3.98,155.48,83.66,-3.96
2004-10-19,4.0,156.22,83.27,-3.38
2004-10-20,3.96,155.72,84.76,-4.83
2004-10-21,3.96,154.48,84.03,-4.68
2004-10-22,3.96,153.43,83.83,-4.77
2004-10-25,3.92,153.23,86.05,-6.57
2004-10-26,3.91,153.0,86.5,-6.96
2004-10-27,3.92,152.4,85.52,-6.44
2004-10-28,3.99,152.75,82.24,-3.07
2004-10-29,3.93,147.55,90.55,-8.1
2004-11-01,3.96,153.23,87.8,-6.08
2004-11-02,3.99,152.58,85.83,-4.85
2004-11-03,3.99,153.17,85.85,-4.26
2004-11-04,3.99,153.48,85.74,-4.0
2004-11-05,3.99,153.81,85.63,-3.65
2004-11-08,3.99,153.78,85.98,-3.5
2004-11-09,3.94,146.98,82.56,-5.6
2004-11-10,3.93,147.59,80.73,-6.72
2004-11-11,3.91,149.77,80.98,-7.45
2004-11-12,3.89,148.14,80.8,-7.72
2004-11-15,3.85,145.87,81.07,-8.8
2004-11-16,3.83,140.81,80.77,-8.9
2004-11-17,3.85,142.29,80.94,-8.61
2004-11-18,3.88,141.83,80.68,-7.71
2004-11-19,3.86,141.85,80.72,-8.25
2004-11-22,3.83,141.41,81.16,-9.13
2004-11-23,3.83,141.19,80.77,-9.26
2004-11-24,3.82,143.35,81.3,-9.71
2004-11-25,3.81,144.49,81.25,-9.62
2004-11-26,3.8,144.61,79.34,-8.47
2004-11-29,3.85,144.99,78.75,-7.44
2004-11-30,3.82,145.22,79.54,-8.15
2004-12-01,3.8,145.36,79.47,-8.37
2004-12-02,3.83,143.52,77.59,-7.06
2004-12-03,3.8,143.36,79.94,-8.98
2004-12-06,3.75,143.74,80.75,-9.98
2004-12-07,3.72,142.06,81.99,-11.35
2004-12-08,3.73,139.58,80.32,-10.48
2004-12-09,3.65,135.15,80.48,-11.97
2004-12-10,3.63,131.61,80.02,-12.43
2004-12-13,3.64,132.21,78.91,-11.43
2004-12-14,3.62,130.43,77.85,-11.3
2004-12-15,3.58,127.13,76.75,-11.65
2004-12-16,3.6,124.34,74.78,-9.55
2004-12-17,3.65,124.74,72.44,-7.13
2004-12-20,3.62,125.08,74.82,-9.38
2004-12-21,3.65,123.09,73.63,-8.98
2004-12-22,3.64,120.32,76.48,-7.7
2004-12-23,3.61,120.77,79.16,-9.42
2004-12-24,3.57,118.5,86.77,-11.89
2004-12-27,3.63,121.26,79.14,-8.75
2004-12-28,3.65,125.24,77.54,-10.68
2004-12-29,3.71,122.65,78.45,-6.06
2004-12-30,3.71,123.13,79.08,-6.12
2004-12-31,3.71,123.16,80.0,-5.56
2005-01-03,3.66,123.09,83.16,-10.6
2005-01-04,3.67,121.12,79.01,-5.71
2005-01-05,3.7,121.6,77.63,-4.69
2005-01-06,3.65,123.7,76.86,-7.13
2005-01-07,3.62,123.1,76.89,-7.67
2005-01-10,3.62,123.45,76.27,-7.08
2005-01-11,3.62,120.82,74.86,-6.98
2005-01-12,3.62,121.25,74.91,-6.79
2005-01-13,3.59,122.38,75.03,-8.12
2005-01-14,3.58,120.06,72.24,-6.88
2005-01-17,3.56,118.9,71.91,-7.15
2005-01-18,3.57,118.43,69.8,-5.8
2005-01-19,3.53,115.95,66.24,-5.15
2005-01-20,3.58,117.8,68.0,-4.7
2005-01-21,3.59,119.7,68.75,-5.22
2005-01-24,3.56,119.15,69.38,-6.09
2005-01-25,3.53,117.43,65.59,-4.93
2005-01-26,3.57,118.66,64.08,-3.16
2005-01-27,3.6,117.86,63.06,-1.73
2005-01-28,3.56,117.57,65.9,-4.32
2005-01-31,3.56,116.73,65.12,-3.94
2005-02-01,3.56,117.04,65.07,-3.48
2005-02-02,3.54,114.2,62.66,-2.91
2005-02-03,3.55,113.42,57.26,-0.26
2005-02-04,3.51,111.1,56.94,-0.93
2005-02-07,3.48,107.36,53.46,0.53
2005-02-08,3.48,105.3,55.51,0.12
2005-02-09,3.45,105.13,54.06,-0.4
2005-02-10,3.44,106.35,56.09,-1.78
2005-02-11,3.47,109.94,59.1,-2.83
2005-02-14,3.5,110.62,58.76,-1.98
2005-02-15,3.51,109.22,58.52,-1.08
2005-02-16,3.48,107.68,63.3,-2.86
2005-02-17,3.59,113.93,59.73,0.22
2005-02-18,3.66,118.9,59.6,1.86
2005-02-21,3.68,119.32,59.48,2.28
2005-02-22,3.7,121.97,60.01,1.68
2005-02-23,3.68,122.03,61.5,0.39
2005-02-24,3.7,123.18,62.29,0.45
2005-02-25,3.74,123.49,60.1,2.26
2005-02-28,3.71,122.21,60.08,1.82
2005-03-01,3.73,124.56,61.89,1.33
2005-03-02,3.79,128.84,63.54,1.44
2005-03-03,3.77,129.81,66.04,-0.22
2005-03-04,3.72,128.87,65.23,-1.24
2005-03-07,3.68,127.27,64.75,-1.89
2005-03-08,3.71,129.87,65.38,-1.66
2005-03-09,3.78,133.18,65.3,-0.41
2005-03-10,3.77,133.3,65.63,-0.74
2005-03-11,3.79,135.21,67.53,-1.48
2005-03-14,3.79,134.07,65.79,-0.32
2005-03-15,3.74,130.55,65.5,-1.39
2005-03-16,3.73,124.33,63.81,0.09
2005-03-17,3.7,122.38,63.91,-0.72
2005-03-18,3.73,123.99,63.95,0.25
2005-03-21,3.74,122.78,61.79,1.6
2005-03-22,3.7,119.0,62.29,0.97
2005-03-23,3.74,119.8,60.45,2.52
2005-03-24,3.71,117.8,62.57,1.41
2005-03-29,3.72,118.32,62.08,1.91
2005-03-30,3.71,118.29,63.75,0.74
2005-03-31,3.65,118.3,66.63,-1.5
2005-04-01,3.61,118.61,71.73,-5.0
2005-04-04,3.62,119.97,65.62,-3.63
2005-04-05,3.62,119.14,65.34,-3.58
2005-04-06,3.62,119.98,68.79,-5.01
2005-04-07,3.6,121.02,71.35,-6.44
2005-04-08,3.61,123.12,74.12,-7.44
2005-04-11,3.6,122.6,73.26,-7.28
2005-04-12,3.59,121.09,71.4,-6.48
2005-04-13,3.56,119.47,72.44,-7.33
2005-04-14,3.58,120.45,72.49,-7.07
2005-04-15,3.54,120.93,75.34,-9.21
2005-04-18,3.54,121.43,75.0,-8.76
2005-04-19,3.51,121.18,73.21,-9.45
2005-04-20,3.51,121.38,73.55,-9.77
2005-04-21,3.55,125.08,68.83,-7.51
2005-04-22,3.51,121.99,71.9,-8.94
2005-04-25,3.49,120.8,71.87,-9.26
2005-04-26,3.48,119.91,71.75,-9.49
2005-04-27,3.45,118.71,70.97,-9.63
2005-04-28,3.45,120.13,71.88,-10.18
2005-04-29,3.48,123.64,70.35,-9.28
2005-05-02,3.46,123.07,65.98,-12.51
2005-05-03,3.45,124.11,66.49,-13.2
2005-05-04,3.48,125.82,65.92,-12.49
2005-05-05,3.47,125.52,67.78,-13.41
2005-05-06,3.5,125.92,66.25,-11.9
2005-05-09,3.5,125.09,64.73,-11.02
2005-05-10,3.43,122.04,64.47,-12.73
2005-05-11,3.4,119.62,63.74,-12.9
2005-05-12,3.4,118.44,63.21,-12.35
2005-05-13,3.36,115.02,64.74,-13.0
2005-05-16,3.37,115.42,63.14,-12.43
2005-05-17,3.38,116.33,63.83,-12.54
2005-05-18,3.35,113.49,61.55,-12.05
2005-05-19,3.36,113.62,60.35,-11.32
2005-05-20,3.4,113.75,59.77,-9.59
2005-05-23,3.37,111.9,59.76,-10.19
2005-05-24,3.33,112.34,60.87,-12.3
2005-05-25,3.33,114.49,62.88,-13.89
2005-05-26,3.37,117.34,62.94,-13.38
2005-05-27,3.38,119.78,66.94,-15.23
2005-05-30,3.38,119.94,67.49,-15.45
2005-05-31,3.32,115.64,65.73,-14.85
2005-06-01,3.31,120.53,67.78,-16.74
2005-06-02,3.27,116.85,71.21,-10.36
2005-06-03,3.2,112.56,70.24,-11.34
2005-06-06,3.25,116.6,66.8,-10.71
2005-06-07,3.19,114.34,65.34,-10.77
2005-06-08,3.16,114.43,64.67,-10.64
2005-06-09,3.2,115.24,59.98,-13.46
2005-06-10,3.2,112.81,59.78,-12.89
2005-06-13,3.23,116.57,62.22,-13.46
2005-06-14,3.24,116.73,63.05,-13.55
2005-06-15,3.32,119.85,65.63,-12.69
2005-06-16,3.37,121.28,62.75,-9.87
2005-06-17,3.34,119.68,61.15,-9.69
2005-06-20,3.36,123.98,62.05,-9.95
2005-06-21,3.27,122.82,61.79,-11.59
2005-06-22,3.19,119.33,59.78,-12.02
2005-06-23,3.2,118.99,61.26,-12.62
2005-06-24,3.18,116.62,60.63,-12.86
2005-06-27,3.16,116.26,60.76,-13.28
2005-06-28,3.21,118.3,62.98,-13.74
2005-06-29,3.18,118.19,64.1,-14.87
2005-06-30,3.2,119.14,62.56,-13.54
2005-07-01,3.19,115.99,61.61,-13.33
2005-07-04,3.22,113.79,62.18,-12.98
2005-07-05,3.26,112.15,62.16,-11.44
2005-07-06,3.26,111.88,61.6,-11.01
2005-07-07,3.24,114.13,64.42,-13.17
2005-07-08,3.22,110.99,62.47,-12.78
2005-07-11,3.25,110.64,66.98,-14.34
2005-07-12,3.25,109.79,67.78,-14.16
2005-07-13,3.28,110.35,68.78,-13.93
2005-07-14,3.32,112.63,69.28,-13.33
2005-07-15,3.32,112.02,68.01,-12.89
2005-07-18,3.28,110.18,67.57,-13.58
2005-07-19,3.31,111.2,67.06,-12.76
2005-07-20,3.33,112.55,63.61,-10.87
2005-07-21,3.31,113.3,66.67,-13.23
2005-07-22,3.27,111.4,66.09,-13.83
2005-07-25,3.26,110.12,65.72,-13.88
2005-07-26,3.27,109.24,65.3,-13.29
2005-07-27,3.25,107.98,65.32,-13.83
2005-07-28,3.26,106.98,65.2,-13.37
2005-07-29,3.26,106.72,64.9,-13.21
2005-08-01,3.31,106.29,65.48,-11.71
2005-08-02,3.31,106.76,65.33,-11.26
2005-08-03,3.36,110.06,62.63,-9.8
2005-08-04,3.35,108.92,62.25,-9.81
2005-08-05,3.4,110.41,61.62,-8.26
2005-08-08,3.4,109.92,60.61,-7.62
2005-08-09,3.38,108.1,59.83,-7.53
2005-08-10,3.36,106.85,59.58,-7.96
2005-08-11,3.36,107.91,59.87,-8.16
2005-08-12,3.33,108.07,61.57,-10.1
2005-08-15,3.31,108.41,60.67,-11.04
2005-08-16,3.28,108.56,61.57,-12.28
2005-08-17,3.26,107.2,61.85,-12.92
2005-08-18,3.24,106.5,61.68,-13.23
2005-08-19,3.23,105.15,61.16,-12.95
2005-08-22,3.24,105.31,61.72,-12.73
2005-08-23,3.21,101.4,62.06,-12.92
2005-08-24,3.2,100.21,61.31,-12.94
2005-08-25,3.18,99.48,61.73,-13.61
2005-08-26,3.17,97.86,61.59,-13.24
2005-08-29,3.17,97.18,61.45,-12.89
2005-08-30,3.19,96.65,61.66,-11.97
2005-08-31,3.13,95.2,64.97,-14.86
2005-09-01,3.11,97.37,63.23,-15.01
2005-09-02,3.09,98.03,64.19,-16.08
2005-09-05,3.08,97.84,63.53,-16.2
2005-09-06,3.11,97.57,62.71,-15.05
2005-09-07,3.11,97.81,62.31,-14.78
2005-09-08,3.1,96.83,62.9,-15.52
2005-09-09,3.08,93.64,63.34,-15.5
2005-09-12,3.14,95.61,63.99,-13.94
2005-09-13,3.13,94.81,67.0,-14.77
2005-09-14,3.11,92.16,65.97,-14.39
2005-09-15,3.13,92.08,65.84,-13.02
2005-09-16,3.16,93.13,65.6,-12.38
2005-09-19,3.14,92.68,65.63,-12.71
2005-09-20,3.1,90.46,64.84,-13.36
2005-09-21,3.06,87.73,62.47,-13.53
2005-09-22,3.06,88.53,62.95,-13.99
2005-09-23,3.08,86.16,62.47,-11.64
2005-09-26,3.14,88.34,62.99,-10.22
2005-09-27,3.13,87.62,64.48,-10.38
2005-09-28,3.16,86.61,60.82,-7.7
2005-09-29,3.16,83.4,59.38,-5.23
2005-09-30,3.16,82.55,58.79,-4.92
2005-10-03,3.22,85.46,55.71,-2.35
2005-10-04,3.18,83.82,57.72,-4.16
2005-10-05,3.18,83.2,56.98,-3.72
2005-10-06,3.19,83.44,60.0,-3.83
2005-10-07,3.2,80.74,58.2,-3.06
2005-10-10,3.16,78.09,61.02,-2.94
2005-10-11,3.2,77.82,53.67,-12.73
2005-10-12,3.23,80.27,54.2,-12.14
2005-10-13,3.29,85.46,55.04,-10.21
2005-10-14,3.29,86.19,54.79,-10.08
2005-10-17,3.31,84.02,53.16,-11.16
2005-10-18,3.31,84.45,53.65,-11.53
2005-10-19,3.29,85.89,54.63,-11.4
2005-10-20,3.32,83.0,55.4,-11.46
2005-10-21,3.25,79.49,54.12,-11.77
2005-10-24,3.25,79.98,53.84,-13.0
2005-10-25,3.3,81.01,52.86,-11.93
2005-10-26,3.4,82.71,51.0,-10.33
2005-10-27,3.4,83.01,51.34,-11.58
2005-10-28,3.4,81.38,50.05,-10.8
2005-10-31,3.4,81.39,50.19,-10.78
2005-11-01,3.41,79.37,48.08,-9.26
2005-11-02,3.48,81.16,45.38,-7.33
2005-11-03,3.48,82.0,45.31,-7.5
2005-11-04,3.48,84.02,45.55,-7.21
2005-11-07,3.51,80.39,43.43,-6.14
2005-11-08,3.49,79.42,42.4,-6.61
2005-11-09,3.51,78.41,41.52,-5.82
2005-11-10,3.54,81.0,40.95,-5.08
2005-11-11,3.52,80.43,40.96,-5.56
2005-11-14,3.51,80.41,40.99,-6.58
2005-11-15,3.55,82.45,41.54,-6.13
2005-11-16,3.46,79.48,44.36,-9.91
2005-11-17,3.48,77.95,43.3,-8.91
2005-11-18,3.53,72.39,39.81,-7.27
2005-11-21,3.53,72.63,40.01,-7.66
2005-11-22,3.51,73.32,40.65,-8.04
2005-11-23,3.48,73.22,41.32,-9.05
2005-11-24,3.4,70.09,46.18,-12.12
2005-11-25,3.42,71.92,43.41,-11.5
2005-11-28,3.43,69.22,43.54,-11.46
2005-11-29,3.43,69.35,43.42,-11.25
2005-11-30,3.46,69.45,41.99,-10.46
2005-12-01,3.39,70.6,43.56,-11.2
2005-12-02,3.42,72.85,43.68,-10.08
2005-12-05,3.42,72.63,42.91,-11.0
2005-12-06,3.39,69.64,45.24,-11.88
2005-12-07,3.38,68.47,44.04,-11.08
2005-12-08,3.39,68.01,43.99,-11.43
2005-12-09,3.43,66.86,42.4,-10.25
2005-12-12,3.42,65.2,41.89,-10.25
2005-12-13,3.4,62.0,41.38,-10.37
2005-12-14,3.37,59.16,42.69,-11.17
2005-12-15,3.37,58.42,42.0,-10.68
2005-12-16,3.34,56.23,40.81,-10.5
2005-12-19,3.34,55.78,39.08,-10.85
2005-12-20,3.35,55.4,37.71,-9.22
2005-12-21,3.38,54.17,36.69,-7.61
2005-12-22,3.37,52.53,35.79,-7.17
2005-12-23,3.37,52.71,32.63,-5.81
2005-12-27,3.33,48.98,37.53,-7.8
2005-12-28,3.29,47.06,38.27,-8.96
2005-12-29,3.31,47.65,35.63,-8.91
2005-12-30,3.21,40.02,52.08,-14.42
2006-01-02,3.39,52.65,43.47,-12.94
2006-01-03,3.39,53.62,42.13,-13.16
2006-01-04,3.31,54.41,36.95,-11.38
2006-01-05,3.27,53.81,36.97,-11.28
2006-01-06,3.27,53.17,36.3,-10.38
2006-01-09,3.24,49.92,34.9,-9.64
2006-01-10,3.26,47.82,34.41,-8.74
2006-01-11,3.28,46.14,33.17,-8.06
2006-01-12,3.25,47.03,33.93,-8.28
2006-01-13,3.25,46.33,34.48,-8.77
2006-01-16,3.26,47.57,35.16,-8.85
2006-01-17,3.25,48.44,35.7,-8.9
2006-01-18,3.27,46.49,33.61,-6.29
2006-01-19,3.34,48.98,34.44,-5.51
2006-01-20,3.34,48.84,34.73,-5.78
2006-01-23,3.37,51.23,34.68,-4.45
2006-01-24,3.37,51.38,34.59,-4.61
2006-01-25,3.4,52.41,34.55,-4.3
2006-01-26,3.44,56.72,37.84,-4.76
2006-01-27,3.46,56.74,37.17,-3.51
2006-01-30,3.47,54.04,36.45,-2.74
2006-01-31,3.47,53.76,36.04,-2.53
2006-02-01,3.48,54.71,34.48,-1.52
2006-02-02,3.53,56.47,31.13,0.31
2006-02-03,3.51,56.16,32.18,-0.77
2006-02-06,3.47,53.96,33.68,-2.95
2006-02-07,3.47,56.16,34.9,-3.06
2006-02-08,3.51,58.61,33.45,-2.58
2006-02-09,3.51,58.4,32.66,-2.01
2006-02-10,3.44,55.24,33.92,-3.1
2006-02-13,3.48,57.06,33.97,-1.84
2006-02-14,3.5,58.39,34.77,-1.86
2006-02-15,3.52,62.25,30.3,-1.18
2006-02-16,3.5,58.43,36.81,-1.06
2006-02-17,3.47,57.41,37.74,-2.14
2006-02-20,3.43,56.32,38.1,-3.05
2006-02-21,3.45,54.88,37.47,-2.81
2006-02-22,3.42,50.97,36.64,-3.24
2006-02-23,3.45,49.45,35.83,-2.5
2006-02-24,3.47,50.57,35.61,-1.82
2006-02-27,3.49,49.55,34.65,-1.0
2006-02-28,3.48,47.57,34.62,-1.76
2006-03-01,3.48,45.92,34.51,-1.6
2006-03-02,3.54,48.97,30.38,0.39
2006-03-03,3.58,48.57,28.5,2.44
2006-03-06,3.57,48.27,28.88,1.87
2006-03-07,3.58,48.87,28.45,2.2
2006-03-08,3.62,51.08,30.78,1.12
2006-03-09,3.64,52.93,32.38,0.38
2006-03-10,3.68,55.37,33.62,0.53
2006-03-13,3.68,54.07,33.03,0.65
2006-03-14,3.64,52.73,34.16,-0.89
2006-03-15,3.65,50.49,32.85,0.51
2006-03-16,3.65,49.49,31.79,1.15
2006-03-17,3.68,48.39,29.88,1.37
2006-03-20,3.65,48.35,30.24,0.38
2006-03-21,3.67,48.84,30.31,-0.01
2006-03-22,3.63,46.89,30.29,-1.06
2006-03-23,3.64,48.68,31.03,-1.45
2006-03-24,3.65,49.15,31.0,-1.45
2006-03-27,3.62,48.96,31.71,-2.8
2006-03-28,3.71,48.8,28.61,-0.48
2006-03-29,3.74,49.53,28.73,-0.64
2006-03-30,3.77,49.96,28.47,-0.19
2006-03-31,3.78,50.37,28.67,-0.51
2006-04-03,3.84,52.21,25.79,0.62
2006-04-04,3.83,53.39,27.34,-0.5
2006-04-05,3.84,55.66,31.09,-2.66
2006-04-06,3.86,62.0,37.47,-1.92
2006-04-07,3.91,67.6,40.25,-0.5
2006-04-10,3.9,64.29,38.5,0.67
2006-04-11,3.87,61.57,37.4,0.66
2006-04-12,3.86,61.32,35.56,1.93
2006-04-13,3.95,65.18,35.4,2.84
2006-04-18,3.95,65.46,34.23,1.99
2006-04-19,3.95,65.92,34.44,1.64
2006-04-20,3.94,65.71,34.48,1.36
2006-04-21,3.93,65.81,34.65,1.0
2006-04-24,3.95,66.09,34.27,1.48
2006-04-25,4.02,68.05,28.37,5.05
2006-04-26,4.03,64.83,26.36,4.38
2006-04-27,4.02,62.97,28.82,2.27
2006-04-28,3.97,58.96,27.51,2.86
2006-05-02,3.99,60.27,29.01,1.32
2006-05-03,4.0,62.84,29.63,1.79
2006-05-04,4.02,62.79,28.97,2.66
2006-05-05,3.99,61.76,31.85,-0.38
2006-05-08,4.0,61.35,30.87,0.3
2006-05-09,4.02,60.84,29.85,0.51
2006-05-10,4.0,60.8,30.69,-0.51
2006-05-11,4.06,63.54,30.76,0.54
2006-05-12,4.05,65.43,31.75,-0.89
2006-05-15,4.05,70.6,34.98,-2.51
2006-05-16,4.01,68.89,35.09,-3.34
2006-05-17,4.05,71.02,38.26,-4.69
2006-05-18,4.02,70.23,40.08,-6.44
2006-05-19,3.98,67.55,39.07,-7.58
2006-05-22,3.92,65.15,39.47,-9.63
2006-05-23,3.92,64.15,38.76,-9.06
2006-05-24,3.88,61.64,38.51,-9.12
2006-05-25,3.87,60.63,38.92,-9.64
2006-05-26,3.87,60.08,38.7,-9.43
2006-05-29,3.89,59.89,38.94,-9.32
2006-05-30,3.93,59.91,38.41,-8.87
2006-05-31,3.96,59.34,37.01,-7.28
2006-06-01,3.98,59.24,36.3,-6.56
2006-06-02,3.92,55.78,36.47,-7.78
2006-06-05,3.93,54.16,36.33,-7.71
2006-06-06,3.99,55.91,35.5,-5.7
2006-06-07,4.01,56.65,35.98,-5.79
2006-06-08,3.98,58.39,36.78,-5.11
2006-06-09,3.92,58.24,38.39,-6.43
2006-06-12,3.91,57.96,38.47,-7.13
2006-06-13,3.88,57.34,39.01,-8.44
2006-06-14,3.88,54.64,38.12,-7.83
2006-06-15,3.94,56.33,36.71,-5.7
2006-06-16,3.93,56.38,37.21,-6.47
2006-06-19,3.95,55.06,35.89,-5.42
2006-06-20,3.96,53.87,35.33,-5.33
2006-06-21,4.0,54.46,35.14,-4.87
2006-06-22,4.02,55.35,35.27,-4.46
2006-06-23,4.06,56.46,34.64,-4.42
2006-06-26,4.08,54.67,34.31,-4.55
2006-06-27,4.08,51.68,33.23,-4.57
2006-06-28,4.08,52.05,32.69,-4.11
2006-06-29,4.05,51.55,33.28,-5.41
2006-06-30,4.06,50.87,31.74,-3.94
2006-07-03,4.06,50.78,31.49,-4.31
2006-07-04,4.05,50.98,31.37,-4.35
2006-07-05,4.11,52.46,29.45,-3.06
2006-07-06,4.09,49.82,29.68,-4.0
2006-07-07,4.05,47.48,30.08,-4.97
2006-07-10,4.06,47.04,29.89,-4.74
2006-07-11,4.04,47.43,33.05,-4.73
2006-07-12,4.06,47.41,33.08,-4.78
2006-07-13,4.03,47.85,34.37,-6.15
2006-07-14,3.97,47.77,36.41,-7.87
2006-07-17,3.98,47.29,37.8,-7.69
2006-07-18,3.99,46.01,36.69,-6.48
2006-07-19,4.0,44.68,36.29,-6.29
2006-07-20,3.97,43.71,36.76,-7.02
2006-07-21,3.93,43.92,36.91,-7.9
2006-07-24,3.93,43.26,36.28,-7.81
2006-07-25,3.93,43.81,36.33,-8.17
2006-07-26,3.97,43.56,36.38,-8.3
2006-07-27,3.91,42.43,39.94,-10.4
2006-07-28,3.9,42.07,36.98,-10.06
2006-07-31,3.91,41.44,36.34,-9.48
2006-08-01,3.94,43.5,34.5,-9.42
2006-08-02,3.92,42.69,34.9,-10.03
2006-08-03,3.95,40.91,32.12,-8.52
2006-08-04,3.88,37.01,33.09,-11.26
2006-08-07,3.89,37.94,33.31,-11.4
2006-08-08,3.89,37.55,33.37,-11.67
2006-08-09,3.92,37.96,33.31,-11.39
2006-08-10,3.91,38.59,33.61,-11.37
2006-08-11,3.94,37.09,32.39,-9.33
2006-08-14,3.98,37.23,32.29,-9.24
2006-08-15,3.95,36.03,32.8,-10.39
2006-08-16,3.92,33.48,33.03,-11.09
2006-08-17,3.88,30.68,33.03,-11.41
2006-08-18,3.88,29.35,32.1,-11.2
2006-08-21,3.84,27.76,32.1,-12.52
2006-08-22,3.8,31.04,33.12,-14.09
2006-08-23,3.78,28.85,37.75,-15.62
2006-08-24,3.8,32.77,34.01,-15.78
2006-08-25,3.8,33.44,34.26,-15.9
2006-08-28,3.81,33.83,33.6,-15.62
2006-08-29,3.81,32.61,33.17,-15.17
2006-08-30,3.79,30.15,32.14,-14.58
2006-08-31,3.74,24.21,36.06,-16.32
2006-09-01,3.74,25.18,33.07,-16.75
2006-09-04,3.73,24.11,32.96,-16.64
2006-09-05,3.76,24.36,32.6,-16.18
2006-09-06,3.81,25.74,31.16,-14.74
2006-09-07,3.83,24.67,31.1,-14.3
2006-09-08,3.75,19.87,31.68,-15.24
2006-09-11,3.77,18.07,30.48,-14.04
2006-09-12,3.81,19.86,30.52,-13.94
2006-09-13,3.81,21.01,29.98,-14.05
2006-09-14,3.77,16.66,29.57,-13.0
2006-09-15,3.73,14.71,29.56,-13.09
2006-09-18,3.8,16.21,26.25,-10.65
2006-09-19,3.75,14.95,26.88,-11.93
2006-09-20,3.73,14.27,27.43,-12.81
2006-09-21,3.74,14.35,27.72,-12.98
2006-09-22,3.67,15.52,29.84,-16.07
2006-09-25,3.65,19.75,28.76,-16.17
2006-09-26,3.65,18.25,25.47,-14.92
2006-09-27,3.63,14.25,27.49,-15.15
2006-09-28,3.66,14.31,26.94,-14.79
2006-09-29,3.66,14.62,23.88,-13.41
2006-10-02,3.68,14.5,28.14,-13.52
2006-10-03,3.64,16.62,24.47,-14.5
2006-10-04,3.63,15.68,23.82,-14.57
2006-10-05,3.62,15.03,24.15,-14.8
2006-10-06,3.66,18.93,23.22,-13.95
2006-10-09,3.68,17.55,22.5,-12.83
2006-10-10,3.71,17.87,21.93,-11.99
2006-10-11,3.72,17.43,21.22,-11.31
2006-10-12,3.72,17.74,20.73,-11.07
2006-10-13,3.74,18.31,19.83,-10.33
2006-10-16,3.74,19.6,20.43,-10.8
2006-10-17,3.72,18.82,20.0,-10.97
2006-10-18,3.73,20.44,19.31,-10.22
2006-10-19,3.76,21.0,19.55,-10.07
2006-10-20,3.75,18.39,19.36,-9.98
2006-10-23,3.79,19.41,18.65,-8.99
2006-10-24,3.78,17.85,17.78,-8.61
2006-10-25,3.8,18.17,17.85,-8.71
2006-10-26,3.77,16.24,17.26,-8.73
2006-10-27,3.72,12.91,17.17,-9.71
2006-10-30,3.7,11.52,16.49,-9.45
2006-10-31,3.72,8.7,17.12,-8.47
2006-11-01,3.68,10.85,18.28,-10.31
2006-11-02,3.69,9.05,17.85,-10.43
2006-11-03,3.72,8.93,19.66,-11.24
2006-11-06,3.75,8.52,18.11,-9.55
2006-11-07,3.7,5.85,18.16,-10.32
2006-11-08,3.7,4.82,17.78,-10.22
2006-11-09,3.71,3.69,17.92,-10.58
2006-11-10,3.68,5.55,20.23,-12.22
2006-11-13,3.69,6.03,19.96,-11.64
2006-11-14,3.67,5.14,19.77,-11.93
2006-11-15,3.7,5.26,19.42,-11.33
2006-11-16,3.69,4.81,19.33,-11.43
2006-11-17,3.7,5.31,17.9,-10.33
2006-11-20,3.67,6.58,18.98,-11.01
2006-11-21,3.67,5.4,18.44,-10.84
2006-11-22,3.68,7.26,19.65,-11.32
2006-11-23,3.7,6.09,19.1,-10.66
2006-11-24,3.67,6.27,21.64,-12.93
2006-11-27,3.69,7.57,22.12,-12.44
2006-11-28,3.66,8.16,22.27,-13.13
2006-11-29,3.66,7.24,21.78,-12.78
2006-11-30,3.66,6.68,21.41,-12.57
2006-12-01,3.65,6.76,22.0,-13.05
2006-12-04,3.64,9.45,22.87,-13.25
2006-12-05,3.63,7.44,22.34,-13.14
2006-12-06,3.65,6.55,21.25,-11.87
2006-12-07,3.66,5.19,20.04,-11.12
2006-12-08,3.66,4.33,18.74,-10.1
2006-12-11,3.7,4.33,20.51,-9.64
2006-12-12,3.7,3.56,19.62,-9.26
2006-12-13,3.69,2.6,18.7,-8.79
2006-12-14,3.74,3.46,17.38,-7.16
2006-12-15,3.73,3.68,17.62,-7.22
2006-12-18,3.78,4.71,17.99,-6.83
2006-12-19,3.82,6.32,18.76,-6.6
2006-12-20,3.83,6.66,19.29,-7.1
2006-12-21,3.84,6.77,19.11,-7.03
2006-12-22,3.84,6.02,18.78,-7.12
2006-12-27,3.87,5.61,19.91,-6.59
2006-12-28,3.9,8.3,18.17,-6.78
2006-12-29,3.91,8.95,17.31,-6.77
2007-01-02,3.89,9.36,17.32,-7.57
2007-01-03,3.89,10.01,16.11,-7.34
2007-01-04,3.9,10.24,16.46,-7.55
2007-01-05,3.93,9.76,17.59,-7.09
2007-01-08,3.93,10.27,18.04,-7.43
2007-01-09,3.94,10.91,18.71,-7.89
2007-01-10,3.97,11.0,18.66,-7.88
2007-01-11,3.96,13.5,20.38,-8.63
2007-01-12,4.01,15.25,19.86,-8.33
2007-01-15,4.0,14.46,19.12,-7.87
2007-01-16,3.99,13.71,18.18,-7.14
2007-01-17,3.99,13.58,18.12,-7.03
2007-01-18,4.04,15.45,18.52,-6.36
2007-01-19,3.99,12.03,16.49,-6.0
2007-01-22,3.99,11.51,15.9,-5.75
2007-01-23,3.97,10.59,14.73,-5.29
2007-01-24,3.99,10.58,14.61,-5.16
2007-01-25,4.01,11.65,15.06,-5.06
2007-01-26,4.06,13.7,15.44,-4.19
2007-01-29,4.07,15.47,17.22,-5.0
2007-01-30,4.06,15.15,17.11,-6.17
2007-01-31,4.06,14.84,16.76,-5.97
2007-02-01,4.02,14.25,16.81,-7.28
2007-02-02,4.05,18.82,15.8,-5.91
2007-02-05,4.0,16.57,19.03,-8.6
2007-02-06,4.0,15.24,18.3,-8.47
2007-02-07,3.99,13.38,17.42,-8.36
2007-02-08,4.0,11.8,15.45,-6.89
2007-02-09,4.04,13.6,16.08,-6.53
2007-02-12,4.07,16.2,17.06,-6.25
2007-02-13,4.07,16.13,17.37,-6.56
2007-02-14,4.07,16.25,14.4,-5.87
2007-02-15,4.01,13.65,16.9,-8.39
2007-02-16,4.01,12.91,16.74,-8.47
2007-02-19,4.03,12.74,16.46,-7.87
2007-02-20,4.04,13.32,16.59,-7.55
2007-02-21,4.03,12.47,15.9,-7.2
2007-02-22,4.04,12.44,15.6,-6.78
2007-02-23,4.01,10.5,15.04,-7.19
2007-02-26,3.97,9.33,16.3,-8.93
2007-02-27,3.94,9.39,16.75,-9.47
2007-02-28,3.92,11.94,18.04,-10.58
2007-03-01,3.91,11.51,17.53,-10.15
2007-03-02,3.92,13.0,19.48,-11.41
2007-03-05,3.88,12.19,20.97,-12.93
2007-03-06,3.89,9.61,20.92,-12.23
2007-03-07,3.9,9.74,21.74,-12.74
2007-03-08,3.9,8.21,21.91,-13.38
2007-03-09,3.93,7.8,22.12,-13.76
2007-03-12,3.91,6.18,22.01,-13.96
2007-03-13,3.89,4.65,23.02,-14.82
2007-03-14,3.86,4.7,23.63,-15.53
2007-03-15,3.88,4.69,23.29,-14.92
2007-03-16,3.89,4.3,21.81,-13.43
2007-03-19,3.9,2.81,21.76,-12.19
2007-03-20,3.88,1.99,21.72,-12.56
2007-03-21,3.9,2.73,22.51,-13.04
2007-03-22,3.89,4.53,24.49,-14.56
2007-03-23,3.97,7.74,25.88,-13.55
2007-03-26,3.98,8.37,25.86,-13.17
2007-03-27,3.99,8.18,25.69,-12.78
2007-03-28,4.01,9.39,25.72,-12.43
2007-03-29,4.02,8.57,25.02,-12.14
2007-03-30,4.02,7.65,24.45,-11.8
2007-04-02,4.03,6.0,25.76,-11.0
2007-04-03,4.06,8.58,24.69,-11.01
2007-04-04,4.05,8.9,26.36,-12.63
2007-04-05,4.06,9.31,25.83,-12.15
2007-04-10,4.11,9.79,25.42,-11.22
2007-04-11,4.12,9.54,25.6,-11.21
2007-04-12,4.15,10.96,26.13,-10.57
2007-04-13,4.18,12.73,26.71,-10.23
2007-04-16,4.17,11.81,26.38,-10.43
2007-04-17,4.16,11.2,26.6,-10.77
2007-04-18,4.13,8.66,26.02,-10.9
2007-04-19,4.15,9.49,25.68,-10.21
2007-04-20,4.18,10.84,23.78,-9.31
2007-04-23,4.16,10.07,23.08,-8.82
2007-04-24,4.14,8.97,23.14,-9.38
2007-04-25,4.15,9.17,22.92,-9.04
2007-04-26,4.16,8.92,22.38,-8.46
2007-04-27,4.19,9.7,22.03,-7.48
2007-04-30,4.13,6.68,23.47,-8.23
2007-05-02,4.16,7.43,23.39,-7.63
2007-05-03,4.18,7.38,25.03,-8.86
2007-05-04,4.15,7.84,23.33,-9.76
2007-05-07,4.19,7.92,22.38,-8.39
2007-05-08,4.16,6.5,23.39,-9.36
2007-05-09,4.18,7.3,23.62,-9.05
2007-05-10,4.18,7.69,23.67,-8.95
2007-05-11,4.15,6.93,23.99,-9.74
2007-05-14,4.22,9.15,23.25,-7.78
2007-05-15,4.25,9.06,22.5,-7.49
2007-05-16,4.27,7.82,21.53,-7.29
2007-05-17,4.26,6.73,20.91,-7.4
2007-05-18,4.27,6.75,20.88,-7.42
2007-05-21,4.29,7.32,21.24,-7.37
2007-05-22,4.29,7.55,21.12,-7.13
2007-05-23,4.3,6.18,19.41,-6.21
2007-05-24,4.32,7.99,20.38,-5.93
2007-05-25,4.33,7.14,19.93,-6.03
2007-05-28,4.33,6.82,20.04,-6.33
2007-05-29,4.34,5.85,19.36,-5.79
2007-05-30,4.34,6.13,19.5,-5.73
2007-05-31,4.37,5.81,18.04,-4.68
2007-06-01,4.39,4.96,18.82,-5.0
2007-06-04,4.39,5.23,18.74,-4.76
2007-06-05,4.42,6.53,18.42,-3.76
2007-06-06,4.42,9.06,18.98,-4.12
2007-06-07,4.47,11.16,19.8,-3.51
2007-06-08,4.51,14.93,21.86,-3.08
2007-06-11,4.5,14.43,21.28,-3.02
2007-06-12,4.56,16.04,21.28,-1.93
2007-06-13,4.6,18.02,21.4,-0.82
2007-06-14,4.57,17.75,22.95,-2.08
2007-06-15,4.61,19.94,24.15,-1.92
2007-06-18,4.61,20.48,25.22,-2.59
2007-06-19,4.57,20.0,25.66,-3.28
2007-06-20,4.6,17.99,22.67,-1.52
2007-06-21,4.59,19.37,19.39,-1.29
2007-06-22,4.62,20.88,20.16,-1.17
2007-06-25,4.56,19.93,18.94,-2.51
2007-06-26,4.56,19.02,18.78,-2.81
2007-06-27,4.5,15.11,19.8,-4.42
2007-06-28,4.52,14.16,18.05,-3.31
2007-06-29,4.51,12.56,17.56,-3.75
2007-07-02,4.48,11.05,17.37,-4.5
2007-07-03,4.49,12.79,18.26,-4.9
2007-07-04,4.55,14.5,16.93,-2.72
2007-07-05,4.6,16.18,16.52,-1.45
2007-07-06,4.64,16.84,14.48,0.47
2007-07-09,4.62,17.11,15.05,0.17
2007-07-10,4.56,14.78,16.29,-2.19
2007-07-11,4.52,13.71,18.11,-4.55
2007-07-12,4.57,14.24,16.79,-2.78
2007-07-13,4.57,13.09,15.48,-2.15
2007-07-16,4.56,12.85,16.51,-1.93
2007-07-17,4.55,11.51,15.72,-1.91
2007-07-18,4.55,10.69,16.96,-2.55
2007-07-19,4.54,9.46,15.6,-2.09
2007-07-20,4.43,5.38,15.73,-4.94
2007-07-23,4.41,4.75,17.4,-6.53
2007-07-24,4.41,5.29,17.88,-6.51
2007-07-25,4.4,5.42,17.44,-5.96
2007-07-26,4.35,6.12,19.31,-8.24
2007-07-27,4.33,7.39,18.96,-9.62
2007-07-30,4.31,7.92,19.36,-10.1
2007-07-31,4.36,7.91,17.48,-8.15
2007-08-01,4.34,8.14,17.77,-8.38
2007-08-02,4.37,7.3,16.64,-7.61
2007-08-03,4.33,7.25,16.99,-8.28
2007-08-06,4.33,9.06,17.41,-8.77
2007-08-07,4.35,8.65,16.35,-7.55
2007-08-08,4.42,8.93,14.99,-5.39
2007-08-09,4.37,11.44,17.6,-8.12
2007-08-10,4.36,18.03,19.7,-8.6
2007-08-13,4.38,18.47,19.91,-8.69
2007-08-14,4.4,18.86,19.56,-8.01
2007-08-15,4.33,23.26,22.04,-9.72
2007-08-16,4.28,31.58,24.85,-11.21
2007-08-17,4.3,36.79,26.02,-10.16
2007-08-20,4.31,35.64,31.15,-10.82
2007-08-21,4.26,42.94,33.79,-12.78
2007-08-22,4.31,30.12,31.1,-7.74
2007-08-23,4.3,30.46,30.49,-10.66
2007-08-24,4.26,27.75,32.56,-10.78
2007-08-27,4.29,25.58,28.06,-12.74
2007-08-28,4.28,28.72,31.39,-11.72
2007-08-29,4.25,29.43,32.12,-16.11
2007-08-30,4.27,29.72,31.85,-15.41
2007-08-31,4.32,29.24,29.53,-11.42
2007-09-03,4.3,27.89,31.32,-13.34
2007-09-04,4.29,28.42,32.34,-14.29
2007-09-05,4.28,29.85,30.03,-12.66
2007-09-06,4.26,30.33,34.49,-11.18
2007-09-07,4.24,36.03,34.33,-12.5
2007-09-10,4.17,32.78,36.87,-14.91
2007-09-11,4.16,29.9,40.17,-15.88
2007-09-12,4.18,28.03,37.59,-16.75
2007-09-13,4.21,25.52,35.39,-11.24
2007-09-14,4.19,25.2,35.36,-11.89
2007-09-17,4.21,24.31,34.59,-11.23
2007-09-18,4.24,23.32,33.66,-9.9
2007-09-19,4.3,29.0,34.32,-7.97
2007-09-20,4.37,31.38,33.7,-9.38
2007-09-21,4.38,36.08,33.27,-8.38
2007-09-24,4.39,36.84,33.46,-8.43
2007-09-25,4.35,35.52,34.29,-9.76
2007-09-26,4.42,37.58,32.39,-8.63
2007-09-27,4.42,36.07,29.8,-9.62
2007-09-28,4.38,34.64,29.8,-10.12
2007-10-01,4.38,37.57,30.81,-10.25
2007-10-02,4.36,35.85,30.39,-10.63
2007-10-03,4.32,35.01,30.83,-11.35
2007-10-04,4.32,35.17,29.73,-10.28
2007-10-05,4.37,36.82,29.84,-9.14
2007-10-08,4.37,36.06,28.36,-7.92
2007-10-09,4.34,32.65,28.15,-8.57
2007-10-10,4.38,32.19,27.58,-7.22
2007-10-11,4.41,32.63,26.78,-5.3
2007-10-12,4.42,28.62,26.78,-6.85
2007-10-15,4.44,25.11,26.81,-7.69
2007-10-16,4.45,28.71,29.82,-9.06
2007-10-17,4.43,29.49,30.24,-9.94
2007-10-18,4.36,29.42,29.68,-13.41
2007-10-19,4.31,29.86,31.23,-14.79
2007-10-22,4.24,26.73,32.13,-15.09
2007-10-23,4.25,26.08,31.97,-14.9
2007-10-24,4.21,27.97,31.77,-14.58
2007-10-25,4.2,29.0,32.21,-15.0
2007-10-26,4.23,28.62,31.38,-14.17
2007-10-29,4.22,27.27,31.91,-15.01
2007-10-30,4.25,26.11,30.48,-16.99
2007-10-31,4.29,23.04,29.05,-14.41
2007-11-01,4.27,24.48,30.25,-16.37
2007-11-02,4.22,25.62,31.28,-19.07
2007-11-05,4.21,25.85,31.78,-19.38
2007-11-06,4.25,26.94,32.58,-18.04
2007-11-07,4.21,27.04,34.18,-20.23
2007-11-08,4.2,30.14,35.49,-20.87
2007-11-09,4.16,32.57,38.61,-23.31
2007-11-12,4.16,29.96,39.65,-22.15
2007-11-13,4.16,30.18,37.97,-20.68
2007-11-14,4.21,28.65,37.39,-18.93
2007-11-15,4.19,31.11,39.11,-22.14
2007-11-16,4.17,32.89,40.43,-23.19
2007-11-19,4.16,34.91,41.53,-24.75
2007-11-20,4.15,35.88,42.38,-25.25
2007-11-21,4.13,39.93,44.87,-29.85
2007-11-22,4.15,43.34,47.18,-31.57
2007-11-23,4.15,41.89,47.7,-28.33
2007-11-26,4.15,39.92,48.54,-26.25
2007-11-27,4.12,40.6,47.73,-27.75
2007-11-28,4.21,41.99,49.03,-23.98
2007-11-29,4.19,41.94,48.32,-23.71
2007-11-30,4.21,39.36,47.85,-21.91
2007-12-03,4.19,40.58,48.63,-22.92
2007-12-04,4.13,38.82,49.12,-26.62
2007-12-05,4.15,39.38,47.15,-25.05
2007-12-06,4.19,38.89,45.11,-26.78
2007-12-07,4.27,37.7,43.46,-24.64
2007-12-10,4.31,37.58,41.95,-23.24
2007-12-11,4.31,36.51,39.35,-22.91
2007-12-12,4.37,38.59,34.59,-19.31
2007-12-13,4.36,35.04,37.76,-21.2
2007-12-14,4.34,33.54,34.62,-20.11
2007-12-17,4.34,34.84,35.39,-19.46
2007-12-18,4.36,34.43,33.29,-16.71
2007-12-19,4.33,36.33,33.4,-17.11
2007-12-20,4.33,35.52,30.86,-16.72
2007-12-21,4.35,35.95,31.95,-17.26
2007-12-24,4.35,35.47,32.09,-17.74
2007-12-27,4.39,35.63,31.15,-15.41
2007-12-28,4.37,35.22,32.05,-16.1
2007-12-31,4.38,36.18,31.6,-16.07
2008-01-02,4.34,40.91,35.48,-19.96
2008-01-03,4.26,41.15,40.14,-23.77
2008-01-04,4.21,41.92,42.79,-26.99
2008-01-07,4.21,38.83,43.55,-28.35
2008-01-08,4.21,35.07,45.74,-27.22
2008-01-09,4.18,38.59,46.18,-30.17
2008-01-10,4.18,36.02,47.22,-29.48
2008-01-11,4.18,38.89,48.25,-30.74
2008-01-14,4.13,39.08,52.6,-30.22
2008-01-15,4.12,41.49,52.63,-31.2
2008-01-16,4.11,43.91,52.99,-30.64
2008-01-17,4.09,49.09,54.83,-31.59
2008-01-18,4.07,52.51,56.97,-32.69
2008-01-21,4.03,58.72,57.81,-32.81
2008-01-22,4.07,67.54,53.94,-28.32
2008-01-23,4.04,69.08,63.01,-26.73
2008-01-24,4.1,57.79,62.32,-29.54
2008-01-25,4.13,53.87,57.38,-26.85
2008-01-28,4.06,59.09,59.76,-30.79
2008-01-29,4.1,59.46,59.04,-29.98
2008-01-30,4.14,60.46,60.2,-28.86
2008-01-31,4.05,62.43,62.62,-29.5
2008-02-01,4.04,60.18,61.69,-29.26
2008-02-04,4.03,59.52,60.18,-29.37
2008-02-05,3.96,65.38,61.75,-33.92
2008-02-06,3.98,68.21,61.67,-30.45
2008-02-07,3.98,77.49,65.68,-32.36
2008-02-08,3.97,81.63,67.83,-29.8
2008-02-11,3.96,83.46,67.09,-32.84
2008-02-12,4.03,84.72,68.33,-32.39
2008-02-13,4.07,86.13,68.27,-32.46
2008-02-14,4.11,84.72,65.05,-30.14
2008-02-15,4.08,87.7,65.63,-32.79
2008-02-18,4.12,84.62,65.32,-32.08
2008-02-19,4.14,85.27,63.72,-32.43
2008-02-20,4.14,82.51,61.7,-31.45
2008-02-21,4.17,75.2,59.75,-29.91
2008-02-22,4.13,73.68,63.57,-33.04
2008-02-25,4.14,76.08,65.15,-33.74
2008-02-26,4.2,76.7,64.0,-31.96
2008-02-27,4.19,81.93,66.79,-34.44
2008-02-28,4.16,83.36,67.63,-36.17
2008-02-29,4.06,85.91,70.29,-39.87
2008-03-03,4.02,80.37,74.28,-43.51
2008-03-04,4.02,76.74,75.25,-44.23
2008-03-05,4.06,78.55,75.02,-43.63
2008-03-06,4.05,75.58,75.65,-44.94
2008-03-07,4.04,74.71,78.82,-46.39
2008-03-10,4.01,75.63,81.73,-48.37
2008-03-11,4.02,65.91,82.17,-46.98
2008-03-12,3.99,62.11,79.91,-45.7
2008-03-13,3.97,67.07,81.55,-48.36
2008-03-14,3.99,66.73,83.52,-48.01
2008-03-17,3.98,75.63,85.63,-49.64
2008-03-18,4.03,71.52,86.76,-48.06
2008-03-19,4.01,62.23,79.4,-43.28
2008-03-20,4.0,51.6,70.29,-37.04
2008-03-25,4.07,47.82,65.19,-32.84
2008-03-26,4.08,48.16,69.3,-33.85
2008-03-27,4.13,55.53,74.18,-35.34
2008-03-28,4.15,54.09,71.56,-32.66
2008-03-31,4.13,53.54,70.38,-33.37
2008-04-01,4.16,50.7,67.03,-30.17
2008-04-02,4.16,50.45,61.28,-29.39
2008-04-03,4.19,54.47,64.09,-30.33
2008-04-04,4.14,52.37,63.59,-30.81
2008-04-07,4.19,52.0,60.27,-27.51
2008-04-08,4.2,53.18,60.8,-28.18
2008-04-09,4.22,56.77,58.66,-27.61
2008-04-10,4.15,54.91,62.46,-31.53
2008-04-11,4.1,53.08,63.26,-33.02
2008-04-14,4.13,53.18,63.64,-32.73
2008-04-15,4.16,50.9,63.17,-30.61
2008-04-16,4.19,50.15,64.07,-29.23
2008-04-17,4.27,51.66,62.56,-25.31
2008-04-18,4.32,43.92,63.41,-18.96
2008-04-21,4.31,45.0,62.19,-19.97
2008-04-22,4.33,32.96,53.84,-32.59
2008-04-23,4.32,38.37,54.31,-30.86
2008-04-24,4.35,43.26,53.93,-30.35
2008-04-25,4.35,43.43,55.77,-30.32
2008-04-28,4.39,48.45,55.56,-28.45
2008-04-29,4.36,49.29,54.49,-28.51
2008-04-30,4.32,46.17,50.12,-28.46
2008-05-02,4.36,45.76,50.61,-24.31
2008-05-05,4.34,43.92,46.38,-26.5
2008-05-06,4.3,48.46,47.85,-29.09
2008-05-07,4.35,51.18,46.91,-27.45
2008-05-08,4.29,48.37,46.04,-31.37
2008-05-09,4.22,48.42,47.82,-35.81
2008-05-12,4.22,43.04,49.95,-34.46
2008-05-13,4.29,40.08,50.67,-33.01
2008-05-14,4.33,37.79,54.18,-31.27
2008-05-15,4.39,36.74,52.89,-31.19
2008-05-16,4.35,31.91,52.21,-28.06
2008-05-19,4.35,33.08,51.43,-28.52
2008-05-20,4.35,31.22,51.0,-28.82
2008-05-21,4.4,28.26,49.54,-27.33
2008-05-22,4.43,24.64,48.94,-28.25
2008-05-23,4.39,18.88,49.25,-29.03
2008-05-26,4.42,21.32,47.75,-28.54
2008-05-27,4.43,23.66,47.54,-27.68
2008-05-28,4.48,25.45,47.11,-25.83
2008-05-29,4.57,26.0,46.17,-24.14
2008-05-30,4.52,23.74,43.78,-26.45
2008-06-02,4.5,25.53,44.85,-27.45
2008-06-03,4.56,23.7,47.63,-29.0
2008-06-04,4.52,24.83,46.54,-29.31
2008-06-05,4.58,7.84,43.12,-30.06
2008-06-06,4.56,-3.06,26.06,-27.26
2008-06-09,4.61,-4.79,18.82,-20.87
2008-06-10,4.66,6.87,19.98,-17.75
2008-06-11,4.68,14.52,24.15,-17.75
2008-06-12,4.73,15.73,23.08,-13.88
2008-06-13,4.76,15.13,18.57,-8.89
2008-06-16,4.78,6.26,11.47,-4.09
2008-06-17,4.74,9.49,13.8,-4.9
2008-06-18,4.72,7.9,8.69,-2.85
2008-06-19,4.75,5.33,4.54,2.23
2008-06-20,4.7,7.79,9.83,-3.81
2008-06-23,4.68,9.82,12.21,-5.5
2008-06-24,4.7,16.48,15.53,-7.85
2008-06-25,4.71,13.1,18.27,-8.05
2008-06-26,4.68,14.11,23.25,-11.73
2008-06-27,4.66,16.58,32.04,-15.5
2008-06-30,4.73,11.24,26.01,-9.78
2008-07-01,4.68,10.24,27.4,-13.34
2008-07-02,4.75,10.01,22.51,-6.77
2008-07-03,4.71,20.25,23.26,-13.4
2008-07-04,4.67,19.61,32.7,-17.76
2008-07-07,4.59,15.36,36.2,-19.28
2008-07-08,4.58,15.17,36.59,-18.66
2008-07-09,4.55,9.9,36.92,-17.04
2008-07-10,4.54,10.73,36.68,-16.79
2008-07-11,4.53,12.38,40.07,-14.48
2008-07-14,4.54,14.66,41.51,-15.09
2008-07-15,4.5,18.25,42.37,-18.71
2008-07-16,4.55,19.01,40.03,-15.12
2008-07-17,4.59,18.95,36.3,-11.02
2008-07-18,4.68,17.46,33.12,-8.18
2008-07-21,4.74,12.54,24.75,-7.09
2008-07-22,4.74,17.02,25.66,-7.67
2008-07-23,4.76,17.13,24.64,-5.42
2008-07-24,4.69,23.06,26.1,-7.74
2008-07-25,4.68,23.5,28.64,-10.64
2008-07-28,4.66,26.15,30.51,-12.97
2008-07-29,4.62,24.5,33.37,-15.9
2008-07-30,4.58,22.39,31.82,-17.24
2008-07-31,4.53,21.26,32.38,-21.84
2008-08-01,4.5,18.99,34.38,-25.4
2008-08-04,4.49,19.53,33.72,-25.41
2008-08-05,4.47,18.9,34.93,-27.81
2008-08-06,4.47,19.36,36.7,-28.13
2008-08-07,4.42,28.25,44.05,-33.38
2008-08-08,4.4,29.91,50.82,-34.43
2008-08-11,4.42,29.71,49.77,-33.48
2008-08-12,4.37,27.51,48.92,-34.23
2008-08-13,4.37,31.27,50.03,-35.08
2008-08-14,4.36,31.64,51.38,-35.13
2008-08-15,4.35,29.54,50.25,-36.63
2008-08-18,4.32,29.15,51.42,-37.84
2008-08-19,4.28,31.74,55.17,-39.5
2008-08-20,4.28,28.13,53.33,-37.99
2008-08-21,4.35,25.58,52.54,-33.48
2008-08-22,4.38,23.64,48.99,-29.13
2008-08-25,4.31,24.43,50.01,-34.57
2008-08-26,4.28,28.03,53.98,-37.6
2008-08-27,4.37,25.18,51.47,-33.47
2008-08-28,4.37,19.0,44.92,-27.13
2008-08-29,4.34,21.13,41.77,-26.0
2008-09-01,4.3,25.87,43.22,-31.39
2008-09-02,4.38,26.21,43.35,-29.16
2008-09-03,4.35,25.46,47.51,-33.44
2008-09-04,4.32,25.05,50.28,-39.95
2008-09-05,4.21,24.18,56.63,-45.95
2008-09-08,4.29,26.67,53.33,-42.84
2008-09-09,4.32,29.06,53.4,-42.81
2008-09-10,4.3,29.69,55.01,-40.85
2008-09-11,4.26,31.26,61.49,-44.09
2008-09-12,4.34,34.08,59.43,-39.1
2008-09-15,4.27,44.82,66.95,-44.21
2008-09-16,4.23,48.42,62.53,-38.71
2008-09-17,4.3,47.14,61.11,-36.8
2008-09-18,4.34,47.95,68.63,-38.01
2008-09-19,4.45,45.19,63.9,-30.38
2008-09-22,4.52,41.98,65.09,-27.46
2008-09-23,4.5,46.26,63.67,-27.09
2008-09-24,4.44,51.74,60.1,-26.62
2008-09-25,4.47,54.12,56.3,-23.04
2008-09-26,4.44,60.81,58.45,-23.74
2008-09-29,4.39,73.74,57.67,-27.0
2008-09-30,4.34,75.16,50.35,-17.12
2008-10-01,4.34,76.96,39.69,-9.79
2008-10-02,4.31,84.21,37.56,-6.6
2008-10-03,4.2,91.05,29.48,7.74
2008-10-06,4.13,99.78,32.52,8.84
2008-10-07,4.08,99.86,20.77,37.66
2008-10-08,4.01,100.66,21.81,35.42
2008-10-09,4.19,114.74,24.05,42.76
2008-10-10,4.24,126.34,27.73,43.52
2008-10-13,4.38,129.53,28.56,44.24
2008-10-14,4.38,120.91,25.45,44.78
2008-10-15,4.47,126.71,37.94,20.53
2008-10-16,4.46,135.49,46.35,11.38
2008-10-17,4.32,141.31,37.11,32.01
2008-10-20,4.36,138.27,38.58,26.53
2008-10-21,4.32,137.64,41.87,18.43
2008-10-22,4.23,137.61,44.06,14.03
2008-10-23,4.15,132.33,40.3,17.87
2008-10-24,4.11,133.51,37.47,24.99
2008-10-27,4.14,143.7,41.9,23.19
2008-10-28,4.17,152.75,44.08,25.52
2008-10-29,4.2,152.79,45.12,23.09
2008-10-30,4.23,151.55,47.94,16.38
2008-10-31,4.25,157.9,47.64,22.09
2008-11-03,4.28,154.96,48.06,18.96
2008-11-04,4.27,155.65,48.38,18.7
2008-11-05,4.27,153.54,53.2,7.65
2008-11-06,4.24,151.76,60.23,-3.12
2008-11-07,4.18,153.3,61.71,-5.51
2008-11-10,4.16,151.82,60.49,-4.3
2008-11-11,4.15,154.34,66.14,-9.95
2008-11-12,4.12,158.25,69.34,-3.79
2008-11-13,4.12,162.53,74.45,-9.09
2008-11-14,4.11,154.99,79.15,-10.06
2008-11-17,4.09,158.92,78.83,-8.17
2008-11-18,4.08,159.42,74.94,-9.92
2008-11-19,4.02,157.09,73.23,-4.77
2008-11-20,3.93,160.47,68.81,1.0
2008-11-21,3.91,155.79,65.89,2.76
2008-11-24,3.91,156.45,62.62,5.54
2008-11-25,3.87,143.96,57.08,7.38
2008-11-26,3.83,140.63,51.28,12.9
2008-11-27,3.83,139.42,49.2,15.33
2008-11-28,3.77,139.8,47.78,17.25
2008-12-01,3.69,134.64,50.66,10.74
2008-12-02,3.64,129.87,45.0,15.25
2008-12-03,3.54,123.54,31.14,32.89
2008-12-04,3.59,128.91,-29.8,20.89
2008-12-05,3.64,125.08,-9.39,15.72
2008-12-08,3.7,122.97,-7.95,14.24
2008-12-09,3.78,122.08,1.87,13.48
2008-12-10,3.81,126.86,9.48,14.15
2008-12-11,3.82,132.38,10.54,13.57
2008-12-12,3.81,135.06,12.44,12.26
2008-12-15,3.88,141.29,13.17,9.39
2008-12-16,3.83,139.22,6.84,11.42
2008-12-17,3.73,146.62,1.12,13.32
2008-12-18,3.71,147.89,-8.21,12.12
2008-12-19,3.71,152.5,-2.61,6.74
2008-12-22,3.68,151.87,-2.98,7.34
2008-12-23,3.69,152.04,-1.62,4.96
2008-12-24,3.69,152.71,-0.99,6.29
2008-12-29,3.68,154.1,-1.4,7.99
2008-12-30,3.69,154.6,-1.61,7.1
2008-12-31,3.69,155.05,-1.4,7.81
2009-01-02,3.67,156.88,-1.7,9.73
2009-01-05,3.71,164.5,2.26,4.87
2009-01-06,3.81,170.72,10.63,2.8
2009-01-07,3.82,179.27,32.73,9.41
2009-01-08,3.78,181.73,32.65,13.16
2009-01-09,3.73,186.84,32.03,14.36
2009-01-12,3.73,186.76,32.57,14.58
2009-01-13,3.72,187.81,40.75,11.37
2009-01-14,3.72,189.38,47.02,8.65
2009-01-15,3.68,184.16,37.3,12.33
2009-01-16,3.74,186.49,44.27,17.01
2009-01-19,3.76,188.99,47.47,11.96
2009-01-20,3.78,193.33,42.92,15.03
2009-01-21,3.81,198.77,42.68,17.07
2009-01-22,3.89,211.63,29.99,18.32
2009-01-23,3.89,215.62,61.13,12.86
2009-01-26,4.04,208.55,53.22,12.09
2009-01-27,4.06,207.96,34.3,18.51
2009-01-28,3.93,202.27,36.21,17.94
2009-01-29,3.95,209.81,11.66,20.11
2009-01-30,4.02,223.57,3.71,22.2
2009-02-02,4.01,226.49,8.51,15.06
2009-02-03,3.99,230.05,8.7,16.53
2009-02-04,4.05,229.64,15.07,17.52
2009-02-05,3.99,234.6,22.28,15.84
2009-02-06,4.04,238.84,16.87,16.1
2009-02-09,4.03,234.06,12.54,17.32
2009-02-10,4.01,234.61,12.44,12.38
2009-02-11,3.95,234.82,11.06,9.58
2009-02-12,3.81,224.71,26.56,12.57
2009-02-13,3.85,227.2,20.02,15.01
2009-02-16,3.83,232.09,16.87,15.78
2009-02-17,3.81,235.07,20.85,11.7
2009-02-18,3.81,232.81,27.06,10.99
2009-02-19,3.9,227.13,33.38,13.28
2009-02-20,3.85,227.92,32.66,12.47
2009-02-23,3.81,222.48,40.34,12.23
2009-02-24,3.78,225.74,37.8,12.57
2009-02-25,3.78,229.2,35.56,12.61
2009-02-26,3.9,229.64,32.98,16.3
2009-02-27,3.85,229.59,33.71,16.81
2009-03-02,3.86,236.33,33.29,14.33
2009-03-03,3.88,241.17,32.19,14.67
2009-03-04,3.94,249.78,37.09,14.4
2009-03-05,3.85,240.12,35.92,14.14
2009-03-06,3.8,233.6,33.9,14.29
2009-03-09,3.77,223.69,32.22,13.75
2009-03-10,3.82,226.4,30.37,17.13
2009-03-11,3.9,227.46,32.39,16.65
2009-03-12,3.83,226.8,38.99,16.45
2009-03-13,3.87,228.69,48.78,16.3
2009-03-16,3.89,231.54,51.16,16.39
2009-03-17,3.95,234.94,50.57,17.62
2009-03-18,3.97,235.77,41.86,20.5
2009-03-19,3.86,225.67,45.73,20.59
2009-03-20,3.78,226.36,51.23,19.28
2009-03-23,3.8,225.19,45.81,18.61
2009-03-24,3.86,225.53,50.17,17.17
2009-03-25,3.86,223.84,53.92,17.73
2009-03-26,3.84,221.2,54.67,18.25
2009-03-27,3.8,227.81,41.17,18.18
2009-03-30,3.79,230.79,40.43,16.39
2009-03-31,3.77,231.17,38.9,17.2
2009-04-01,3.77,232.22,44.24,16.02
2009-04-02,3.84,226.38,49.27,17.5
2009-04-03,3.87,220.98,45.83,14.96
2009-04-06,3.88,217.7,54.27,14.41
2009-04-07,3.88,223.44,53.61,15.05
2009-04-08,3.89,225.81,45.47,15.13
2009-04-09,3.93,230.49,45.78,14.08
2009-04-14,3.88,229.72,46.52,12.2
2009-04-15,3.84,230.12,51.9,10.46
2009-04-16,3.88,228.93,48.06,11.39
2009-04-17,3.91,227.18,43.63,10.92
2009-04-20,3.86,225.59,43.29,9.71
2009-04-21,3.8,221.07,45.55,9.1
2009-04-22,3.83,220.37,45.82,11.17
2009-04-23,3.82,220.12,42.21,12.4
2009-04-24,3.84,225.63,40.63,12.44
2009-04-27,3.78,225.49,44.64,11.11
2009-04-28,3.78,226.77,40.55,11.52
2009-04-29,3.78,227.76,37.77,12.02
2009-04-30,3.79,226.01,33.06,13.13
2009-05-04,3.81,228.43,42.1,12.81
2009-05-05,3.79,226.99,40.66,13.0
2009-05-06,3.8,231.08,41.55,12.78
2009-05-07,3.93,238.51,43.08,16.69
2009-05-08,3.96,248.4,45.91,16.25
2009-05-11,3.9,244.7,45.8,14.91
2009-05-12,3.93,243.96,45.08,15.12
2009-05-13,3.88,246.87,52.95,11.51
2009-05-14,3.89,247.24,52.53,11.74
2009-05-15,3.93,251.32,46.45,14.78
2009-05-18,3.92,253.22,47.63,14.91
2009-05-19,3.99,254.58,43.6,16.55
2009-05-20,3.98,247.35,47.73,15.65
2009-05-21,3.94,249.51,50.75,14.59
2009-05-22,4.04,255.51,45.41,15.59
2009-05-25,4.1,249.81,46.78,17.32
2009-05-26,4.07,250.16,58.1,24.58
2009-05-27,4.13,252.85,52.89,26.36
2009-05-28,4.18,258.25,47.42,27.84
2009-05-29,4.18,265.08,46.25,28.91
2009-06-01,4.2,265.97,44.68,25.51
2009-06-02,4.2,269.83,47.75,24.51
2009-06-03,4.12,264.54,43.11,24.16
2009-06-04,4.2,260.6,37.42,26.2
2009-06-05,4.23,249.41,30.96,27.05
2009-06-08,4.2,242.27,34.71,30.84
2009-06-09,4.17,241.45,35.01,31.76
2009-06-10,4.19,244.02,35.37,32.43
2009-06-11,4.25,245.98,37.4,31.68
2009-06-12,4.17,242.74,41.92,30.07
2009-06-15,4.1,239.91,50.86,28.73
2009-06-16,4.09,241.48,54.46,26.93
2009-06-17,4.06,245.14,56.84,25.73
2009-06-18,4.13,250.9,52.42,28.0
2009-06-19,4.13,253.06,59.4,27.0
2009-06-22,4.05,250.31,57.25,26.46
2009-06-23,4.06,248.37,59.86,25.95
2009-06-24,4.04,255.35,62.25,25.82
2009-06-25,4.02,257.98,63.93,23.89
2009-06-26,3.99,256.42,62.17,22.62
2009-06-29,3.96,248.85,63.31,20.71
2009-06-30,3.99,248.62,56.95,21.77
2009-07-01,3.98,251.22,57.18,22.78
2009-07-02,3.93,256.57,59.02,23.1
2009-07-03,3.94,257.94,48.21,21.91
2009-07-06,3.91,257.26,46.5,22.23
2009-07-07,3.91,256.88,48.78,22.55
2009-07-08,3.92,257.71,47.49,22.02
2009-07-09,3.92,255.2,45.41,22.22
2009-07-10,3.88,253.44,50.14,19.91
2009-07-13,3.86,252.13,35.29,18.48
2009-07-14,3.91,252.51,30.29,21.05
2009-07-15,3.93,251.32,32.35,19.82
2009-07-16,3.93,255.36,32.7,20.24
2009-07-17,3.96,255.97,36.1,19.31
2009-07-20,3.98,252.09,41.75,19.54
2009-07-21,3.96,251.91,44.78,18.71
2009-07-22,3.92,249.9,48.01,17.02
2009-07-23,3.92,249.57,49.34,16.46
2009-07-24,3.94,247.37,46.16,17.93
2009-07-27,3.96,242.92,50.03,18.42
2009-07-28,3.9,240.97,49.41,18.68
2009-07-29,3.86,237.95,48.75,18.19
2009-07-30,3.84,234.99,47.04,18.89
2009-07-31,3.74,230.76,44.33,19.2
2009-08-03,3.76,228.72,44.03,18.38
2009-08-04,3.76,225.08,43.64,19.13
2009-08-05,3.78,220.13,36.78,19.56
2009-08-06,3.79,217.26,36.7,20.96
2009-08-07,3.84,215.24,37.69,22.31
2009-08-10,3.84,215.65,38.68,22.12
2009-08-11,3.78,219.08,54.61,27.07
2009-08-12,3.82,223.17,53.49,28.89
2009-08-13,3.78,225.38,55.76,28.32
2009-08-14,3.73,225.57,58.26,25.84
2009-08-17,3.7,223.19,56.84,25.44
2009-08-18,3.7,221.9,56.68,24.92
2009-08-19,3.67,221.91,55.76,25.19
2009-08-20,3.67,221.85,51.71,22.52
2009-08-21,3.68,215.34,54.24,24.27
2009-08-24,3.7,216.96,53.85,24.49
2009-08-25,3.68,219.59,56.88,22.45
2009-08-26,3.64,217.43,58.8,22.22
2009-08-27,3.63,217.13,59.02,21.91
2009-08-28,3.66,219.77,59.74,22.28
2009-08-31,3.68,222.04,57.97,23.94
2009-09-01,3.71,227.78,55.53,23.79
2009-09-02,3.7,228.64,57.36,21.78
2009-09-03,3.74,236.62,59.17,23.55
2009-09-04,3.7,235.66,57.36,23.87
2009-09-07,3.72,240.73,60.88,24.1
2009-09-08,3.76,244.13,61.26,24.87
2009-09-09,3.8,246.11,65.59,23.55
2009-09-10,3.75,246.71,66.9,21.14
2009-09-11,3.71,244.46,64.24,21.77
2009-09-14,3.69,239.82,61.34,21.7
2009-09-15,3.72,239.36,61.37,21.39
2009-09-16,3.75,241.02,60.7,22.15
2009-09-17,3.78,239.93,58.22,22.89
2009-09-18,3.77,238.72,65.17,21.42
2009-09-21,3.78,243.57,68.47,20.23
2009-09-22,3.78,243.2,66.98,20.77
2009-09-23,3.78,243.12,63.39,23.64
2009-09-24,3.73,243.77,67.88,21.31
2009-09-25,3.67,236.3,62.14,20.39
2009-09-28,3.65,235.17,58.03,20.85
2009-09-29,3.66,233.08,55.27,21.17
2009-09-30,3.64,230.79,52.91,21.63
2009-10-01,3.67,232.75,56.03,20.86
2009-10-02,3.62,231.75,49.74,14.8
2009-10-05,3.61,231.34,48.51,15.14
2009-10-06,3.64,231.68,46.74,15.02
2009-10-07,3.61,228.66,44.2,13.18
2009-10-08,3.59,227.16,47.63,11.5
2009-10-09,3.66,221.46,47.34,11.58
2009-10-12,3.66,223.77,48.38,11.98
2009-10-13,3.65,227.5,48.06,11.33
2009-10-14,3.7,228.87,48.81,11.43
2009-10-15,3.77,231.02,45.75,12.86
2009-10-16,3.75,226.17,48.91,12.46
2009-10-19,3.74,225.76,51.14,11.24
2009-10-20,3.69,223.72,52.37,9.18
2009-10-21,3.73,225.63,59.29,8.95
2009-10-22,3.71,224.3,58.98,9.0
2009-10-23,3.76,227.09,58.54,9.99
2009-10-26,3.79,230.09,59.21,10.96
2009-10-27,3.7,229.25,61.7,10.34
2009-10-28,3.67,227.84,61.14,10.56
2009-10-29,3.72,225.8,57.55,11.98
2009-10-30,3.68,224.89,56.65,11.99
2009-11-02,3.66,224.81,59.68,9.48
2009-11-03,3.66,227.69,61.15,8.85
2009-11-04,3.72,229.25,61.06,10.16
2009-11-05,3.75,232.17,59.72,11.41
2009-11-06,3.77,233.46,60.11,12.54
2009-11-09,3.72,235.0,62.31,11.38
2009-11-10,3.68,232.08,61.67,10.33
2009-11-11,3.7,233.46,59.68,11.43
2009-11-12,3.72,235.6,58.31,12.53
2009-11-13,3.71,237.18,57.07,12.38
2009-11-16,3.7,236.98,57.06,13.24
2009-11-17,3.67,233.47,54.08,12.04
2009-11-18,3.67,234.07,51.39,13.16
2009-11-19,3.66,234.57,49.73,13.47
2009-11-20,3.68,231.18,49.39,13.65
2009-11-23,3.68,228.85,50.41,12.42
2009-11-24,3.65,228.4,54.66,9.33
2009-11-25,3.65,223.91,58.75,8.25
2009-11-26,3.59,227.09,62.81,6.08
2009-11-27,3.61,228.37,61.34,6.83
2009-11-30,3.57,223.24,60.67,6.62
2009-12-01,3.55,223.48,63.43,5.14
2009-12-02,3.57,224.6,63.38,5.32
2009-12-03,3.59,223.16,62.19,7.23
2009-12-04,3.64,222.67,59.48,8.55
2009-12-07,3.57,219.5,61.53,7.42
2009-12-08,3.55,225.7,59.05,6.15
2009-12-09,3.57,227.33,57.72,7.14
2009-12-10,3.6,227.79,60.3,6.08
2009-12-11,3.64,228.42,61.21,5.67
2009-12-14,3.61,228.2,62.14,5.17
2009-12-15,3.63,229.16,58.84,5.74
2009-12-16,3.61,230.04,60.06,6.8
2009-12-17,3.56,231.35,58.02,7.08
2009-12-18,3.56,231.53,53.6,8.62
2009-12-21,3.6,234.19,62.42,11.6
2009-12-22,3.65,238.04,63.32,11.34
2009-12-23,3.68,240.73,63.92,11.72
2009-12-24,3.68,241.02,63.24,12.72
2009-12-28,3.72,239.75,63.21,13.21
2009-12-29,3.74,237.63,62.36,12.48
2009-12-30,3.76,237.71,60.88,13.17
2009-12-31,3.76,238.07,60.79,13.52
2010-01-04,3.77,232.32,60.31,15.05
2010-01-05,3.74,233.5,62.73,15.06
2010-01-06,3.77,236.34,63.76,15.42
2010-01-07,3.73,234.7,62.82,16.27
2010-01-08,3.72,236.64,60.86,15.53
2010-01-11,3.69,237.35,64.87,15.37
2010-01-12,3.67,235.83,64.07,14.18
2010-01-13,3.68,236.8,66.25,13.48
2010-01-14,3.7,239.81,53.32,11.51
2010-01-15,3.67,240.85,52.36,11.6
2010-01-18,3.65,237.05,53.58,11.72
2010-01-19,3.68,237.83,51.32,11.16
2010-01-20,3.65,237.05,58.12,7.22
2010-01-21,3.66,238.42,52.54,5.37
2010-01-22,3.65,243.67,45.36,4.31
2010-01-25,3.64,240.44,46.91,5.87
2010-01-26,3.63,239.45,47.06,3.97
2010-01-27,3.6,236.36,45.34,3.96
2010-01-28,3.62,237.56,40.51,4.14
2010-01-29,3.66,241.52,33.23,4.88
2010-02-01,3.59,233.55,43.57,4.14
2010-02-02,3.59,230.46,43.75,6.09
2010-02-03,3.6,229.96,51.74,5.6
2010-02-04,3.57,228.14,51.51,7.62
2010-02-05,3.53,228.53,47.48,6.85
2010-02-08,3.54,234.5,38.39,8.32
2010-02-09,3.56,235.58,43.73,7.09
2010-02-10,3.56,236.4,45.88,6.63
2010-02-11,3.58,235.09,44.83,6.45
2010-02-12,3.57,238.88,47.28,7.14
2010-02-15,3.59,240.51,48.19,9.48
2010-02-16,3.58,239.48,49.26,6.16
2010-02-17,3.58,243.67,46.8,7.89
2010-02-18,3.6,245.38,48.99,6.51
2010-02-19,3.64,245.7,44.01,6.09
2010-02-22,3.64,246.91,42.28,7.22
2010-02-23,3.56,247.57,44.85,5.14
2010-02-24,3.52,242.88,43.68,6.96
2010-02-25,3.5,245.74,45.83,6.39
2010-02-26,3.49,246.32,45.29,6.49
2010-03-01,3.5,245.31,46.05,3.83
2010-03-02,3.49,246.51,46.65,3.77
2010-03-03,3.53,245.75,47.29,3.97
2010-03-04,3.52,246.07,48.02,3.65
2010-03-05,3.54,245.76,46.57,5.18
2010-03-08,3.54,246.74,46.79,5.81
2010-03-09,3.5,244.8,51.9,3.47
2010-03-10,3.52,244.58,50.05,4.37
2010-03-11,3.53,242.75,49.99,4.13
2010-03-12,3.56,241.94,46.49,4.41
2010-03-15,3.52,240.1,48.43,4.24
2010-03-16,3.51,239.79,49.08,3.42
2010-03-17,3.48,243.62,49.77,1.98
2010-03-18,3.5,242.24,50.24,2.18
2010-03-19,3.5,241.46,50.79,3.11
2010-03-22,3.46,239.35,49.93,3.12
2010-03-23,3.44,239.55,49.16,3.34
2010-03-24,3.47,240.52,45.47,4.07
2010-03-25,3.5,243.32,43.51,5.37
2010-03-26,3.53,244.75,41.61,6.02
2010-03-29,3.5,243.36,42.95,4.61
2010-03-30,3.51,243.69,41.12,4.7
2010-03-31,3.46,241.05,40.99,3.66
2010-04-01,3.48,241.72,36.43,3.95
2010-04-06,3.51,242.9,49.6,5.72
2010-04-07,3.49,242.51,49.72,5.6
2010-04-08,3.48,244.59,50.47,5.1
2010-04-09,3.53,243.72,51.3,5.48
2010-04-12,3.52,241.71,52.83,4.85
2010-04-13,3.5,243.46,52.84,1.32
2010-04-14,3.51,244.46,53.53,1.65
2010-04-15,3.51,245.82,54.02,1.13
2010-04-16,3.48,246.2,59.64,2.04
2010-04-19,3.48,247.52,54.51,-1.37
2010-04-20,3.48,244.76,56.84,-1.6
2010-04-21,3.47,243.68,59.46,-2.48
2010-04-22,3.43,236.81,54.33,-3.66
2010-04-23,3.46,240.42,52.11,-3.75
2010-04-26,3.42,232.83,55.45,-1.94
2010-04-27,3.44,235.51,46.31,0.31
2010-04-28,3.41,232.53,44.32,2.94
2010-04-29,3.43,236.41,46.67,-1.17
2010-04-30,3.4,238.5,44.49,-4.5
2010-05-03,3.41,239.3,69.98,-3.41
2010-05-04,3.34,235.86,69.73,-3.68
2010-05-05,3.26,239.98,67.67,-9.98
2010-05-06,3.31,250.35,68.85,-11.0
2010-05-07,3.27,253.21,68.38,-16.91
2010-05-10,3.38,256.08,75.38,-14.76
2010-05-11,3.35,252.36,83.06,-13.22
2010-05-12,3.35,253.86,89.85,-6.83
2010-05-13,3.33,251.53,85.87,-11.3
2010-05-14,3.26,249.92,82.51,-13.15
2010-05-17,3.28,246.13,84.29,-8.95
2010-05-18,3.21,233.72,79.1,-19.93
2010-05-19,3.18,232.38,79.13,-16.72
2010-05-20,3.09,226.68,80.55,-20.7
2010-05-21,3.06,222.61,76.99,-15.85
2010-05-24,3.04,221.16,79.23,-15.48
2010-05-25,2.97,213.52,83.27,-14.97
2010-05-26,3.05,215.13,85.04,-13.56
2010-05-27,3.08,214.19,85.43,-9.33
2010-05-28,3.03,244.89,65.17,-5.25
2010-05-31,3.0,242.92,65.04,-6.23
2010-06-01,2.99,242.52,62.81,-5.22
2010-06-02,3.01,244.49,57.44,-7.61
2010-06-03,3.1,249.53,57.9,-6.62
2010-06-04,3.06,248.29,57.3,-7.98
2010-06-07,3.12,252.51,48.36,-7.17
2010-06-08,3.1,251.67,47.08,-6.92
2010-06-09,3.08,251.91,49.46,-9.53
2010-06-10,3.1,252.37,48.98,-7.93
2010-06-11,3.06,251.73,53.94,-7.34
2010-06-14,3.08,250.83,54.74,-7.25
2010-06-15,3.12,251.14,56.04,-6.46
2010-06-16,3.11,251.63,54.15,-6.77
2010-06-17,3.12,250.07,56.07,-5.97
2010-06-18,3.14,248.4,55.85,-4.48
2010-06-21,3.15,245.4,57.68,-4.98
2010-06-22,3.12,242.74,55.39,-4.66
2010-06-23,3.09,240.02,55.26,-8.3
2010-06-24,3.07,240.76,57.52,-12.36
2010-06-25,3.08,239.39,54.1,-12.95
2010-06-28,3.06,237.02,50.59,-12.7
2010-06-29,3.02,236.33,50.63,-14.03
2010-06-30,3.03,233.21,47.87,-13.3
2010-07-01,3.01,228.3,49.26,-15.04
2010-07-02,3.0,227.52,52.73,-16.11
2010-07-05,2.95,225.91,52.8,-18.09
2010-07-06,2.99,226.06,53.68,-17.07
2010-07-07,2.98,227.4,51.06,-17.63
2010-07-08,3.0,222.7,51.42,-17.64
2010-07-09,2.98,217.7,52.55,-16.23
2010-07-12,2.95,219.15,46.52,-18.43
2010-07-13,2.97,220.08,47.98,-18.55
2010-07-14,2.97,214.84,47.51,-16.04
2010-07-15,3.02,216.98,47.13,-15.23
2010-07-16,2.99,215.11,45.95,-16.96
2010-07-19,3.01,212.02,46.51,-16.32
2010-07-20,2.99,214.55,52.56,-14.29
2010-07-21,3.0,219.32,51.13,-15.34
2010-07-22,3.03,223.91,47.93,-14.62
2010-07-23,3.03,221.82,55.39,-9.92
2010-07-26,3.06,219.62,59.18,-8.25
2010-07-27,3.08,215.01,56.35,-8.21
2010-07-28,3.06,215.77,58.78,-10.69
2010-07-29,3.05,214.15,60.91,-10.34
2010-07-30,3.01,213.66,59.04,-11.68
2010-08-02,3.04,214.97,57.84,-10.02
2010-08-03,2.96,214.33,57.84,-14.82
2010-08-04,2.93,211.59,56.57,-14.52
2010-08-05,2.89,206.8,57.38,-15.0
2010-08-06,2.84,201.49,59.7,-16.22
2010-08-09,2.83,203.28,60.72,-17.59
2010-08-10,2.87,207.34,61.92,-18.12
2010-08-11,2.78,207.65,61.78,-22.17
2010-08-12,2.77,208.46,60.6,-21.02
2010-08-13,2.77,208.99,61.59,-21.67
2010-08-16,2.7,203.43,56.22,-20.01
2010-08-17,2.71,202.77,50.88,-16.39
2010-08-18,2.66,199.62,52.6,-18.65
2010-08-19,2.66,199.55,54.33,-19.88
2010-08-20,2.62,198.89,49.16,-16.67
2010-08-23,2.63,198.71,48.66,-15.94
2010-08-24,2.52,193.83,46.67,-19.53
2010-08-25,2.47,186.32,43.28,-12.82
2010-08-26,2.5,187.11,32.32,-13.92
2010-08-27,2.47,183.8,30.09,-12.9
2010-08-30,2.5,187.85,33.05,-15.81
2010-08-31,2.48,185.39,33.4,-15.87
2010-09-01,2.56,191.13,41.07,-11.79
2010-09-02,2.61,196.62,45.82,-14.45
2010-09-03,2.68,200.36,49.88,-15.45
2010-09-06,2.66,199.33,50.16,-16.1
2010-09-07,2.6,197.96,46.68,-17.49
2010-09-08,2.62,195.26,47.11,-14.39
2010-09-09,2.64,192.05,45.87,-11.68
2010-09-10,2.69,193.86,47.27,-10.53
2010-09-13,2.74,196.12,51.84,-11.2
2010-09-14,2.69,192.85,48.92,-11.16
2010-09-15,2.74,194.43,49.82,-10.45
2010-09-16,2.83,197.42,52.86,-8.98
2010-09-17,2.76,194.56,48.81,-10.09
2010-09-20,2.8,195.31,48.09,-8.07
2010-09-21,2.8,195.09,42.95,-8.79
2010-09-22,2.72,190.17,44.97,-10.89
2010-09-23,2.67,191.29,45.81,-15.05
2010-09-24,2.7,192.54,48.38,-15.73
2010-09-27,2.65,187.56,48.71,-18.03
2010-09-28,2.62,184.04,47.3,-16.4
2010-09-29,2.63,179.01,47.21,-12.99
2010-09-30,2.67,177.29,42.68,-14.18
2010-10-01,2.72,178.87,40.12,-14.65
2010-10-04,2.63,175.9,41.61,-15.21
2010-10-05,2.64,177.6,42.03,-16.48
2010-10-06,2.61,177.84,43.23,-18.56
2010-10-07,2.64,178.53,42.5,-18.67
2010-10-08,2.65,179.21,45.46,-18.97
2010-10-11,2.65,180.21,45.03,-20.5
2010-10-12,2.61,179.29,44.56,-21.65
2010-10-13,2.65,182.46,46.36,-21.31
2010-10-14,2.67,183.17,46.39,-23.48
2010-10-15,2.72,186.36,46.88,-23.06
2010-10-18,2.74,180.93,46.78,-20.37
2010-10-19,2.76,180.02,47.05,-19.51
2010-10-20,2.77,177.45,42.69,-16.92
2010-10-21,2.8,178.18,40.98,-15.33
2010-10-22,2.8,175.29,34.69,-15.12
2010-10-25,2.79,176.34,36.06,-15.58
2010-10-26,2.83,174.62,34.69,-13.54
2010-10-27,2.89,179.26,34.43,-12.47
2010-10-28,2.87,177.78,33.07,-14.48
2010-10-29,2.86,179.55,31.09,-14.69
2010-11-01,2.83,176.73,30.18,-14.44
2010-11-02,2.8,174.26,27.78,-13.91
2010-11-03,2.75,170.87,24.98,-15.81
2010-11-04,2.77,174.24,28.9,-19.16
2010-11-05,2.79,178.79,32.56,-22.26
2010-11-08,2.76,175.66,29.68,-25.15
2010-11-09,2.77,176.61,29.83,-24.31
2010-11-10,2.78,177.33,28.49,-23.55
2010-11-11,2.82,183.2,28.65,-25.53
2010-11-12,2.87,183.26,29.34,-20.83
2010-11-15,2.92,183.77,30.4,-17.79
2010-11-16,2.94,187.67,30.63,-18.54
2010-11-17,2.97,189.93,32.58,-15.02
2010-11-18,3.05,194.67,32.08,-12.79
2010-11-19,3.05,193.5,29.5,-12.14
2010-11-22,3.02,194.36,32.6,-13.81
2010-11-23,2.94,194.87,32.99,-14.75
2010-11-24,3.03,203.31,28.42,-11.65
2010-11-25,3.07,204.94,34.03,-7.45
2010-11-26,3.09,207.76,34.4,-7.14
2010-11-29,3.12,212.06,31.63,-6.86
2010-11-30,3.11,212.25,27.65,-5.54
2010-12-01,3.17,217.12,29.43,-2.96
2010-12-02,3.2,224.85,33.16,1.69
2010-12-03,3.28,231.52,31.28,-1.94
2010-12-06,3.24,232.98,30.82,-7.85
2010-12-07,3.31,237.23,31.47,-6.72
2010-12-08,3.36,235.12,31.07,-2.08
2010-12-09,3.29,223.31,28.38,2.79
2010-12-10,3.31,222.4,28.47,5.29
2010-12-13,3.32,222.67,32.11,4.68
2010-12-14,3.36,227.81,34.8,5.96
2010-12-15,3.38,228.81,35.64,8.53
2010-12-16,3.42,230.64,33.25,8.3
2010-12-17,3.39,228.65,35.88,6.24
2010-12-20,3.32,224.55,33.21,2.63
2010-12-21,3.32,223.43,35.47,2.86
2010-12-22,3.31,228.48,33.48,2.12
2010-12-23,3.33,234.19,33.75,2.49
2010-12-24,3.33,234.65,33.1,2.34
2010-12-27,3.39,238.09,32.35,4.41
2010-12-28,3.33,239.02,32.04,3.4
2010-12-29,3.4,244.25,31.23,4.84
2010-12-30,3.36,242.64,30.36,0.81
2010-12-31,3.36,243.3,29.38,0.57
2011-01-03,3.35,245.03,28.36,2.51
2011-01-04,3.31,239.21,30.12,0.66
2011-01-05,3.31,236.02,30.58,0.05
2011-01-06,3.37,238.48,31.33,-0.33
2011-01-07,3.33,237.37,31.45,-1.26
2011-01-10,3.27,232.68,34.18,-2.73
2011-01-11,3.3,235.03,32.8,-5.76
2011-01-12,3.39,236.71,31.91,-1.13
2011-01-13,3.4,227.94,26.7,1.65
2011-01-14,3.36,217.75,23.2,2.97
2011-01-17,3.38,218.95,24.15,2.53
2011-01-18,3.44,218.74,19.16,4.8
2011-01-19,3.43,221.24,25.91,5.02
2011-01-20,3.49,217.42,27.12,8.22
2011-01-21,3.5,213.89,29.12,11.83
2011-01-24,3.46,210.68,27.71,10.28
2011-01-25,3.46,211.61,31.93,7.84
2011-01-26,3.5,210.97,33.69,12.85
2011-01-27,3.51,210.01,33.92,13.44
2011-01-28,3.51,201.06,25.49,13.69
2011-01-31,3.49,201.14,25.91,11.75
2011-02-01,3.56,207.72,28.27,11.45
2011-02-02,3.52,202.89,31.31,10.97
2011-02-03,3.57,210.92,25.98,8.51
2011-02-04,3.56,207.7,25.35,9.45
2011-02-07,3.59,211.59,23.79,10.1
2011-02-08,3.58,208.15,26.61,8.97
2011-02-09,3.61,208.08,30.24,9.62
2011-02-10,3.61,207.12,30.7,11.76
2011-02-11,3.59,208.29,29.56,9.09
2011-02-14,3.62,210.26,30.8,10.48
2011-02-15,3.63,210.38,29.95,11.04
2011-02-16,3.56,207.58,29.26,8.93
2011-02-17,3.53,208.9,26.95,6.77
2011-02-18,3.55,206.75,31.44,9.13
2011-02-21,3.51,202.42,30.57,7.19
2011-02-22,3.48,195.2,26.98,8.19
2011-02-23,3.45,191.16,27.1,9.87
2011-02-24,3.46,194.11,24.03,8.08
2011-02-25,3.47,194.2,21.77,8.76
2011-02-28,3.49,196.2,21.45,9.11
2011-03-01,3.53,198.36,19.89,9.86
2011-03-02,3.52,198.6,19.76,9.96
2011-03-03,3.61,188.96,28.13,15.94
2011-03-04,3.59,185.13,34.89,19.86
2011-03-07,3.61,186.5,34.36,20.65
2011-03-08,3.59,186.81,36.58,19.39
2011-03-09,3.6,187.67,34.43,19.27
2011-03-10,3.55,186.34,32.72,17.54
2011-03-11,3.52,186.48,32.21,15.7
2011-03-14,3.51,186.81,31.78,15.99
2011-03-15,3.44,188.34,26.28,10.53
2011-03-16,3.4,187.98,31.61,7.47
2011-03-17,3.46,189.13,32.33,10.31
2011-03-18,3.48,187.26,39.56,11.91
2011-03-21,3.53,182.75,43.72,18.36
2011-03-22,3.54,183.81,41.29,17.97
2011-03-23,3.54,185.16,37.12,16.54
2011-03-24,3.56,186.9,37.76,14.48
2011-03-25,3.57,185.53,41.42,16.47
2011-03-28,3.62,186.02,40.46,17.04
2011-03-29,3.61,185.22,37.89,18.27
2011-03-30,3.66,188.52,36.32,19.83
2011-03-31,3.66,186.68,34.31,20.55
2011-04-01,3.69,185.74,39.59,24.17
2011-04-04,3.67,185.25,40.71,23.36
2011-04-05,3.67,185.2,41.86,22.65
2011-04-06,3.7,186.39,44.06,23.57
2011-04-07,3.71,186.08,45.59,22.0
2011-04-08,3.75,182.31,49.41,25.43
2011-04-11,3.74,182.64,51.93,26.34
2011-04-12,3.71,184.69,49.61,22.6
2011-04-13,3.73,183.25,48.58,24.37
2011-04-14,3.68,182.11,45.78,22.62
2011-04-15,3.67,179.55,46.25,23.27
2011-04-18,3.61,180.35,40.8,17.04
2011-04-19,3.59,174.59,45.9,20.48
2011-04-20,3.6,173.8,46.25,19.93
2011-04-21,3.58,175.67,43.51,17.43
2011-04-26,3.58,176.61,43.96,17.3
2011-04-27,3.61,175.58,42.01,18.13
2011-04-28,3.57,172.45,43.23,16.54
2011-04-29,3.55,169.53,43.54,17.8
2011-05-02,3.55,168.3,43.31,17.57
2011-05-03,3.55,166.35,49.49,18.91
2011-05-04,3.58,161.25,56.94,22.98
2011-05-05,3.55,170.84,51.94,16.39
2011-05-06,3.48,164.95,51.26,15.61
2011-05-09,3.41,163.49,49.98,12.1
2011-05-10,3.43,165.38,52.2,12.89
2011-05-11,3.45,166.44,52.36,12.99
2011-05-12,3.42,167.52,48.09,9.15
2011-05-13,3.41,164.35,50.23,9.03
2011-05-16,3.43,164.16,52.36,9.79
2011-05-17,3.43,164.23,52.41,9.86
2011-05-18,3.42,162.55,52.32,9.55
2011-05-19,3.47,163.48,52.91,11.96
2011-05-20,3.4,162.0,51.0,8.73
2011-05-23,3.37,163.88,46.71,5.44
2011-05-24,3.39,165.6,47.62,5.28
2011-05-25,3.37,169.1,43.55,1.4
2011-05-26,3.33,167.28,43.08,-0.24
2011-05-27,3.32,168.98,41.24,-2.49
2011-05-30,3.31,168.28,40.1,-2.1
2011-05-31,3.37,169.38,42.51,0.14
2011-06-01,3.34,168.1,41.2,-1.95
2011-06-02,3.32,165.56,44.13,-2.7
2011-06-03,3.32,164.53,45.1,-2.55
2011-06-06,3.35,164.22,44.38,-0.81
2011-06-07,3.39,165.34,45.42,-1.21
2011-06-08,3.39,166.09,42.51,-4.35
2011-06-09,3.36,168.95,47.16,-7.19
2011-06-10,3.32,168.47,47.52,-9.84
2011-06-13,3.32,170.61,49.32,-9.56
2011-06-14,3.36,171.04,50.83,-9.24
2011-06-15,3.36,173.53,52.83,-11.91
2011-06-16,3.34,178.04,56.96,-11.45
2011-06-17,3.35,175.92,57.43,-10.32
2011-06-20,3.37,175.98,57.44,-8.63
2011-06-21,3.37,176.43,64.13,-8.48
2011-06-22,3.37,178.11,69.25,-7.8
2011-06-23,3.3,181.76,64.68,-10.86
2011-06-24,3.3,180.99,66.52,-11.22
2011-06-27,3.32,183.58,66.7,-11.28
2011-06-28,3.36,178.88,69.66,-9.75
2011-06-29,3.4,179.16,70.22,-8.41
2011-06-30,3.41,175.37,72.33,-6.69
2011-07-01,3.42,171.68,67.2,-2.05
2011-07-04,3.41,168.91,64.12,-3.79
2011-07-05,3.4,169.44,61.65,-3.46
2011-07-06,3.35,170.0,56.84,-9.59
2011-07-07,3.39,172.03,54.86,-7.61
2011-07-08,3.3,171.6,52.21,-13.61
2011-07-11,3.19,172.05,45.78,-16.18
2011-07-12,3.22,176.85,50.37,-11.18
2011-07-13,3.21,181.03,61.12,-10.23
2011-07-14,3.25,183.61,64.82,-8.27
2011-07-15,3.17,182.31,62.33,-8.71
2011-07-18,3.15,181.51,60.05,-7.37
2011-07-19,3.18,180.79,63.47,-6.69
2011-07-20,3.2,181.13,68.52,-8.01
2011-07-21,3.29,178.4,70.74,-6.97
2011-07-22,3.26,177.39,64.55,-11.49
2011-07-25,3.24,176.89,65.68,-12.77
2011-07-26,3.2,174.5,59.48,-15.03
2011-07-27,3.1,172.53,57.91,-18.39
2011-07-28,3.12,174.62,56.26,-17.67
2011-07-29,3.06,173.76,59.12,-19.65
2011-08-01,3.03,173.11,56.43,-23.43
2011-08-02,2.99,174.89,55.04,-23.11
2011-08-03,3.01,176.92,47.82,-22.09
2011-08-04,2.96,180.68,48.12,-20.71
2011-08-05,2.97,195.03,48.64,-16.21
2011-08-08,2.95,202.05,57.88,-10.99
2011-08-09,2.94,201.61,67.76,-5.35
2011-08-10,2.84,207.26,70.05,-17.52
2011-08-11,2.83,205.59,76.79,-12.94
2011-08-12,2.87,201.83,74.13,-19.46
2011-08-15,2.86,197.66,77.6,-24.61
2011-08-16,2.86,198.28,76.99,-27.75
2011-08-17,2.81,193.42,80.15,-29.33
2011-08-18,2.65,193.79,81.48,-28.37
2011-08-19,2.67,188.01,71.69,-24.11
2011-08-22,2.7,187.67,69.54,-22.44
2011-08-23,2.67,187.41,67.1,-29.55
2011-08-24,2.75,188.82,70.56,-23.69
2011-08-25,2.74,191.94,69.79,-24.22
2011-08-26,2.68,191.33,74.66,-23.89
2011-08-29,2.78,187.0,72.7,-21.41
2011-08-30,2.7,188.77,71.0,-25.25
2011-08-31,2.76,190.4,72.03,-23.3
2011-09-01,2.77,191.75,78.3,-18.99
2011-09-02,2.66,192.11,78.23,-24.53
2011-09-05,2.56,190.13,77.87,-25.52
2011-09-06,2.56,189.56,79.61,-24.91
2011-09-07,2.58,190.64,82.61,-22.79
2011-09-08,2.45,183.86,90.72,-20.32
2011-09-09,2.42,186.38,87.67,-21.83
2011-09-12,2.34,175.02,92.21,-15.28
2011-09-13,2.44,176.04,75.32,-18.85
2011-09-14,2.48,176.2,74.76,-16.96
2011-09-15,2.61,177.62,77.71,-11.72
2011-09-16,2.49,174.17,77.94,-14.29
2011-09-19,2.4,173.92,76.91,-9.52
2011-09-20,2.41,174.54,76.98,-8.71
2011-09-21,2.43,176.03,75.97,-7.28
2011-09-22,2.37,171.86,65.7,-8.69
2011-09-23,2.35,172.69,59.78,-12.91
2011-09-26,2.39,176.33,60.84,-13.3
2011-09-27,2.56,178.67,61.49,-10.08
2011-09-28,2.56,177.74,62.79,-11.58
2011-09-29,2.57,178.67,63.14,-10.65
2011-09-30,2.48,173.75,61.05,-12.73
2011-10-03,2.44,172.45,59.75,-15.21
2011-10-04,2.36,169.7,60.04,-19.46
2011-10-05,2.48,175.0,59.4,-15.02
2011-10-06,2.51,172.56,58.03,-17.89
2011-10-07,2.61,179.0,61.69,-14.81
2011-10-10,2.68,183.2,55.76,-12.47
2011-10-11,2.7,185.5,55.04,-11.81
2011-10-12,2.79,189.89,59.2,-9.67
2011-10-13,2.74,189.65,58.64,-9.97
2011-10-14,2.86,197.76,59.57,-6.78
2011-10-17,2.76,195.79,63.07,-9.96
2011-10-18,2.76,191.72,60.69,-10.36
2011-10-19,2.81,194.73,59.38,-9.11
2011-10-20,2.82,189.25,62.65,-6.69
2011-10-21,2.85,192.3,60.52,-7.61
2011-10-24,2.83,194.38,64.11,-10.58
2011-10-25,2.81,195.38,58.82,-11.62
2011-10-26,2.76,198.28,57.45,-14.86
2011-10-27,2.83,197.37,57.84,-15.6
2011-10-28,2.87,200.53,59.25,-16.18
2011-10-31,2.79,197.95,59.2,-18.66
2011-11-01,2.6,189.66,57.63,-23.16
2011-11-02,2.68,193.55,60.32,-22.7
2011-11-03,2.75,206.1,61.86,-23.73
2011-11-04,2.67,198.93,62.78,-23.11
2011-11-07,2.68,197.5,59.65,-25.82
2011-11-08,2.68,197.12,61.59,-22.1
2011-11-09,2.62,191.41,53.72,-18.57
2011-11-10,2.74,195.05,54.25,-15.8
2011-11-11,2.82,198.84,51.77,-13.73
2011-11-14,2.83,198.22,53.21,-13.0
2011-11-15,2.92,199.17,50.28,-8.72
2011-11-16,2.96,198.73,44.2,-4.02
2011-11-17,2.97,200.05,42.28,-3.77
2011-11-18,2.98,199.57,37.15,-1.1
2011-11-21,2.9,196.96,37.57,-1.07
2011-11-22,2.97,202.18,37.38,0.56
2011-11-23,3.08,205.3,32.02,5.79
2011-11-24,3.12,205.47,43.08,10.31
2011-11-25,3.19,211.33,42.66,15.39
2011-11-28,3.17,218.06,50.58,16.24
2011-11-29,3.17,221.37,49.37,16.72
2011-11-30,3.07,232.92,48.45,2.15
2011-12-01,2.98,230.23,54.2,3.26
2011-12-02,2.93,225.18,53.21,2.1
2011-12-05,2.9,222.33,45.32,-1.3
2011-12-06,2.94,223.83,46.32,2.8
2011-12-07,2.87,220.66,45.27,7.46
2011-12-08,2.89,224.17,47.06,5.81
2011-12-09,2.86,219.46,43.32,7.84
2011-12-12,2.82,218.59,35.95,8.21
2011-12-13,2.83,217.88,31.07,5.7
2011-12-14,2.72,209.98,29.96,9.78
2011-12-15,2.67,214.56,31.29,13.7
2011-12-16,2.64,218.09,36.14,10.92
2011-12-19,2.66,214.19,42.52,9.23
2011-12-20,2.71,219.52,47.85,13.33
2011-12-21,2.69,217.39,48.05,10.16
2011-12-22,2.69,217.73,48.64,12.43
2011-12-23,2.68,221.01,43.69,7.39
2011-12-27,2.65,223.11,41.76,9.63
2011-12-28,2.65,223.35,40.17,8.94
2011-12-29,2.63,224.29,47.61,12.2
2011-12-30,2.65,223.89,42.58,5.9
2012-01-02,2.72,224.39,47.33,9.42
2012-01-03,2.74,228.43,51.65,10.69
2012-01-04,2.78,231.51,53.3,15.42
2012-01-05,2.78,227.22,46.61,9.84
2012-01-06,2.79,225.25,50.31,14.28
2012-01-09,2.76,223.03,54.62,11.77
2012-01-10,2.75,221.19,50.94,7.38
2012-01-11,2.69,222.33,54.15,3.02
2012-01-12,2.61,220.26,51.73,-6.13
2012-01-13,2.58,215.79,49.82,-7.91
2012-01-16,2.58,216.89,49.16,-14.29
2012-01-17,2.6,214.37,50.21,-14.13
2012-01-18,2.62,215.26,52.41,-13.65
2012-01-19,2.66,218.31,49.27,-16.11
2012-01-20,2.7,221.76,46.74,-13.77
2012-01-23,2.77,226.92,35.0,-17.69
2012-01-24,2.81,230.34,29.72,-18.83
2012-01-25,2.79,230.01,28.95,-20.13
2012-01-26,2.72,224.81,33.06,-24.13
2012-01-27,2.68,221.53,35.04,-24.66
2012-01-30,2.63,216.86,31.54,-26.48
2012-01-31,2.67,221.59,35.5,-23.79
2012-02-01,2.63,221.03,40.4,-22.4
2012-02-02,2.63,223.37,40.25,-21.93
2012-02-03,2.65,225.05,51.14,-18.27
2012-02-06,2.64,225.57,50.9,-20.2
2012-02-07,2.67,226.78,54.58,-18.35
2012-02-08,2.68,226.06,54.44,-18.44
2012-02-09,2.68,225.02,55.43,-19.03
2012-02-10,2.66,224.06,53.25,-18.33
2012-02-13,2.63,220.97,54.25,-19.29
2012-02-14,2.64,221.01,51.94,-16.92
2012-02-15,2.64,220.65,49.35,-14.97
2012-02-16,2.64,219.18,47.75,-13.27
2012-02-17,2.68,221.05,47.27,-10.77
2012-02-20,2.68,220.15,50.23,-11.3
2012-02-21,2.7,221.69,45.29,-13.56
2012-02-22,2.67,220.83,46.46,-14.98
2012-02-23,2.63,218.67,47.39,-15.8
2012-02-24,2.63,220.05,49.52,-16.85
2012-02-27,2.6,219.98,52.23,-17.58
2012-02-28,2.59,220.31,53.93,-17.6
2012-02-29,2.59,221.83,54.23,-17.44
2012-03-01,2.56,219.67,56.51,-16.9
2012-03-02,2.53,219.59,58.93,-17.75
2012-03-05,2.56,221.6,57.48,-19.23
2012-03-06,2.57,222.06,56.11,-19.47
2012-03-07,2.55,221.34,55.12,-19.89
2012-03-08,2.54,221.35,54.25,-20.96
2012-03-09,2.54,219.9,53.19,-21.02
2012-03-12,2.53,219.19,54.58,-20.33
2012-03-13,2.56,220.54,53.95,-22.4
2012-03-14,2.63,223.74,53.18,-22.19
2012-03-15,2.68,224.68,50.02,-19.5
2012-03-16,2.76,226.32,38.73,-19.8
2012-03-19,2.73,224.65,37.7,-19.3
2012-03-20,2.75,225.72,34.36,-19.15
2012-03-21,2.71,224.56,34.46,-21.04
2012-03-22,2.69,224.61,31.14,-23.39
2012-03-23,2.64,222.83,36.08,-23.89
2012-03-26,2.67,226.38,33.36,-24.28
2012-03-27,2.67,225.62,32.65,-25.29
2012-03-28,2.66,227.11,33.22,-26.7
2012-03-29,2.64,225.05,32.55,-28.29
2012-03-30,2.6,220.66,33.98,-28.02
2012-04-02,2.57,220.05,36.78,-28.83
2012-04-03,2.58,220.88,38.66,-28.19
2012-04-04,2.59,221.81,38.16,-28.25
2012-04-05,2.6,224.07,40.83,-28.19
2012-04-10,2.58,222.6,40.23,-28.18
2012-04-11,2.57,220.94,42.51,-27.53
2012-04-12,2.52,218.25,46.2,-28.74
2012-04-13,2.52,218.2,47.9,-26.69
2012-04-16,2.54,218.19,48.0,-24.53
2012-04-17,2.55,217.97,48.14,-24.16
2012-04-18,2.54,217.15,46.63,-23.88
2012-04-19,2.55,214.51,45.39,-22.97
2012-04-20,2.6,219.68,36.98,-24.77
2012-04-23,2.59,217.63,38.38,-23.88
2012-04-24,2.57,217.29,41.47,-25.42
2012-04-25,2.56,218.31,46.91,-24.84
2012-04-26,2.55,220.95,42.54,-27.99
2012-04-27,2.5,216.19,56.89,-23.89
2012-04-30,2.47,215.25,51.92,-27.58
2012-05-02,2.45,215.7,52.09,-29.66
2012-05-03,2.44,213.72,52.86,-29.98
2012-05-04,2.4,212.48,51.91,-31.06
2012-05-07,2.37,211.24,52.37,-32.53
2012-05-08,2.33,206.68,49.52,-33.29
2012-05-09,2.35,206.79,48.8,-30.88
2012-05-10,2.35,206.89,47.33,-33.26
2012-05-11,2.3,202.52,48.99,-29.66
2012-05-14,2.23,196.4,48.61,-26.23
2012-05-15,2.26,197.62,48.33,-23.68
2012-05-16,2.28,199.43,51.06,-20.99
2012-05-17,2.24,199.02,50.04,-22.18
2012-05-18,2.22,196.15,52.19,-22.2
2012-05-21,2.23,197.89,50.28,-22.16
2012-05-22,2.23,198.27,47.71,-23.68
2012-05-23,2.17,194.71,45.71,-23.96
2012-05-24,2.07,186.96,44.21,-25.94
2012-05-25,2.05,185.95,47.34,-27.01
2012-05-28,2.06,187.73,47.03,-28.61
2012-05-29,2.05,185.68,44.64,-27.94
2012-05-30,2.0,181.6,40.06,-26.11
2012-05-31,1.89,171.83,45.33,-28.32
2012-06-01,1.76,162.76,45.56,-31.9
2012-06-04,1.84,168.11,40.03,-28.5
2012-06-05,1.84,168.67,41.54,-27.61
2012-06-06,1.95,173.68,42.36,-26.39
2012-06-07,2.08,183.59,43.32,-23.48
2012-06-08,2.03,181.57,45.66,-24.75
2012-06-11,2.08,183.64,51.58,-24.35
2012-06-12,2.18,189.45,50.41,-22.23
2012-06-13,2.22,193.31,55.05,-23.23
2012-06-14,2.21,193.47,57.71,-25.2
2012-06-15,2.15,191.48,54.94,-24.95
2012-06-18,2.14,191.71,56.25,-24.1
2012-06-19,2.21,196.38,59.19,-23.11
2012-06-20,2.29,198.93,60.61,-21.41
2012-06-21,2.24,196.64,58.06,-21.09
2012-06-22,2.25,196.87,58.74,-21.55
2012-06-25,2.18,194.48,60.48,-24.69
2012-06-26,2.23,197.43,62.61,-24.56
2012-06-27,2.25,199.13,62.08,-24.13
2012-06-28,2.24,198.93,64.27,-25.9
2012-06-29,2.32,204.71,63.97,-24.07
2012-07-02,2.25,200.94,65.62,-27.33
2012-07-03,2.21,200.64,74.65,-31.49
2012-07-04,2.17,197.14,75.88,-32.48
2012-07-05,2.11,197.98,77.84,-31.4
2012-07-06,2.0,195.71,83.05,-37.0
2012-07-09,2.01,197.47,76.33,-38.67
2012-07-10,2.01,196.56,75.46,-41.06
2012-07-11,1.95,193.63,67.41,-40.82
2012-07-12,1.92,191.79,64.2,-44.17
2012-07-13,1.91,191.78,63.82,-44.82
2012-07-16,1.86,188.57,65.22,-47.39
2012-07-17,1.84,185.44,67.45,-46.89
2012-07-18,1.82,183.91,65.7,-46.62
2012-07-19,1.81,182.9,69.49,-43.34
2012-07-20,1.77,179.75,70.12,-43.04
2012-07-23,1.82,180.38,66.78,-39.67
2012-07-24,1.92,187.45,67.0,-38.0
2012-07-25,1.95,188.33,66.63,-37.41
2012-07-26,1.93,189.43,64.95,-39.07
2012-07-27,1.96,192.78,67.84,-39.36
2012-07-30,1.95,195.43,67.07,-42.22
2012-07-31,1.87,189.44,61.14,-43.73
2012-08-01,1.9,193.63,65.88,-42.79
2012-08-02,1.83,186.43,62.2,-45.17
2012-08-03,1.84,184.79,68.4,-43.62
2012-08-06,1.9,192.15,63.46,-43.88
2012-08-07,1.96,195.53,64.53,-42.9
2012-08-08,1.91,193.07,63.47,-42.9
2012-08-09,1.91,191.86,67.78,-43.66
2012-08-10,1.85,188.27,68.72,-44.67
2012-08-13,1.93,194.07,63.14,-43.64
2012-08-14,1.93,192.52,66.08,-43.58
2012-08-15,1.99,197.08,67.7,-40.24
2012-08-16,1.98,197.67,64.91,-39.14
2012-08-17,1.99,197.84,61.59,-39.52
2012-08-20,1.99,196.91,62.67,-39.93
2012-08-21,2.02,199.12,63.32,-38.27
2012-08-22,1.97,193.5,58.94,-38.88
2012-08-23,1.9,188.41,58.58,-41.07
2012-08-24,1.85,184.44,58.26,-41.5
2012-08-27,1.87,185.78,58.74,-41.85
2012-08-28,1.87,185.02,58.68,-42.84
2012-08-29,1.92,188.65,57.35,-41.86
2012-08-30,1.9,188.74,58.38,-42.36
2012-08-31,1.91,189.96,58.23,-43.0
2012-09-03,1.91,188.62,56.29,-43.83
2012-09-04,1.95,192.54,56.74,-44.0
2012-09-05,1.97,195.35,61.96,-43.44
2012-09-06,2.03,196.66,58.3,-47.61
2012-09-07,2.02,194.67,61.36,-47.68
2012-09-10,2.05,196.03,63.48,-47.51
2012-09-11,2.02,194.13,63.4,-48.45
2012-09-12,2.08,198.41,66.72,-46.76
2012-09-13,2.01,192.63,65.67,-48.07
2012-09-14,2.12,199.14,66.06,-47.47
2012-09-17,2.12,198.63,60.48,-45.79
2012-09-18,2.08,196.38,59.18,-46.73
2012-09-19,2.08,196.88,60.93,-47.22
2012-09-20,2.07,196.83,61.32,-46.99
2012-09-21,2.07,197.51,62.07,-47.83
2012-09-24,2.06,196.18,63.19,-47.78
2012-09-25,2.04,194.6,62.3,-48.18
2012-09-26,1.97,188.68,59.47,-48.47
2012-09-27,1.96,187.9,56.56,-49.05
2012-09-28,1.94,186.88,57.94,-49.74
2012-10-01,1.97,187.98,59.5,-48.54
2012-10-02,1.97,188.19,61.39,-48.77
2012-10-03,1.95,187.63,61.73,-49.3
2012-10-04,1.98,189.6,58.54,-49.69
2012-10-05,2.01,192.34,62.17,-48.59
2012-10-08,1.99,191.42,61.7,-48.07
2012-10-09,1.98,190.38,62.46,-48.3
2012-10-10,1.96,189.21,62.29,-49.12
2012-10-11,1.95,187.71,63.27,-48.54
2012-10-12,1.92,185.93,62.94,-48.72
2012-10-15,1.91,184.45,63.66,-49.04
2012-10-16,1.98,188.74,65.04,-47.8
2012-10-17,2.04,192.58,65.69,-46.91
2012-10-18,2.03,190.6,65.55,-45.44
2012-10-19,2.01,188.52,64.73,-44.59
2012-10-22,2.01,186.58,66.25,-43.38
2012-10-23,2.0,186.23,66.49,-44.17
2012-10-24,2.0,188.04,67.37,-45.47
2012-10-25,2.03,190.97,67.23,-45.93
2012-10-26,1.98,188.0,66.46,-47.23
2012-10-29,1.95,186.13,65.29,-47.49
2012-10-30,1.94,186.64,68.62,-46.34
2012-10-31,1.95,186.39,63.29,-46.94
2012-11-01,1.95,186.47,62.07,-47.25
2012-11-02,1.93,186.03,61.09,-47.88
2012-11-05,1.91,185.24,60.77,-49.19
2012-11-06,1.91,185.72,62.81,-49.04
2012-11-07,1.86,184.25,60.99,-50.33
2012-11-08,1.86,183.55,62.98,-51.36
2012-11-09,1.82,180.89,64.85,-51.44
2012-11-12,1.82,180.56,64.96,-51.92
2012-11-13,1.8,178.61,66.65,-51.24
2012-11-14,1.82,179.52,67.53,-51.32
2012-11-15,1.82,179.94,70.6,-52.73
2012-11-16,1.81,179.66,73.55,-53.39
2012-11-19,1.82,179.95,72.41,-53.21
2012-11-20,1.87,182.32,70.92,-51.92
2012-11-21,1.9,184.38,71.2,-50.56
2012-11-22,1.91,184.94,72.54,-51.21
2012-11-23,1.9,185.2,75.26,-52.07
2012-11-26,1.88,183.7,76.8,-53.39
2012-11-27,1.88,182.36,74.88,-51.67
2012-11-28,1.79,176.51,75.92,-52.86
2012-11-29,1.81,176.89,76.99,-52.18
2012-11-30,1.8,175.86,76.76,-52.34
2012-12-03,1.83,178.06,76.91,-51.75
2012-12-04,1.81,176.26,77.54,-51.25
2012-12-05,1.77,174.09,76.73,-52.6
2012-12-06,1.76,174.83,74.57,-53.98
2012-12-07,1.73,176.29,77.85,-58.05
2012-12-10,1.73,175.92,77.56,-58.25
2012-12-11,1.75,177.91,76.7,-57.84
2012-12-12,1.75,177.19,75.29,-57.66
2012-12-13,1.75,177.34,75.38,-57.77
2012-12-14,1.75,177.25,72.75,-57.21
2012-12-17,1.78,178.24,72.02,-55.61
2012-12-18,1.8,178.96,70.82,-54.36
2012-12-19,1.82,179.8,71.79,-53.67
2012-12-20,1.79,177.85,68.09,-53.6
2012-12-21,1.77,176.62,70.18,-54.12
2012-12-24,1.77,177.51,69.16,-54.71
2012-12-27,1.75,174.57,66.74,-54.12
2012-12-28,1.72,173.24,65.83,-54.35
2012-12-31,1.72,173.56,65.35,-54.44
2013-01-02,1.83,180.57,67.63,-52.16
2013-01-03,1.88,182.45,68.81,-51.43
2013-01-04,1.93,182.98,72.7,-47.68
2013-01-07,1.91,181.17,71.28,-47.65
2013-01-08,1.88,179.64,70.67,-47.82
2013-01-09,1.88,180.16,71.78,-49.3
2013-01-10,1.94,183.38,72.73,-48.81
2013-01-11,1.96,183.11,72.92,-47.07
2013-01-14,1.92,178.6,72.76,-46.67
2013-01-15,1.9,176.62,69.39,-46.42
2013-01-16,1.9,176.18,68.91,-47.25
2013-01-17,1.94,174.78,69.76,-43.03
2013-01-18,1.91,170.11,66.55,-40.33
2013-01-21,1.91,171.03,63.65,-39.6
2013-01-22,1.91,172.08,65.34,-41.12
2013-01-23,1.89,171.56,67.11,-42.82
2013-01-24,1.9,172.3,69.38,-43.9
2013-01-25,1.96,168.3,67.27,-37.26
2013-01-28,2.01,168.67,62.49,-33.79
2013-01-29,2.0,170.2,60.47,-34.78
2013-01-30,2.04,171.0,57.27,-33.0
2013-01-31,2.02,170.54,55.47,-34.84
2013-02-01,1.98,171.74,56.73,-38.46
2013-02-04,1.99,173.38,57.16,-38.77
2013-02-05,2.01,173.69,59.13,-37.22
2013-02-06,1.99,172.81,61.48,-38.19
2013-02-07,1.98,175.97,61.65,-42.43
2013-02-08,1.98,175.63,63.04,-41.94
2013-02-11,1.97,175.54,64.8,-42.39
2013-02-12,2.0,176.62,62.62,-40.62
2013-02-13,2.04,179.12,62.24,-40.4
2013-02-14,2.02,179.69,63.95,-42.5
2013-02-15,2.01,179.35,64.61,-42.44
2013-02-18,2.01,179.4,64.71,-43.03
2013-02-19,2.01,179.4,65.99,-43.16
2013-02-20,2.03,179.95,66.58,-42.53
2013-02-21,1.98,177.44,67.24,-43.87
2013-02-22,1.96,179.69,67.2,-46.6
2013-02-25,2.01,181.39,68.34,-45.01
2013-02-26,1.92,178.86,67.35,-49.11
2013-02-27,1.87,176.42,67.98,-50.26
2013-02-28,1.88,177.82,67.12,-50.62
2013-03-01,1.84,175.77,67.88,-51.81
2013-03-04,1.83,174.83,68.47,-52.75
2013-03-05,1.85,174.99,70.71,-51.61
2013-03-06,1.86,176.9,71.21,-51.85
2013-03-07,1.88,175.68,72.52,-50.13
2013-03-08,1.89,175.44,73.68,-49.15
2013-03-11,1.88,176.13,73.12,-51.1
2013-03-12,1.87,175.81,73.8,-51.96
2013-03-13,1.87,175.6,75.08,-52.28
2013-03-14,1.87,175.71,75.15,-52.97
2013-03-15,1.85,175.2,77.06,-54.37
2013-03-18,1.81,172.75,77.71,-55.3
2013-03-19,1.79,171.45,74.54,-55.07
2013-03-20,1.8,172.26,73.08,-53.72
2013-03-21,1.77,168.26,72.01,-52.45
2013-03-22,1.78,169.1,71.3,-51.76
2013-03-25,1.77,169.42,73.79,-53.22
2013-03-26,1.8,171.54,73.8,-52.65
2013-03-27,1.74,167.97,73.36,-53.3
2013-03-28,1.76,169.26,74.82,-53.51
2013-04-02,1.78,169.15,75.82,-51.91
2013-04-03,1.75,167.23,77.46,-54.25
2013-04-04,1.7,163.81,82.48,-55.91
2013-04-05,1.58,152.54,80.08,-53.36
2013-04-08,1.58,152.28,75.65,-52.16
2013-04-09,1.63,155.56,74.19,-50.52
2013-04-10,1.7,160.12,73.23,-49.53
2013-04-11,1.69,159.86,75.78,-51.07
2013-04-12,1.66,158.74,79.01,-51.99
2013-04-15,1.65,157.11,79.62,-52.35
2013-04-16,1.65,156.72,80.78,-51.56
2013-04-17,1.64,157.23,82.45,-52.45
2013-04-18,1.62,155.5,83.89,-52.96
2013-04-19,1.64,156.67,82.38,-52.48
2013-04-22,1.6,154.36,83.67,-53.18
2013-04-23,1.6,154.0,82.6,-52.37
2013-04-24,1.6,154.98,80.78,-53.35
2013-04-25,1.6,154.69,78.7,-52.02
2013-04-26,1.59,153.93,79.18,-52.55
2013-04-29,1.57,152.88,77.66,-52.08
2013-04-30,1.55,150.75,77.21,-51.67
2013-05-02,1.54,152.01,73.2,-52.89
2013-05-03,1.59,156.7,76.43,-54.43
2013-05-06,1.6,156.13,77.78,-52.94
2013-05-07,1.63,157.77,77.1,-51.84
2013-05-08,1.62,157.26,76.23,-51.82
2013-05-09,1.62,157.72,76.33,-53.24
2013-05-10,1.71,163.54,76.09,-50.83
2013-05-13,1.71,164.68,75.75,-52.6
2013-05-14,1.71,164.35,74.85,-52.75
2013-05-15,1.71,164.71,75.36,-53.47
2013-05-16,1.67,162.65,77.5,-54.19
2013-05-17,1.66,162.8,75.95,-55.25
2013-05-20,1.66,162.72,77.43,-54.72
2013-05-21,1.74,168.05,79.64,-52.98
2013-05-22,1.67,163.34,81.43,-53.19
2013-05-23,1.71,165.24,80.85,-52.38
2013-05-24,1.73,165.27,77.91,-50.42
2013-05-27,1.76,167.9,78.65,-50.51
2013-05-28,1.79,171.06,77.16,-50.49
2013-05-29,1.84,171.3,75.54,-47.45
2013-05-30,1.83,169.26,75.24,-46.17
2013-05-31,1.84,171.49,76.67,-47.44
2013-06-03,1.86,171.56,76.46,-46.22
2013-06-04,1.88,171.75,75.59,-45.56
2013-06-05,1.84,168.84,77.54,-45.35
2013-06-06,1.89,168.97,75.46,-43.24
2013-06-07,1.88,166.18,71.64,-41.78
2013-06-10,1.9,167.2,71.56,-41.45
2013-06-11,1.98,169.91,66.13,-36.18
2013-06-12,1.96,170.15,69.23,-38.49
2013-06-13,1.91,168.63,71.37,-41.54
2013-06-14,1.85,165.21,73.89,-43.64
2013-06-17,1.85,165.69,77.33,-44.27
2013-06-18,1.89,167.23,76.08,-41.97
2013-06-19,1.88,166.3,76.7,-42.71
2013-06-20,2.03,171.12,68.72,-34.49
2013-06-21,2.08,175.35,65.65,-34.22
2013-06-24,2.24,182.7,60.52,-26.9
2013-06-25,2.22,184.88,57.0,-29.34
2013-06-26,2.15,184.0,61.69,-33.61
2013-06-27,2.08,180.22,64.34,-34.96
2013-06-28,2.14,183.77,60.83,-33.77
2013-07-01,2.1,182.68,62.62,-35.23
2013-07-02,2.08,183.06,62.54,-37.49
2013-07-03,2.05,180.68,60.99,-37.41
2013-07-04,2.02,183.31,64.29,-41.83
2013-07-05,2.1,191.16,63.28,-42.0
2013-07-08,2.07,191.72,65.39,-45.9
2013-07-09,2.04,188.8,64.4,-45.66
2013-07-10,2.05,189.13,65.78,-45.67
2013-07-11,2.02,184.91,65.83,-44.05
2013-07-12,1.96,180.57,67.73,-44.89
2013-07-15,1.85,171.51,64.11,-43.36
2013-07-16,1.85,172.45,65.16,-44.62
2013-07-17,1.83,172.12,65.72,-45.22
2013-07-18,1.82,171.34,66.99,-45.94
2013-07-19,1.8,170.75,69.77,-48.27
2013-07-22,1.8,168.45,68.85,-45.86
2013-07-23,1.84,168.26,67.04,-42.19
2013-07-24,1.9,171.76,63.19,-40.12
2013-07-25,1.94,176.13,62.83,-40.88
2013-07-26,1.93,175.88,65.38,-40.69
2013-07-29,1.95,176.71,63.11,-39.68
2013-07-30,1.94,176.26,64.44,-38.78
2013-07-31,1.95,177.04,62.55,-38.07
2013-08-01,1.94,175.46,60.36,-37.86
2013-08-02,1.93,175.2,60.93,-38.81
2013-08-05,1.95,177.2,62.7,-39.26
2013-08-06,1.97,177.23,62.0,-37.65
2013-08-07,1.96,176.99,60.56,-38.05
2013-08-08,1.96,176.37,61.92,-38.09
2013-08-09,1.95,175.72,61.62,-38.7
2013-08-12,1.96,176.78,62.86,-38.36
2013-08-13,2.05,181.31,61.64,-35.4
2013-08-14,2.08,183.28,62.62,-36.05
2013-08-15,2.15,188.24,61.46,-35.05
2013-08-16,2.13,188.03,62.47,-34.87
2013-08-19,2.18,191.26,61.46,-34.08
2013-08-20,2.14,188.67,61.45,-34.53
2013-08-21,2.18,191.23,61.85,-34.07
2013-08-22,2.2,192.48,62.51,-32.32
2013-08-23,2.25,192.7,59.17,-28.85
2013-08-26,2.18,189.9,60.1,-30.84
2013-08-27,2.15,187.67,61.1,-31.4
2013-08-28,2.16,188.24,60.03,-31.2
2013-08-29,2.16,189.11,61.19,-32.05
2013-08-30,2.17,190.08,61.54,-32.13
2013-09-02,2.2,191.39,61.36,-31.18
2013-09-03,2.22,192.82,60.92,-31.36
2013-09-04,2.23,192.63,60.75,-30.74
2013-09-05,2.34,198.53,54.81,-27.14
2013-09-06,2.25,195.32,57.68,-30.5
2013-09-09,2.26,196.49,59.47,-31.08
2013-09-10,2.35,202.33,57.26,-29.66
2013-09-11,2.31,200.35,60.59,-31.62
2013-09-12,2.24,196.73,62.67,-33.98
2013-09-13,2.23,194.75,62.51,-32.83
2013-09-16,2.19,192.36,65.23,-34.84
2013-09-17,2.22,194.36,64.23,-33.61
2013-09-18,2.25,196.22,63.78,-32.67
2013-09-19,2.18,194.27,70.03,-37.2
2013-09-20,2.22,196.28,70.85,-36.59
2013-09-23,2.19,195.49,70.55,-37.66
2013-09-24,2.13,190.32,69.16,-39.32
2013-09-25,2.1,186.64,66.75,-37.76
2013-09-26,2.1,186.32,66.1,-37.25
2013-09-27,2.05,184.28,66.65,-38.64
2013-09-30,2.05,183.56,66.39,-38.43
2013-10-01,2.06,184.45,67.3,-38.66
2013-10-02,2.06,185.17,67.56,-39.23
2013-10-03,2.09,186.98,67.74,-38.78
2013-10-04,2.11,189.06,72.37,-38.43
2013-10-07,2.08,187.2,73.64,-39.97
2013-10-08,2.09,186.98,73.39,-39.38
2013-10-09,2.08,186.26,72.88,-39.42
2013-10-10,2.14,190.99,72.14,-39.04
2013-10-11,2.14,191.36,72.08,-39.15
2013-10-14,2.14,191.96,73.15,-39.79
2013-10-15,2.16,192.97,72.79,-39.06
2013-10-16,2.21,194.91,71.15,-36.94
2013-10-17,2.17,193.75,71.38,-39.42
2013-10-18,2.11,190.58,73.89,-40.95
2013-10-21,2.12,190.17,73.41,-40.62
2013-10-22,2.07,187.68,73.18,-41.91
2013-10-23,2.05,185.79,75.98,-42.45
2013-10-24,2.03,183.28,76.1,-42.14
2013-10-25,2.04,182.34,72.5,-42.36
2013-10-28,2.02,180.95,72.87,-42.45
2013-10-29,2.02,180.94,74.45,-42.31
2013-10-30,1.99,179.99,76.01,-43.91
2013-10-31,1.95,180.31,75.94,-47.02
2013-11-01,1.96,181.8,77.69,-48.91
2013-11-04,1.94,180.71,76.91,-48.53
2013-11-05,2.01,182.84,75.11,-45.16
2013-11-06,2.02,184.12,75.89,-44.32
2013-11-07,1.96,184.82,79.47,-50.17
2013-11-08,2.03,188.51,76.1,-47.67
2013-11-11,2.02,188.0,75.09,-48.05
2013-11-12,2.06,192.86,78.97,-47.61
2013-11-13,2.03,191.55,80.64,-49.13
2013-11-14,1.99,187.56,81.68,-48.51
2013-11-15,2.0,186.88,81.28,-47.65
2013-11-18,1.98,185.73,80.7,-48.27
2013-11-19,1.99,186.17,80.6,-47.21
2013-11-20,2.01,187.38,79.47,-47.36
2013-11-21,2.05,191.24,78.61,-47.86
2013-11-22,2.03,187.51,78.06,-47.1
2013-11-25,1.99,184.47,76.75,-47.13
2013-11-26,1.99,184.59,76.79,-47.42
2013-11-27,1.99,184.85,76.68,-48.25
2013-11-28,1.98,184.29,76.48,-48.47
2013-11-29,1.99,184.41,75.68,-48.26
2013-12-02,2.02,186.98,72.79,-47.72
2013-12-03,2.01,186.39,74.82,-47.46
2013-12-04,2.06,188.95,73.71,-46.55
2013-12-05,2.11,190.19,73.37,-43.3
2013-12-06,2.13,190.25,70.28,-42.55
2013-12-09,2.11,188.22,71.62,-43.55
2013-12-10,2.1,187.3,73.19,-43.13
2013-12-11,2.1,186.3,72.06,-43.9
2013-12-12,2.11,185.22,70.78,-42.6
2013-12-13,2.11,184.91,70.14,-41.98
2013-12-16,2.11,184.71,69.73,-42.86
2013-12-17,2.11,185.6,69.76,-43.62
2013-12-18,2.11,186.11,67.06,-41.89
2013-12-19,2.15,189.5,66.22,-39.98
2013-12-20,2.16,190.03,66.81,-38.31
2013-12-23,2.16,191.0,66.56,-37.58
2013-12-24,2.16,191.25,66.34,-37.65
2013-12-27,2.24,196.35,66.79,-34.84
2013-12-30,2.24,198.43,66.5,-34.63
2013-12-31,2.24,199.26,65.87,-34.69
2014-01-02,2.24,198.79,67.26,-35.96
2014-01-03,2.24,198.61,70.26,-36.34
2014-01-06,2.2,195.97,70.67,-37.46
2014-01-07,2.18,193.54,71.72,-37.52
2014-01-08,2.18,193.3,71.92,-37.13
2014-01-09,2.2,195.08,70.52,-37.16
2014-01-10,2.16,193.89,74.55,-40.18
2014-01-13,2.13,191.35,75.0,-40.04
2014-01-14,2.12,189.11,75.28,-39.97
2014-01-15,2.14,189.46,74.03,-39.07
2014-01-16,2.09,186.72,76.08,-41.41
2014-01-17,2.07,186.76,76.35,-41.94
2014-01-20,2.04,183.96,73.67,-44.93
2014-01-21,2.05,184.74,72.59,-44.0
2014-01-22,2.07,186.31,72.05,-43.16
2014-01-23,2.03,182.64,73.01,-43.53
2014-01-24,1.98,180.86,73.52,-44.19
2014-01-27,1.98,179.85,72.39,-44.39
2014-01-28,1.99,180.99,72.29,-44.32
2014-01-29,1.96,179.74,72.86,-45.07
2014-01-30,1.94,180.3,72.37,-46.92
2014-01-31,1.89,178.7,74.0,-47.2
2014-02-03,1.88,177.39,74.97,-48.59
2014-02-04,1.88,177.62,74.79,-48.39
2014-02-05,1.88,176.98,74.19,-48.3
2014-02-06,1.93,177.75,73.1,-46.12
2014-02-07,1.91,178.17,74.16,-48.33
2014-02-10,1.92,178.23,75.61,-47.46
2014-02-11,1.93,179.48,74.75,-47.29
2014-02-12,1.94,181.13,73.65,-47.68
2014-02-13,1.92,179.94,74.87,-48.81
2014-02-14,1.93,180.06,75.08,-47.79
2014-02-17,1.93,180.56,76.27,-48.52
2014-02-18,1.92,179.08,79.29,-49.6
2014-02-19,1.9,178.27,79.09,-49.5
2014-02-20,1.93,179.69,77.95,-48.04
2014-02-21,1.91,178.28,78.43,-49.1
2014-02-24,1.93,179.12,78.59,-48.59
2014-02-25,1.9,176.58,77.23,-49.17
2014-02-26,1.86,174.65,75.99,-50.16
2014-02-27,1.81,170.95,77.25,-50.79
2014-02-28,1.88,172.47,73.68,-46.35
2014-03-03,1.82,168.44,75.05,-47.71
2014-03-04,1.84,171.43,74.53,-48.14
2014-03-05,1.85,172.05,72.95,-48.49
2014-03-06,1.89,171.78,71.79,-47.26
2014-03-07,1.9,170.97,71.2,-47.33
2014-03-10,1.86,168.44,72.04,-49.3
2014-03-11,1.9,171.57,74.03,-49.54
2014-03-12,1.84,167.57,75.69,-49.88
2014-03-13,1.82,165.58,76.9,-50.23
2014-03-14,1.79,163.67,77.72,-50.52
2014-03-17,1.8,163.9,77.73,-50.82
2014-03-18,1.81,164.57,76.35,-51.47
2014-03-19,1.84,166.3,75.89,-49.97
2014-03-20,1.9,167.69,72.01,-46.51
2014-03-21,1.87,165.08,73.07,-47.02
2014-03-24,1.84,163.37,73.56,-47.66
2014-03-25,1.82,164.11,73.11,-48.03
2014-03-26,1.8,163.92,74.54,-49.36
2014-03-27,1.78,164.01,75.0,-50.67
2014-03-28,1.79,164.31,72.9,-49.05
2014-03-31,1.82,165.03,72.23,-47.62
2014-04-01,1.83,164.92,72.94,-47.7
2014-04-02,1.86,166.74,72.54,-47.41
2014-04-03,1.86,166.61,73.27,-48.38
2014-04-04,1.8,163.62,73.44,-51.6
2014-04-07,1.78,162.62,74.03,-51.22
2014-04-08,1.81,163.69,73.33,-50.2
2014-04-09,1.83,163.78,71.28,-47.18
2014-04-10,1.78,161.11,73.61,-48.29
2014-04-11,1.75,158.59,72.59,-49.54
2014-04-14,1.75,159.17,71.52,-49.29
2014-04-15,1.74,158.97,72.26,-49.65
2014-04-16,1.72,157.12,72.11,-49.19
2014-04-17,1.74,156.98,72.44,-46.23
2014-04-22,1.77,158.65,71.89,-46.1
2014-04-23,1.77,157.52,70.16,-45.95
2014-04-24,1.75,155.82,70.2,-46.2
2014-04-25,1.72,153.41,69.56,-45.28
2014-04-28,1.74,154.16,68.35,-44.13
2014-04-29,1.75,157.65,69.9,-45.17
2014-04-30,1.72,156.32,71.25,-46.62
2014-05-02,1.71,155.89,71.16,-47.79
2014-05-05,1.69,155.25,70.83,-48.58
2014-05-06,1.7,154.18,71.32,-48.48
2014-05-07,1.72,155.54,69.65,-46.4
2014-05-08,1.69,155.28,72.33,-48.51
2014-05-09,1.69,156.25,75.09,-49.69
2014-05-12,1.7,156.46,74.56,-50.32
2014-05-13,1.66,155.64,74.78,-52.17
2014-05-14,1.61,151.99,75.9,-52.54
2014-05-15,1.56,149.44,76.13,-52.96
2014-05-16,1.57,149.15,74.54,-51.57
2014-05-19,1.58,150.35,74.36,-50.7
2014-05-20,1.61,153.02,73.37,-52.74
2014-05-21,1.63,154.39,72.48,-51.86
2014-05-22,1.6,152.54,73.67,-51.06
2014-05-23,1.6,153.36,73.85,-52.35
2014-05-26,1.59,153.16,74.75,-51.46
2014-05-27,1.57,152.24,75.88,-53.63
2014-05-28,1.53,148.23,77.69,-52.34
2014-05-29,1.53,147.71,79.07,-51.48
2014-05-30,1.56,149.41,78.86,-51.03
2014-06-02,1.56,150.58,77.01,-52.22
2014-06-03,1.62,155.02,74.97,-51.52
2014-06-04,1.63,157.67,74.16,-50.61
2014-06-05,1.63,158.38,77.24,-51.98
2014-06-06,1.52,150.36,87.18,-57.52
2014-06-09,1.54,150.37,86.09,-54.03
2014-06-10,1.58,153.28,83.39,-52.09
2014-06-11,1.58,154.66,82.7,-52.87
2014-06-12,1.58,156.56,85.02,-54.88
2014-06-13,1.57,155.65,83.67,-53.47
2014-06-16,1.54,152.99,84.28,-53.88
2014-06-17,1.58,155.95,81.5,-53.83
2014-06-18,1.57,154.52,82.39,-52.99
2014-06-19,1.49,148.38,86.56,-53.5
2014-06-20,1.54,151.42,85.47,-53.33
2014-06-23,1.51,149.71,87.26,-53.06
2014-06-24,1.51,149.63,87.79,-52.73
2014-06-25,1.46,145.33,88.49,-53.2
2014-06-26,1.43,142.51,87.08,-51.83
2014-06-27,1.44,142.29,86.13,-50.85
2014-06-30,1.44,142.2,86.43,-51.28
2014-07-01,1.43,142.5,88.5,-53.07
2014-07-02,1.45,144.48,87.79,-53.39
2014-07-03,1.48,147.76,89.16,-54.26
2014-07-04,1.43,143.74,89.91,-54.64
2014-07-07,1.43,143.81,90.04,-54.53
2014-07-08,1.4,140.58,91.8,-54.26
2014-07-09,1.39,139.87,91.22,-53.51
2014-07-10,1.36,137.17,90.22,-53.04
2014-07-11,1.37,137.77,89.8,-52.59
2014-07-14,1.38,138.18,87.78,-52.81
2014-07-15,1.35,136.2,88.17,-51.93
2014-07-16,1.36,136.32,85.72,-51.89
2014-07-17,1.33,134.1,87.09,-50.3
2014-07-18,1.31,131.38,85.24,-50.56
2014-07-21,1.3,130.67,86.39,-49.58
2014-07-22,1.33,132.25,85.53,-49.34
2014-07-23,1.3,129.76,86.4,-49.83
2014-07-24,1.34,133.26,85.41,-49.23
2014-07-25,1.31,131.19,85.11,-48.84
2014-07-28,1.29,129.18,84.13,-48.46
2014-07-29,1.27,127.06,82.7,-47.74
2014-07-30,1.29,128.97,82.74,-47.09
2014-07-31,1.34,133.27,83.93,-48.67
2014-08-01,1.32,132.2,84.87,-48.95
2014-08-04,1.28,128.81,85.06,-49.3
2014-08-05,1.32,131.48,82.9,-48.67
2014-08-06,1.26,127.37,81.82,-47.5
2014-08-07,1.24,125.49,81.88,-48.23
2014-08-08,1.2,121.8,79.78,-46.58
2014-08-11,1.21,123.16,80.73,-47.0
2014-08-12,1.22,123.39,83.19,-47.1
2014-08-13,1.21,122.78,84.89,-48.7
2014-08-14,1.17,119.42,83.3,-47.97
2014-08-15,1.16,118.49,82.9,-47.49
2014-08-18,1.18,120.21,81.02,-47.34
2014-08-19,1.16,119.07,80.77,-47.26
2014-08-20,1.14,117.47,79.37,-46.45
2014-08-21,1.14,116.91,78.27,-45.94
2014-08-22,1.13,115.5,77.49,-45.24
2014-08-25,1.09,115.16,79.44,-46.21
2014-08-26,1.08,112.35,81.62,-44.7
2014-08-27,1.03,108.2,84.98,-44.99
2014-08-28,1.01,106.02,82.24,-43.31
2014-08-29,1.03,107.89,81.04,-43.18
2014-09-01,1.04,109.8,82.51,-45.17
2014-09-02,1.09,114.29,82.45,-45.98
2014-09-03,1.11,115.84,83.86,-47.11
2014-09-04,1.1,119.98,90.16,-49.47
2014-09-05,1.08,117.96,94.27,-50.08
2014-09-08,1.07,117.33,91.01,-49.55
2014-09-09,1.15,124.53,89.29,-50.52
2014-09-10,1.17,125.69,87.47,-50.43
2014-09-11,1.16,124.93,85.58,-49.66
2014-09-12,1.21,128.06,84.94,-49.07
2014-09-15,1.17,126.13,85.71,-49.65
2014-09-16,1.19,126.38,87.61,-50.14
2014-09-17,1.18,127.08,89.89,-50.66
2014-09-18,1.22,128.92,87.05,-49.18
2014-09-19,1.17,125.52,89.7,-49.85
2014-09-22,1.14,123.16,89.46,-49.6
2014-09-23,1.13,120.18,86.8,-47.59
2014-09-24,1.11,118.87,88.76,-47.76
2014-09-25,1.09,118.33,90.2,-48.68
2014-09-26,1.09,118.49,89.39,-48.88
2014-09-29,1.07,116.39,87.39,-47.98
2014-09-30,1.06,115.54,88.29,-48.19
2014-10-01,1.01,111.93,89.27,-48.08
2014-10-02,1.04,113.3,88.27,-47.67
2014-10-03,1.06,113.38,85.46,-46.09
2014-10-06,1.04,112.42,85.16,-46.38
2014-10-07,1.03,112.2,86.6,-46.6
2014-10-08,1.02,110.29,87.36,-46.2
2014-10-09,1.01,110.75,88.76,-47.31
2014-10-10,1.01,109.64,87.83,-46.03
2014-10-13,1.02,109.57,88.75,-45.22
2014-10-14,0.97,105.63,88.62,-45.08
2014-10-15,0.89,98.79,84.01,-43.44
2014-10-16,0.93,100.33,79.12,-41.68
2014-10-17,1.01,107.05,83.32,-43.04
2014-10-20,0.99,105.9,83.63,-43.91
2014-10-21,1.01,107.49,85.57,-44.05
2014-10-22,1.01,107.47,86.84,-44.06
2014-10-23,1.02,108.5,87.63,-44.52
2014-10-24,1.02,108.47,85.01,-44.15
2014-10-27,1.01,106.76,85.01,-43.33
2014-10-28,1.01,107.76,83.26,-43.62
2014-10-29,1.01,107.51,84.88,-43.53
2014-10-30,0.97,105.12,84.3,-43.98
2014-10-31,0.96,104.65,87.73,-44.61
2014-11-03,0.96,104.35,90.24,-44.59
2014-11-04,0.93,100.85,90.22,-43.65
2014-11-05,0.94,102.51,91.3,-44.5
2014-11-06,0.95,103.37,93.45,-45.34
2014-11-07,0.95,103.41,93.65,-45.46
2014-11-10,0.94,101.95,92.06,-44.54
2014-11-11,0.94,101.96,92.0,-44.46
2014-11-12,0.91,99.87,90.77,-44.0
2014-11-13,0.92,99.74,90.37,-43.76
2014-11-14,0.91,99.04,90.19,-43.69
2014-11-17,0.92,99.11,89.6,-42.97
2014-11-18,0.91,98.44,90.28,-42.93
2014-11-19,0.96,100.31,90.43,-41.48
2014-11-20,0.92,97.73,90.08,-41.45
2014-11-21,0.89,95.73,90.6,-41.81
2014-11-24,0.89,96.4,91.34,-42.25
2014-11-25,0.87,93.85,92.48,-41.88
2014-11-26,0.85,92.06,90.68,-41.1
2014-11-27,0.81,88.6,90.98,-40.32
2014-11-28,0.8,86.82,90.37,-39.5
2014-12-01,0.81,86.64,91.37,-39.02
2014-12-02,0.85,90.57,88.69,-39.34
2014-12-03,0.86,92.57,89.66,-40.71
2014-12-04,0.86,91.67,88.65,-40.31
2014-12-05,0.87,93.04,88.26,-40.32
2014-12-08,0.82,88.72,88.54,-39.7
2014-12-09,0.8,86.46,84.72,-38.53
2014-12-10,0.79,85.43,83.26,-38.0
2014-12-11,0.78,83.79,80.18,-37.34
2014-12-12,0.75,81.29,79.22,-36.9
2014-12-15,0.75,81.38,79.27,-36.8
2014-12-16,0.69,76.15,76.56,-35.39
2014-12-17,0.7,77.15,76.83,-36.08
2014-12-18,0.74,81.56,79.61,-37.93
2014-12-19,0.72,81.05,80.72,-38.41
2014-12-22,0.72,80.69,82.38,-38.68
2014-12-23,0.71,80.39,82.27,-38.8
2014-12-24,0.71,80.7,81.89,-39.01
2014-12-29,0.66,76.8,82.55,-38.22
2014-12-30,0.65,76.17,83.14,-38.81
2014-12-31,0.65,76.49,82.77,-39.03
2015-01-02,0.61,72.74,80.38,-37.73
2015-01-05,0.59,70.55,78.49,-36.77
2015-01-06,0.53,63.86,70.15,-33.56
2015-01-07,0.56,68.12,77.05,-32.71
2015-01-08,0.6,71.69,78.29,-33.21
2015-01-09,0.61,73.67,78.26,-34.11
2015-01-12,0.56,68.34,76.57,-32.82
2015-01-13,0.55,68.32,76.34,-32.99
2015-01-14,0.49,62.86,77.26,-32.44
2015-01-15,0.5,65.69,75.62,-34.36
2015-01-16,0.49,65.04,75.7,-34.84
2015-01-19,0.48,65.14,74.89,-34.28
2015-01-20,0.5,65.15,73.84,-33.09
2015-01-21,0.55,65.8,77.5,-33.15
2015-01-22,0.61,76.83,83.44,-38.71
2015-01-23,0.42,56.49,79.86,-33.86
2015-01-26,0.42,54.66,76.59,-30.49
2015-01-27,0.44,55.74,74.66,-31.02
2015-01-28,0.43,56.04,71.59,-30.41
2015-01-29,0.41,55.99,70.73,-30.14
2015-01-30,0.39,53.57,67.75,-29.0
2015-02-02,0.35,50.74,64.77,-29.83
2015-02-03,0.38,54.42,65.77,-30.24
2015-02-04,0.41,57.97,64.35,-31.08
2015-02-05,0.42,58.47,62.52,-30.35
2015-02-06,0.41,58.72,61.13,-30.71
2015-02-09,0.42,58.9,60.97,-30.06
2015-02-10,0.44,61.82,59.88,-30.02
2015-02-11,0.43,60.28,59.21,-29.83
2015-02-12,0.4,58.36,58.84,-29.51
2015-02-13,0.4,58.53,60.57,-31.25
2015-02-16,0.41,59.41,62.16,-32.22
2015-02-17,0.42,59.31,62.81,-31.51
2015-02-18,0.45,63.6,67.26,-34.25
2015-02-19,0.45,63.42,70.73,-35.15
2015-02-20,0.41,59.98,71.63,-35.97
2015-02-23,0.43,61.41,75.35,-37.62
2015-02-24,0.45,62.27,74.46,-38.07
2015-02-25,0.39,58.23,73.57,-36.38
2015-02-26,0.35,55.32,70.81,-34.69
2015-02-27,0.37,57.01,71.68,-32.92
2015-03-02,0.38,56.63,73.27,-34.36
2015-03-03,0.41,59.6,71.52,-33.74
2015-03-04,0.42,59.64,70.58,-34.16
2015-03-05,0.39,57.11,69.21,-34.47
2015-03-06,0.41,59.88,65.65,-32.34
2015-03-09,0.35,54.5,65.81,-32.84
2015-03-10,0.27,47.9,57.34,-29.73
2015-03-11,0.24,44.64,53.59,-27.13
2015-03-12,0.27,47.98,52.27,-26.24
2015-03-13,0.3,50.85,50.68,-23.94
2015-03-16,0.29,49.35,46.06,-22.03
2015-03-17,0.32,49.72,47.14,-22.79
2015-03-18,0.26,46.15,47.69,-24.09
2015-03-19,0.24,45.71,47.13,-21.67
2015-03-20,0.24,45.5,47.89,-22.51
2015-03-23,0.28,47.47,46.09,-21.36
2015-03-24,0.29,48.6,43.93,-20.42
2015-03-25,0.3,49.96,42.59,-19.69
2015-03-26,0.3,52.25,44.82,-21.34
2015-03-27,0.29,51.34,45.02,-20.62
2015-03-30,0.27,48.98,43.44,-20.83
2015-03-31,0.26,48.83,42.45,-20.54
2015-04-01,0.24,46.77,41.82,-21.63
2015-04-02,0.26,49.0,43.05,-21.36
2015-04-07,0.27,49.69,47.58,-23.15
2015-04-08,0.26,51.18,47.98,-22.55
2015-04-09,0.24,48.06,48.81,-24.9
2015-04-10,0.24,47.78,48.61,-24.29
2015-04-13,0.23,46.55,46.78,-24.13
2015-04-14,0.21,44.77,46.28,-22.87
2015-04-15,0.17,41.22,44.29,-21.28
2015-04-16,0.15,39.59,41.17,-19.09
2015-04-17,0.14,37.69,40.97,-19.13
2015-04-20,0.13,36.19,39.35,-17.06
2015-04-21,0.16,39.57,42.17,-18.39
2015-04-22,0.2,42.23,41.94,-17.84
2015-04-23,0.22,47.83,45.99,-15.43
2015-04-24,0.23,47.55,46.79,-15.96
2015-04-27,0.23,47.99,47.94,-15.89
2015-04-28,0.22,48.02,49.38,-16.69
2015-04-29,0.32,55.47,52.74,-15.77
2015-04-30,0.42,62.35,54.21,-14.84
2015-05-04,0.48,68.18,57.74,-14.66
2015-05-05,0.54,74.12,55.23,-12.65
2015-05-06,0.63,83.34,60.94,-17.97
2015-05-07,0.66,86.15,58.92,-17.78
2015-05-08,0.62,83.38,60.4,-19.99
2015-05-11,0.66,86.42,64.23,-21.43
2015-05-12,0.77,96.73,68.27,-22.92
2015-05-13,0.74,92.96,68.99,-23.9
2015-05-14,0.79,97.51,74.34,-25.66
2015-05-15,0.74,93.01,66.85,-24.87
2015-05-18,0.75,93.83,70.16,-25.16
2015-05-19,0.71,91.16,66.43,-24.14
2015-05-20,0.7,91.08,65.91,-23.86
2015-05-21,0.72,94.31,68.56,-25.54
2015-05-22,0.71,92.19,68.0,-25.53
2015-05-25,0.71,92.09,68.01,-25.39
2015-05-26,0.68,89.8,67.84,-25.54
2015-05-27,0.66,87.58,67.29,-27.81
2015-05-28,0.63,85.53,66.88,-25.62
2015-05-29,0.61,83.58,65.92,-26.66
2015-06-01,0.59,82.05,64.04,-26.08
2015-06-02,0.75,95.31,66.92,-24.92
2015-06-03,0.93,110.61,75.35,-27.27
2015-06-04,0.93,112.52,74.02,-26.26
2015-06-05,0.95,114.01,74.6,-26.41
2015-06-08,0.98,115.86,76.49,-27.12
2015-06-09,1.06,121.96,78.58,-27.46
2015-06-10,1.08,125.46,80.5,-29.3
2015-06-11,1.02,120.31,79.66,-28.69
2015-06-12,0.98,117.88,77.02,-28.72
2015-06-15,0.95,113.55,72.37,-25.89
2015-06-16,0.96,115.74,74.16,-27.33
2015-06-17,0.96,115.5,76.19,-29.14
2015-06-18,0.94,114.99,76.27,-28.02
2015-06-19,0.91,112.01,75.23,-28.64
2015-06-22,1.02,121.83,80.38,-30.05
2015-06-23,1.03,122.94,82.62,-31.41
2015-06-24,0.97,117.7,82.03,-31.54
2015-06-25,1.0,121.4,84.13,-33.13
2015-06-26,1.07,128.24,87.91,-33.75
2015-06-29,0.99,120.12,85.41,-33.31
2015-06-30,0.95,118.11,85.94,-34.26
2015-07-01,1.01,124.51,89.75,-36.6
2015-07-02,1.04,129.4,91.5,-37.84
2015-07-03,0.99,125.87,88.67,-37.8
2015-07-06,0.94,121.08,87.14,-36.57
2015-07-07,0.84,110.45,80.76,-35.26
2015-07-08,0.84,110.68,77.95,-32.74
2015-07-09,0.88,114.63,81.31,-35.36
2015-07-10,1.04,126.46,64.75,-35.67
2015-07-13,1.03,125.94,69.37,-36.68
2015-07-14,1.0,123.59,69.47,-36.86
2015-07-15,0.92,117.14,68.54,-37.28
2015-07-16,0.95,118.19,70.79,-35.64
2015-07-17,0.86,110.41,69.48,-33.93
2015-07-20,0.83,107.07,69.69,-34.39
2015-07-21,0.85,108.97,70.34,-34.36
2015-07-22,0.83,107.12,69.74,-34.23
2015-07-23,0.83,106.55,68.31,-34.87
2015-07-24,0.77,102.34,67.89,-34.23
2015-07-27,0.75,99.82,68.5,-33.66
2015-07-28,0.78,103.01,68.56,-33.38
2015-07-29,0.78,103.64,68.65,-34.3
2015-07-30,0.74,100.48,69.85,-34.51
2015-07-31,0.73,98.46,66.57,-32.2
2015-08-03,0.7,95.8,66.59,-32.87
2015-08-04,0.72,98.16,68.22,-33.91
2015-08-05,0.82,107.33,71.0,-35.68
2015-08-06,0.8,105.09,70.73,-35.75
2015-08-07,0.75,102.36,72.91,-35.52
2015-08-10,0.76,102.95,70.77,-35.52
2015-08-11,0.71,98.36,70.21,-35.18
2015-08-12,0.69,97.49,67.9,-34.85
2015-08-13,0.72,99.22,67.86,-34.85
2015-08-14,0.73,100.03,66.06,-34.81
2015-08-17,0.7,97.07,65.8,-33.35
2015-08-18,0.73,97.81,67.25,-33.58
2015-08-19,0.74,98.99,67.99,-34.26
2015-08-20,0.67,93.34,67.34,-33.41
2015-08-21,0.68,93.83,64.01,-32.93
2015-08-24,0.64,89.7,58.58,-32.13
2015-08-25,0.81,104.7,61.99,-32.88
2015-08-26,0.81,103.72,63.64,-33.55
2015-08-27,0.83,105.82,65.96,-34.01
2015-08-28,0.79,101.94,64.33,-32.61
2015-08-31,0.82,103.89,66.42,-32.48
2015-09-01,0.9,110.76,65.62,-31.74
2015-09-02,0.9,111.71,63.49,-32.24
2015-09-03,0.84,108.71,66.94,-35.25
2015-09-04,0.78,102.86,66.43,-33.31
2015-09-07,0.76,100.89,69.16,-34.64
2015-09-08,0.77,101.32,70.46,-34.36
2015-09-09,0.81,105.62,70.95,-36.43
2015-09-10,0.78,102.98,71.18,-35.36
2015-09-11,0.76,101.08,73.55,-35.96
2015-09-14,0.74,99.08,73.23,-36.18
2015-09-15,0.82,106.35,72.93,-35.85
2015-09-16,0.86,109.71,71.3,-35.94
2015-09-17,0.87,109.23,69.73,-34.62
2015-09-18,0.74,99.26,68.07,-33.24
2015-09-21,0.78,102.04,69.39,-34.02
2015-09-22,0.71,98.51,71.31,-35.39
2015-09-23,0.7,96.55,69.71,-33.73
2015-09-24,0.67,92.94,64.82,-32.95
2015-09-25,0.75,100.22,68.54,-33.53
2015-09-28,0.71,97.15,68.94,-32.84
2015-09-29,0.7,97.01,70.41,-31.03
2015-09-30,0.7,94.03,82.06,-38.6
2015-10-01,0.65,91.68,82.03,-38.03
2015-10-02,0.59,86.79,82.83,-36.05
2015-10-05,0.65,91.64,84.14,-36.89
2015-10-06,0.72,96.53,86.71,-37.43
2015-10-07,0.71,96.05,85.77,-36.43
2015-10-08,0.68,93.94,84.87,-35.73
2015-10-09,0.71,96.49,86.09,-35.72
2015-10-12,0.68,93.81,85.52,-36.09
2015-10-13,0.69,94.95,86.88,-36.99
2015-10-14,0.66,92.1,86.9,-38.32
2015-10-15,0.65,92.39,86.69,-36.88
2015-10-16,0.65,92.43,86.15,-36.07
2015-10-19,0.67,93.7,86.75,-37.2
2015-10-20,0.73,97.62,86.6,-36.08
2015-10-21,0.69,94.27,86.76,-36.08
2015-10-22,0.58,91.63,89.02,-37.84
2015-10-23,0.61,93.03,87.42,-39.08
2015-10-26,0.6,92.29,86.42,-37.79
2015-10-27,0.55,88.81,85.53,-37.37
2015-10-28,0.57,90.49,85.09,-38.12
2015-10-29,0.61,93.26,83.14,-36.83
2015-10-30,0.63,94.34,83.79,-36.76
2015-11-02,0.67,97.33,85.28,-37.22
2015-11-03,0.67,98.25,87.23,-38.2
2015-11-04,0.68,99.72,90.31,-39.95
2015-11-05,0.71,102.35,92.59,-40.5
2015-11-06,0.78,107.45,94.74,-39.38
2015-11-09,0.8,111.02,101.9,-44.31
2015-11-10,0.76,109.37,102.32,-46.43
2015-11-11,0.74,108.12,100.85,-45.3
2015-11-12,0.73,107.21,97.11,-43.99
2015-11-13,0.67,102.6,97.15,-42.95
2015-11-16,0.65,100.87,97.52,-43.99
2015-11-17,0.65,101.64,97.32,-43.69
2015-11-18,0.64,100.12,97.04,-44.27
2015-11-19,0.6,95.91,92.51,-43.06
2015-11-20,0.58,95.44,89.7,-41.56
2015-11-23,0.63,100.95,88.87,-41.35
2015-11-24,0.61,98.4,92.65,-42.83
2015-11-25,0.57,97.64,93.65,-42.6
2015-11-26,0.58,98.55,94.75,-43.3
2015-11-27,0.56,96.4,95.06,-44.21
2015-11-30,0.58,98.33,96.81,-43.92
2015-12-01,0.59,100.02,100.71,-44.17
2015-12-02,0.58,100.86,100.71,-46.82
2015-12-03,0.71,102.03,100.34,-44.67
2015-12-04,0.79,107.87,93.28,-40.7
2015-12-07,0.71,101.45,94.39,-42.47
2015-12-08,0.69,99.76,91.25,-40.57
2015-12-09,0.7,101.97,92.29,-42.13
2015-12-10,0.69,102.77,93.99,-43.31
2015-12-11,0.65,99.65,93.73,-43.69
2015-12-14,0.69,102.48,91.9,-42.84
2015-12-15,0.77,109.98,90.5,-41.0
2015-12-16,0.78,111.39,90.3,-40.61
2015-12-17,0.73,107.84,88.46,-38.91
2015-12-18,0.67,103.3,86.35,-38.8
2015-12-21,0.67,103.28,86.96,-39.24
2015-12-22,0.71,105.32,87.85,-38.13
2015-12-23,0.75,109.29,91.67,-37.88
2015-12-28,0.74,107.65,89.91,-37.49
2015-12-29,0.77,110.19,92.81,-36.95
2015-12-30,0.77,111.52,95.39,-38.79
2016-01-04,0.7,106.92,93.98,-39.38
2016-01-05,0.7,107.18,95.19,-40.52
2016-01-06,0.66,105.04,95.44,-40.66
2016-01-07,0.7,108.58,96.41,-39.94
2016-01-08,0.68,106.94,95.59,-39.52
2016-01-11,0.7,108.8,93.78,-38.57
2016-01-12,0.73,110.24,90.56,-36.59
2016-01-13,0.68,106.0,89.29,-37.15
2016-01-14,0.65,103.88,89.83,-37.95
2016-01-15,0.63,102.44,90.83,-39.19
2016-01-18,0.63,102.25,92.43,-39.69
2016-01-19,0.65,102.69,94.44,-42.85
2016-01-20,0.59,98.63,89.88,-40.25
2016-01-21,0.54,97.64,90.35,-41.37
2016-01-22,0.59,102.51,94.36,-43.72
2016-01-25,0.57,100.17,92.81,-42.69
2016-01-26,0.54,98.51,91.5,-43.02
2016-01-27,0.55,97.92,91.33,-43.13
2016-01-28,0.5,93.4,89.79,-42.74
2016-01-29,0.44,90.55,88.95,-43.41
2016-02-01,0.43,88.33,88.81,-43.65
2016-02-02,0.41,86.73,88.1,-43.09
2016-02-03,0.41,87.43,87.82,-42.4
2016-02-04,0.4,87.26,85.93,-40.7
2016-02-05,0.41,88.17,85.67,-40.57
2016-02-08,0.35,84.0,81.55,-38.87
2016-02-09,0.36,85.21,79.99,-36.77
2016-02-10,0.36,85.16,83.04,-38.76
2016-02-11,0.31,81.93,79.54,-36.55
2016-02-12,0.34,83.38,79.09,-37.14
2016-02-15,0.36,85.31,81.51,-38.48
2016-02-16,0.39,87.04,84.23,-39.79
2016-02-17,0.38,86.27,84.02,-39.42
2016-02-18,0.33,82.44,83.97,-38.98
2016-02-19,0.3,80.23,82.82,-38.25
2016-02-22,0.29,79.78,82.91,-38.78
2016-02-23,0.32,81.45,80.78,-37.24
2016-02-24,0.24,74.19,79.1,-37.62
2016-02-25,0.26,76.14,81.04,-38.28
2016-02-26,0.26,77.72,82.97,-39.8
2016-02-29,0.22,75.45,83.76,-41.23
2016-03-01,0.25,78.7,88.99,-42.57
2016-03-02,0.31,83.28,91.91,-43.69
2016-03-03,0.31,85.71,89.56,-44.48
2016-03-04,0.33,85.7,88.92,-43.17
2016-03-07,0.33,85.05,90.79,-45.31
2016-03-08,0.29,83.32,92.02,-45.29
2016-03-09,0.34,86.18,89.74,-43.09
2016-03-10,0.32,83.55,87.24,-44.23
2016-03-11,0.37,82.77,87.4,-40.03
2016-03-14,0.36,81.83,87.05,-39.71
2016-03-15,0.41,85.63,88.0,-38.23
2016-03-16,0.38,83.2,86.41,-38.73
2016-03-17,0.33,79.83,83.53,-38.04
2016-03-18,0.3,78.31,81.97,-36.73
2016-03-21,0.32,79.77,82.71,-37.81
2016-03-22,0.32,80.0,80.91,-37.57
2016-03-23,0.33,81.44,80.83,-37.32
2016-03-24,0.29,77.07,78.73,-36.45
2016-03-29,0.25,74.58,77.59,-36.15
2016-03-30,0.27,75.61,77.67,-36.39
2016-03-31,0.26,75.3,77.59,-36.28
2016-04-01,0.23,71.65,75.4,-35.92
2016-04-04,0.23,70.84,72.79,-33.97
2016-04-05,0.18,67.59,72.21,-35.05
2016-04-06,0.21,69.08,73.74,-38.19
2016-04-07,0.19,68.88,73.03,-37.91
2016-04-08,0.2,70.19,75.01,-39.01
2016-04-11,0.23,73.69,78.44,-40.38
2016-04-12,0.2,70.76,82.99,-43.13
2016-04-13,0.2,71.15,82.57,-42.36
2016-04-14,0.21,70.67,81.45,-41.98
2016-04-15,0.19,70.06,81.43,-40.63
2016-04-18,0.2,70.75,81.22,-40.74
2016-04-19,0.23,73.81,83.42,-41.21
2016-04-20,0.2,70.94,82.86,-40.98
2016-04-21,0.26,75.53,82.35,-40.15
2016-04-22,0.29,78.42,85.28,-40.86
2016-04-25,0.33,82.38,88.12,-41.64
2016-04-26,0.35,83.56,86.83,-40.99
2016-04-27,0.36,84.85,89.14,-42.02
2016-04-28,0.32,82.08,89.49,-42.17
2016-04-29,0.34,84.56,87.17,-37.43
2016-05-02,0.33,82.07,85.24,-36.34
2016-05-03,0.25,76.77,82.72,-37.28
2016-05-04,0.28,79.02,84.04,-37.34
2016-05-05,0.24,76.88,82.43,-38.5
2016-05-06,0.22,75.21,81.81,-37.94
2016-05-09,0.2,72.78,81.58,-37.84
2016-05-10,0.17,69.99,80.58,-36.71
2016-05-11,0.17,70.09,83.07,-37.37
2016-05-12,0.2,73.26,84.78,-37.98
2016-05-13,0.19,72.32,83.84,-37.09
2016-05-16,0.2,73.08,83.23,-36.4
2016-05-17,0.19,71.6,82.84,-36.15
2016-05-18,0.23,76.01,84.75,-35.69
2016-05-19,0.21,73.52,83.97,-35.56
2016-05-20,0.23,75.19,84.43,-35.33
2016-05-23,0.23,75.28,84.8,-35.4
2016-05-24,0.22,74.87,85.18,-35.44
2016-05-25,0.2,74.03,85.42,-35.86
2016-05-26,0.2,73.93,84.02,-34.87
2016-05-27,0.17,71.27,84.82,-35.99
2016-05-30,0.22,75.4,84.46,-36.13
2016-05-31,0.22,74.79,83.25,-34.97
2016-06-01,0.18,71.63,81.95,-34.35
2016-06-02,0.18,71.22,80.65,-33.09
2016-06-03,0.12,67.33,78.24,-33.3
2016-06-06,0.13,68.91,76.16,-32.82
2016-06-07,0.11,65.99,75.3,-32.51
2016-06-08,0.1,65.08,72.8,-31.14
2016-06-09,0.06,62.24,68.64,-29.56
2016-06-10,0.05,61.04,65.07,-28.72
2016-06-13,0.06,61.5,66.1,-29.06
2016-06-14,0.04,62.01,62.6,-29.64
2016-06-15,0.03,62.34,63.38,-30.7
2016-06-16,0.02,62.34,59.0,-29.59
2016-06-17,0.05,65.56,62.84,-31.81
2016-06-20,0.08,67.64,66.74,-33.5
2016-06-21,0.07,66.92,67.25,-34.04
2016-06-22,0.09,67.84,67.71,-33.4
2016-06-23,0.11,69.04,70.11,-33.35
2016-06-24,-0.02,63.64,62.85,-32.22
2016-06-27,-0.07,58.39,55.43,-29.72
2016-06-28,-0.06,58.72,59.43,-31.03
2016-06-29,-0.09,56.5,58.45,-29.77
2016-06-30,-0.1,55.65,56.77,-27.92
2016-07-01,-0.11,55.29,60.65,-30.07
2016-07-04,-0.11,56.32,62.2,-31.29
2016-07-05,-0.14,53.98,60.85,-32.55
2016-07-06,-0.15,53.98,60.73,-30.7
2016-07-07,-0.13,56.16,62.65,-31.58
2016-07-08,-0.16,53.88,63.21,-32.71
2016-07-11,-0.16,53.56,63.32,-32.89
2016-07-12,-0.09,58.56,65.22,-33.44
2016-07-13,-0.12,56.42,64.57,-32.69
2016-07-14,-0.07,60.79,66.73,-32.88
2016-07-15,-0.06,61.3,67.37,-33.1
2016-07-18,-0.08,59.74,69.04,-33.89
2016-07-19,-0.07,59.63,69.12,-33.11
2016-07-20,-0.06,59.06,69.44,-32.87
2016-07-21,-0.04,60.63,68.85,-31.89
2016-07-22,-0.05,58.97,66.83,-31.84
2016-07-25,-0.09,55.09,64.26,-30.14
2016-07-26,-0.08,55.33,61.67,-30.33
2016-07-27,-0.11,54.19,61.85,-29.94
2016-07-28,-0.12,52.5,59.43,-28.02
2016-07-29,-0.15,50.15,59.11,-29.02
2016-08-01,-0.15,49.59,59.3,-29.3
2016-08-02,-0.08,55.67,60.49,-28.98
2016-08-03,-0.09,54.07,60.44,-28.64
2016-08-04,-0.14,51.34,61.74,-30.72
2016-08-05,-0.11,53.99,63.0,-31.11
2016-08-08,-0.09,56.43,64.66,-31.47
2016-08-09,-0.11,54.21,64.55,-31.75
2016-08-10,-0.15,51.83,64.07,-31.92
2016-08-11,-0.15,51.74,63.99,-32.44
2016-08-12,-0.15,51.25,64.96,-31.75
2016-08-15,-0.11,53.01,65.5,-31.01
2016-08-16,-0.1,54.48,65.89,-30.97
2016-08-17,-0.09,55.16,65.07,-30.0
2016-08-18,-0.13,52.21,64.06,-31.16
2016-08-19,-0.11,53.34,64.18,-30.66
2016-08-22,-0.12,52.98,63.51,-30.34
2016-08-23,-0.14,51.44,62.71,-29.44
2016-08-24,-0.13,52.25,63.82,-30.0
2016-08-25,-0.1,54.43,65.11,-29.99
2016-08-26,-0.11,53.05,64.78,-30.74
2016-08-29,-0.1,54.03,66.94,-31.04
2016-08-30,-0.12,52.43,64.37,-30.45
2016-08-31,-0.12,53.51,64.35,-30.37
2016-09-01,-0.07,57.9,66.97,-31.31
2016-09-02,-0.07,58.35,68.26,-32.16
2016-09-05,-0.07,58.46,69.87,-33.11
2016-09-06,-0.11,56.89,69.47,-33.43
2016-09-07,-0.16,53.14,65.14,-32.68
2016-09-08,-0.13,53.84,66.65,-31.73
2016-09-09,-0.03,62.53,73.34,-34.28
2016-09-12,-0.0,64.06,70.61,-33.54
2016-09-13,-0.0,64.05,71.13,-33.04
2016-09-14,-0.0,65.8,73.04,-34.54
2016-09-15,0.03,68.6,75.1,-34.99
2016-09-16,-0.01,65.73,75.74,-35.73
2016-09-19,-0.0,65.84,76.18,-36.27
2016-09-20,-0.04,63.05,71.39,-34.75
2016-09-21,-0.03,64.3,70.69,-33.38
2016-09-22,-0.1,58.58,67.88,-33.67
2016-09-23,-0.1,58.44,67.07,-32.15
2016-09-26,-0.13,56.64,67.3,-32.31
2016-09-27,-0.16,55.69,68.74,-33.25
2016-09-28,-0.17,55.97,69.84,-31.26
2016-09-29,-0.14,57.85,69.07,-29.81
2016-09-30,-0.16,55.77,69.7,-30.72
2016-10-03,-0.14,57.75,68.82,-29.99
2016-10-04,-0.12,60.21,70.46,-30.75
2016-10-05,-0.06,64.95,72.84,-29.96
2016-10-06,-0.03,67.5,74.91,-28.43
2016-10-07,-0.03,68.14,76.64,-29.23
2016-10-10,0.03,72.16,78.39,-29.44
2016-10-11,0.02,71.5,76.53,-30.32
2016-10-12,0.04,72.93,76.56,-28.93
2016-10-13,0.0,70.36,74.74,-27.98
2016-10-14,0.03,73.0,75.84,-28.25
2016-10-17,0.04,73.37,76.4,-29.76
2016-10-18,0.03,73.35,76.17,-28.99
2016-10-19,-0.0,70.22,77.07,-30.23
2016-10-20,-0.01,70.12,72.74,-26.49
2016-10-21,-0.03,67.44,73.52,-27.45
2016-10-24,-0.01,68.98,75.49,-28.01
2016-10-25,0.01,70.53,75.26,-27.07
2016-10-26,0.07,74.87,76.69,-26.32
2016-10-27,0.15,81.67,79.39,-26.96
2016-10-28,0.16,82.13,77.19,-25.18
2016-10-31,0.14,80.59,75.71,-24.31
2016-11-01,0.18,82.44,76.76,-27.13
2016-11-02,0.14,80.39,73.17,-28.04
2016-11-03,0.16,83.52,73.75,-26.4
2016-11-04,0.12,80.81,72.24,-26.05
2016-11-07,0.14,82.33,72.58,-25.64
2016-11-08,0.15,82.61,73.04,-25.62
2016-11-09,0.17,86.31,74.87,-27.09
2016-11-10,0.3,97.27,77.55,-25.25
2016-11-11,0.31,97.05,77.5,-25.24
2016-11-14,0.36,101.59,75.85,-24.05
2016-11-15,0.33,99.57,72.98,-24.06
2016-11-16,0.34,100.67,72.67,-23.59
2016-11-17,0.33,99.99,70.61,-24.92
2016-11-18,0.29,99.05,70.01,-24.65
2016-11-21,0.31,102.08,71.31,-26.11
2016-11-22,0.27,101.57,72.17,-28.97
2016-11-23,0.33,104.78,73.73,-28.42
2016-11-24,0.29,105.37,74.44,-30.68
2016-11-25,0.29,106.14,74.13,-30.93
2016-11-28,0.24,102.73,71.99,-30.96
2016-11-29,0.27,105.22,74.95,-31.81
2016-11-30,0.27,105.35,75.69,-32.71
2016-12-01,0.35,112.07,77.07,-32.03
2016-12-02,0.37,113.08,77.29,-29.86
2016-12-05,0.38,111.76,76.72,-29.69
2016-12-06,0.38,110.8,75.85,-29.13
2016-12-07,0.39,110.67,77.26,-30.01
2016-12-08,0.43,115.03,78.61,-30.69
2016-12-09,0.39,117.19,89.06,-40.25
2016-12-12,0.47,123.43,91.9,-40.39
2016-12-13,0.41,116.8,88.02,-44.04
2016-12-14,0.37,113.32,85.97,-43.02
2016-12-15,0.41,119.14,87.41,-42.04
2016-12-16,0.36,116.55,81.85,-39.45
2016-12-19,0.34,114.47,81.33,-41.7
2016-12-20,0.32,112.55,79.83,-38.97
2016-12-21,0.31,110.77,79.41,-39.3
2016-12-22,0.32,112.68,79.01,-37.59
2016-12-23,0.28,109.8,77.97,-36.62
2016-12-27,0.27,109.06,74.47,-35.64
2016-12-28,0.26,108.76,77.6,-37.58
2016-12-29,0.25,105.08,75.89,-36.12
2016-12-30,0.26,105.82,80.64,-40.48
2017-01-02,0.23,104.54,80.7,-41.98
2017-01-03,0.32,111.43,82.53,-41.45
2017-01-04,0.33,112.45,83.67,-40.68
2017-01-05,0.34,110.97,82.36,-39.21
2017-01-06,0.35,108.48,81.12,-38.82
2017-01-09,0.35,109.98,84.18,-40.33
2017-01-10,0.35,110.7,84.14,-38.54
2017-01-11,0.32,106.12,83.48,-37.78
2017-01-12,0.32,106.43,85.55,-38.67
2017-01-13,0.33,107.97,89.39,-39.33
2017-01-16,0.33,109.14,88.47,-41.24
2017-01-17,0.29,105.12,87.46,-42.56
2017-01-18,0.36,109.38,88.84,-41.7
2017-01-19,0.4,113.58,88.5,-39.86
2017-01-20,0.41,112.41,89.67,-40.92
2017-01-23,0.42,110.8,90.22,-45.07
2017-01-24,0.42,110.38,89.36,-44.87
2017-01-25,0.49,115.41,89.97,-44.32
2017-01-26,0.5,116.64,86.14,-40.52
2017-01-27,0.5,116.98,84.43,-39.74
2017-01-30,0.49,117.09,82.49,-36.89
2017-01-31,0.5,118.91,83.04,-36.49
2017-02-01,0.51,122.8,85.68,-37.54
2017-02-02,0.46,120.79,86.05,-37.44
2017-02-03,0.47,123.18,88.21,-37.92
2017-02-06,0.41,118.59,86.67,-39.52
2017-02-07,0.45,122.88,88.91,-42.16
2017-02-08,0.38,119.17,87.58,-41.44
2017-02-09,0.36,116.51,86.83,-41.33
2017-02-10,0.4,119.22,88.22,-41.77
2017-02-13,0.4,120.07,90.48,-41.59
2017-02-14,0.4,120.26,90.89,-41.72
2017-02-15,0.44,123.98,94.15,-43.11
2017-02-16,0.42,120.56,93.18,-41.18
2017-02-17,0.36,117.23,89.63,-40.81
2017-02-20,0.37,121.1,90.78,-40.58
2017-02-21,0.39,123.44,92.96,-41.86
2017-02-22,0.31,120.49,91.91,-43.14
2017-02-23,0.29,119.24,90.61,-44.43
2017-02-24,0.25,118.09,88.75,-43.05
2017-02-27,0.24,115.8,88.21,-42.07
2017-02-28,0.25,114.74,90.57,-43.77
2017-03-01,0.31,116.33,93.15,-43.4
2017-03-02,0.35,120.45,93.22,-41.67
2017-03-03,0.39,121.99,92.04,-39.11
2017-03-06,0.37,120.61,90.01,-36.93
2017-03-07,0.37,124.77,93.81,-40.21
2017-03-08,0.42,127.71,92.57,-37.94
2017-03-09,0.43,128.49,92.4,-35.47
2017-03-10,0.5,134.98,92.13,-32.85
2017-03-13,0.51,132.72,86.67,-29.2
2017-03-14,0.5,130.27,85.28,-29.94
2017-03-15,0.47,128.87,86.22,-31.19
2017-03-16,0.5,129.3,85.53,-30.09
2017-03-17,0.49,127.68,84.15,-29.27
2017-03-20,0.49,125.7,84.42,-31.61
2017-03-21,0.51,124.52,84.96,-29.38
2017-03-22,0.44,120.92,82.9,-29.92
2017-03-23,0.44,119.87,84.49,-31.17
2017-03-24,0.45,118.66,84.52,-30.51
2017-03-27,0.42,113.81,82.73,-29.09
2017-03-28,0.43,114.45,83.42,-30.38
2017-03-29,0.4,116.14,85.29,-33.76
2017-03-30,0.39,113.59,85.24,-35.35
2017-03-31,0.38,110.98,86.2,-38.16
2017-04-03,0.37,115.62,86.62,-39.42
2017-04-04,0.3,111.28,86.68,-39.8
2017-04-05,0.33,113.05,88.05,-38.06
2017-04-06,0.31,110.42,86.21,-39.81
2017-04-07,0.27,108.96,84.65,-40.12
2017-04-10,0.28,111.05,84.5,-40.49
2017-04-11,0.28,112.1,83.15,-39.65
2017-04-12,0.27,111.14,81.9,-38.91
2017-04-13,0.23,109.18,81.45,-38.54
2017-04-18,0.24,108.98,79.22,-37.67
2017-04-19,0.25,105.69,78.17,-34.17
2017-04-20,0.3,108.54,77.81,-33.87
2017-04-21,0.3,108.83,77.16,-32.37
2017-04-24,0.4,109.9,80.9,-31.68
2017-04-25,0.41,111.21,82.69,-31.41
2017-04-26,0.42,112.32,82.99,-31.5
2017-04-27,0.38,110.6,83.95,-32.47
2017-04-28,0.38,111.41,85.28,-34.77
2017-05-02,0.38,111.37,85.05,-34.38
2017-05-03,0.37,110.61,85.58,-34.03
2017-05-04,0.43,115.42,86.16,-32.65
2017-05-05,0.45,115.15,85.68,-33.73
2017-05-08,0.47,115.68,85.63,-33.24
2017-05-09,0.5,117.09,86.6,-34.38
2017-05-10,0.46,114.49,86.86,-32.34
2017-05-11,0.49,116.17,87.04,-32.26
2017-05-12,0.46,114.49,87.19,-32.23
2017-05-15,0.48,115.47,88.55,-34.68
2017-05-16,0.49,115.43,87.11,-37.96
2017-05-17,0.45,113.95,88.48,-36.85
2017-05-18,0.4,109.9,88.86,-37.53
2017-05-19,0.44,111.49,89.99,-38.44
2017-05-22,0.46,113.34,90.82,-36.54
2017-05-23,0.47,112.79,89.3,-39.7
2017-05-24,0.47,114.55,88.87,-38.09
2017-05-25,0.43,112.68,89.97,-37.61
2017-05-26,0.4,110.73,88.76,-38.63
2017-05-29,0.37,110.38,89.78,-39.8
2017-05-30,0.37,110.5,90.34,-39.75
2017-05-31,0.36,109.76,91.23,-41.0
2017-06-01,0.39,112.14,91.33,-40.52
2017-06-02,0.35,110.11,90.96,-39.99
2017-06-05,0.37,109.83,92.03,-40.73
2017-06-06,0.35,109.57,91.53,-40.38
2017-06-07,0.34,109.55,90.95,-39.24
2017-06-08,0.34,109.08,90.47,-39.34
2017-06-09,0.35,110.72,91.61,-39.68
2017-06-12,0.33,108.58,90.84,-39.68
2017-06-13,0.35,106.63,90.0,-39.79
2017-06-14,0.32,103.91,87.7,-38.32
2017-06-15,0.37,103.19,86.53,-37.25
2017-06-16,0.36,104.11,88.89,-37.36
2017-06-19,0.37,103.55,88.85,-37.96
2017-06-20,0.34,101.46,86.65,-37.11
2017-06-21,0.34,100.03,84.57,-35.06
2017-06-22,0.32,98.84,84.71,-35.42
2017-06-23,0.33,98.15,86.46,-35.37
2017-06-26,0.32,97.23,86.58,-35.51
2017-06-27,0.4,100.73,84.95,-31.78
2017-06-28,0.45,105.66,82.79,-30.52
2017-06-29,0.51,110.65,83.45,-29.6
2017-06-30,0.54,112.7,84.26,-29.86
2017-07-03,0.53,113.54,85.83,-31.08
2017-07-04,0.55,116.21,87.84,-31.64
2017-07-05,0.57,116.75,86.78,-34.4
2017-07-06,0.64,122.74,84.42,-28.19
2017-07-07,0.65,125.58,85.19,-29.71
2017-07-10,0.63,124.99,84.55,-31.08
2017-07-11,0.64,124.87,85.0,-29.77
2017-07-12,0.61,123.11,84.86,-30.08
2017-07-13,0.61,123.57,86.28,-29.32
2017-07-14,0.59,122.74,85.22,-28.76
2017-07-17,0.6,123.32,85.46,-28.77
2017-07-18,0.59,122.59,85.27,-28.71
2017-07-19,0.56,120.3,85.44,-29.49
2017-07-20,0.56,120.31,86.84,-30.49
2017-07-21,0.54,117.9,88.43,-31.67
2017-07-24,0.53,118.27,88.67,-32.06
2017-07-25,0.58,122.77,88.65,-29.97
2017-07-26,0.58,123.42,87.72,-31.49
2017-07-27,0.56,122.24,88.63,-32.43
2017-07-28,0.59,124.5,88.87,-33.42
2017-07-31,0.58,124.49,87.51,-33.63
2017-08-01,0.54,121.58,84.98,-34.3
2017-08-02,0.52,119.95,84.99,-35.09
2017-08-03,0.5,117.78,84.33,-33.57
2017-08-04,0.5,117.55,85.15,-32.49
2017-08-07,0.5,117.47,85.08,-33.8
2017-08-08,0.5,116.71,84.98,-33.58
2017-08-09,0.45,113.53,84.79,-34.29
2017-08-10,0.44,112.43,84.45,-34.32
2017-08-11,0.42,111.93,84.24,-34.14
2017-08-14,0.45,115.1,85.3,-33.45
2017-08-15,0.47,116.24,85.0,-32.82
2017-08-16,0.48,116.99,86.04,-33.4
2017-08-17,0.47,115.36,85.71,-33.7
2017-08-18,0.43,112.76,84.55,-33.35
2017-08-21,0.43,113.31,84.35,-32.97
2017-08-22,0.44,114.42,85.73,-33.63
2017-08-23,0.42,113.69,85.86,-33.57
2017-08-24,0.4,112.49,84.93,-34.61
2017-08-25,0.42,113.53,86.05,-33.46
2017-08-28,0.41,113.9,88.03,-35.18
2017-08-29,0.37,111.22,87.19,-35.6
2017-08-30,0.4,112.45,85.75,-35.02
2017-08-31,0.38,111.88,86.41,-35.5
2017-09-01,0.42,114.6,87.86,-36.32
2017-09-04,0.41,114.83,89.17,-37.27
2017-09-05,0.39,115.23,87.89,-36.96
2017-09-06,0.38,112.61,86.37,-36.54
2017-09-07,0.36,112.02,87.11,-36.78
2017-09-08,0.36,112.75,88.13,-36.93
2017-09-11,0.37,113.54,88.79,-37.13
2017-09-12,0.42,115.78,89.11,-36.15
2017-09-13,0.45,117.81,90.28,-35.92
2017-09-14,0.46,117.64,90.28,-35.57
2017-09-15,0.48,118.25,88.56,-34.06
2017-09-18,0.5,120.24,89.6,-33.58
2017-09-19,0.49,118.28,88.97,-33.95
2017-09-20,0.48,117.41,88.81,-33.74
2017-09-21,0.49,118.88,87.94,-32.27
2017-09-22,0.49,118.38,86.96,-31.24
2017-09-25,0.46,114.23,88.52,-33.94
2017-09-26,0.46,117.92,88.02,-33.45
2017-09-27,0.52,122.03,88.88,-33.04
2017-09-28,0.53,124.01,88.95,-32.4
2017-09-29,0.52,121.62,87.96,-32.98
2017-10-02,0.49,120.88,87.09,-32.55
2017-10-03,0.52,122.78,87.79,-33.62
2017-10-04,0.49,120.51,87.58,-33.97
2017-10-05,0.5,119.96,87.57,-32.17
2017-10-06,0.55,123.28,87.6,-30.55
2017-10-09,0.5,120.19,87.98,-31.02
2017-10-10,0.5,120.31,87.33,-31.98
2017-10-11,0.51,120.37,87.54,-32.06
2017-10-12,0.5,121.24,88.56,-32.25
2017-10-13,0.46,118.98,89.66,-33.12
2017-10-16,0.44,118.25,89.99,-33.45
2017-10-17,0.42,116.19,89.18,-33.04
2017-10-18,0.44,117.16,88.39,-31.98
2017-10-19,0.44,118.06,88.79,-31.75
2017-10-20,0.51,122.38,89.3,-31.33
2017-10-23,0.48,121.23,89.74,-31.97
2017-10-24,0.52,122.99,89.05,-31.64
2017-10-25,0.54,123.99,89.34,-31.02
2017-10-26,0.5,123.17,90.37,-31.59
2017-10-27,0.47,122.26,93.72,-34.55
2017-10-30,0.44,119.54,93.28,-34.21
2017-10-31,0.44,118.35,90.59,-34.15
2017-11-01,0.44,118.79,90.56,-34.27
2017-11-02,0.45,118.92,91.04,-34.38
2017-11-03,0.42,117.61,89.92,-33.71
2017-11-06,0.4,114.57,91.03,-35.55
2017-11-07,0.41,116.85,90.72,-34.68
2017-11-08,0.38,114.54,90.39,-34.86
2017-11-09,0.44,118.25,90.82,-34.56
2017-11-10,0.46,120.69,91.84,-34.14
2017-11-13,0.48,121.59,91.88,-33.9
2017-11-14,0.48,121.2,91.83,-34.39
2017-11-15,0.42,117.27,91.47,-34.26
2017-11-16,0.44,117.81,91.12,-33.94
2017-11-17,0.44,117.68,90.78,-33.73
2017-11-20,0.43,116.86,89.48,-33.11
2017-11-21,0.42,115.6,86.82,-33.01
2017-11-22,0.43,114.4,84.95,-31.25
2017-11-23,0.42,113.12,84.16,-29.66
2017-11-24,0.43,113.96,84.44,-30.67
2017-11-27,0.42,113.44,83.48,-33.28
2017-11-28,0.41,113.58,84.81,-31.01
2017-11-29,0.46,116.38,84.31,-28.83
2017-11-30,0.44,113.92,83.01,-28.61
2017-12-01,0.4,111.65,83.79,-27.94
2017-12-04,0.4,111.95,84.6,-28.53
2017-12-05,0.39,112.47,84.93,-28.66
2017-12-06,0.36,111.13,83.3,-30.49
2017-12-07,0.36,113.1,84.25,-30.14
2017-12-08,0.37,113.38,85.66,-29.65
2017-12-11,0.36,111.14,83.91,-28.37
2017-12-12,0.38,112.46,83.96,-27.57
2017-12-13,0.39,113.45,84.78,-27.88
2017-12-14,0.4,114.21,83.72,-25.0
2017-12-15,0.37,111.18,81.99,-24.54
2017-12-18,0.37,109.86,81.18,-22.58
2017-12-19,0.44,114.56,83.74,-21.81
2017-12-20,0.49,117.87,83.48,-20.68
2017-12-21,0.5,117.47,82.48,-20.34
2017-12-22,0.49,115.82,80.79,-20.0
2017-12-27,0.47,114.6,82.17,-22.49
2017-12-28,0.5,113.74,79.54,-22.01
2017-12-29,0.52,115.73,81.49,-21.86
2018-01-02,0.54,115.61,83.4,-23.6
2018-01-03,0.52,114.77,82.1,-24.04
2018-01-04,0.53,114.19,80.27,-23.18
2018-01-05,0.52,113.4,81.36,-24.17
2018-01-08,0.51,112.71,82.17,-25.26
2018-01-09,0.53,114.48,82.22,-24.36
2018-01-10,0.57,118.31,83.67,-24.65
2018-01-11,0.62,118.48,79.48,-21.76
2018-01-12,0.62,117.89,75.53,-18.62
2018-01-15,0.61,118.8,78.25,-19.1
2018-01-16,0.59,116.06,76.18,-18.77
2018-01-17,0.59,115.64,75.35,-18.08
2018-01-18,0.61,118.83,76.24,-18.35
2018-01-19,0.62,120.07,77.1,-18.81
2018-01-22,0.62,121.01,77.04,-19.25
2018-01-23,0.6,118.03,76.29,-19.33
2018-01-24,0.63,121.03,75.88,-18.38
2018-01-25,0.67,121.29,68.31,-13.16
2018-01-26,0.66,120.1,65.94,-11.83
2018-01-29,0.72,123.23,63.72,-9.28
2018-01-30,0.73,125.07,67.56,-10.66
2018-01-31,0.71,123.46,64.12,-9.19
2018-02-01,0.75,128.05,64.61,-8.81
2018-02-02,0.79,131.09,63.94,-7.31
2018-02-05,0.77,131.14,67.05,-9.66
2018-02-06,0.75,129.45,67.23,-10.41
2018-02-07,0.76,130.24,65.39,-9.02
2018-02-08,0.84,135.0,64.12,-7.07
2018-02-09,0.79,133.84,64.27,-7.95
2018-02-12,0.8,135.72,64.92,-8.76
2018-02-13,0.79,135.28,67.49,-10.38
2018-02-14,0.81,135.9,66.72,-9.71
2018-02-15,0.82,135.73,66.74,-9.83
2018-02-16,0.77,132.33,67.73,-11.22
2018-02-19,0.8,134.79,67.76,-10.16
2018-02-20,0.78,133.9,68.45,-11.16
2018-02-21,0.77,132.02,68.48,-11.08
2018-02-22,0.76,132.04,68.55,-11.03
2018-02-23,0.72,128.55,67.84,-12.05
2018-02-26,0.7,127.46,66.48,-11.07
2018-02-27,0.72,128.51,66.45,-9.72
2018-02-28,0.71,128.19,67.72,-11.31
2018-03-01,0.69,126.76,67.7,-12.02
2018-03-02,0.67,125.53,68.33,-12.01
2018-03-05,0.68,126.15,69.03,-11.82
2018-03-06,0.73,128.89,68.01,-9.85
2018-03-07,0.71,127.12,66.94,-10.25
2018-03-08,0.7,126.71,65.66,-9.85
2018-03-09,0.7,127.33,66.15,-9.84
2018-03-12,0.68,126.1,67.27,-11.22
2018-03-13,0.68,127.38,67.35,-11.02
2018-03-14,0.66,124.36,68.53,-11.86
2018-03-15,0.63,121.3,67.57,-11.98
2018-03-16,0.64,122.61,67.18,-11.65
2018-03-19,0.63,122.01,66.23,-11.36
2018-03-20,0.64,122.68,65.96,-12.03
2018-03-21,0.65,123.52,65.71,-11.1
2018-03-22,0.58,119.03,66.1,-12.53
2018-03-23,0.59,118.92,66.92,-12.18
2018-03-26,0.58,118.2,66.43,-12.35
2018-03-27,0.56,116.94,67.44,-13.21
2018-03-28,0.55,115.91,67.52,-13.68
2018-03-29,0.55,115.84,68.99,-14.71
2018-04-03,0.55,115.37,68.16,-14.51
2018-04-04,0.55,115.06,68.65,-14.73
2018-04-05,0.57,115.75,69.8,-14.87
2018-04-06,0.56,115.04,69.8,-14.92
2018-04-09,0.56,114.49,69.6,-14.92
2018-04-10,0.56,113.5,67.75,-13.84
2018-04-11,0.55,112.37,67.85,-13.96
2018-04-12,0.57,114.19,69.79,-14.42
2018-04-13,0.58,115.74,70.11,-14.67
2018-04-16,0.58,115.52,70.16,-14.71
2018-04-17,0.57,115.45,69.64,-15.14
2018-04-18,0.57,114.64,68.53,-14.53
2018-04-19,0.64,119.22,67.07,-12.62
2018-04-20,0.66,121.48,68.27,-13.01
2018-04-23,0.68,122.67,68.06,-12.57
2018-04-24,0.69,124.08,68.48,-12.49
2018-04-25,0.69,124.06,67.69,-12.41
2018-04-26,0.67,122.4,66.86,-11.8
2018-04-27,0.62,119.47,67.77,-13.4
2018-04-30,0.63,119.97,68.82,-14.43
2018-05-02,0.63,120.47,69.12,-13.89
2018-05-03,0.61,118.43,70.43,-15.57
2018-05-04,0.6,117.48,69.56,-15.68
2018-05-07,0.59,116.29,69.53,-15.82
2018-05-08,0.61,118.29,69.75,-15.57
2018-05-09,0.63,119.34,70.3,-15.51
2018-05-10,0.6,118.16,69.73,-15.39
2018-05-11,0.62,119.03,68.47,-14.58
2018-05-14,0.67,121.77,67.5,-13.15
2018-05-15,0.7,123.76,67.55,-12.69
2018-05-16,0.67,122.76,68.29,-14.07
2018-05-17,0.68,124.34,68.78,-13.64
2018-05-18,0.68,124.28,69.69,-14.95
2018-05-21,0.62,121.3,71.61,-16.9
2018-05-22,0.62,120.76,69.75,-15.9
2018-05-23,0.58,118.84,71.76,-17.97
2018-05-24,0.54,115.74,70.99,-18.87
2018-05-25,0.47,112.56,72.47,-20.97
2018-05-28,0.43,112.38,72.82,-22.08
2018-05-29,0.41,111.49,74.06,-23.59
2018-05-30,0.4,110.51,74.39,-23.41
2018-05-31,0.4,109.38,70.19,-21.01
2018-06-01,0.46,109.74,68.67,-19.34
2018-06-04,0.48,111.08,68.34,-18.87
2018-06-05,0.46,111.37,69.97,-20.27
2018-06-06,0.53,115.35,67.65,-17.85
2018-06-07,0.57,118.84,66.83,-16.41
2018-06-08,0.53,118.68,67.17,-17.91
2018-06-11,0.58,120.18,67.71,-16.79
2018-06-12,0.58,118.79,67.83,-17.06
2018-06-13,0.55,115.73,68.0,-17.33
2018-06-14,0.52,115.75,72.87,-20.34
2018-06-15,0.48,112.06,75.99,-22.46
2018-06-18,0.47,112.18,78.53,-23.12
2018-06-19,0.44,109.91,78.13,-23.69
2018-06-20,0.45,111.73,78.62,-23.89
2018-06-21,0.42,110.7,78.84,-25.3
2018-06-22,0.42,111.1,78.82,-25.4
2018-06-25,0.41,109.66,79.03,-24.27
2018-06-26,0.42,111.24,77.71,-23.79
2018-06-27,0.4,109.08,76.09,-23.12
2018-06-28,0.38,107.88,74.27,-23.39
2018-06-29,0.38,106.11,70.86,-22.11
2018-07-02,0.37,106.95,70.49,-22.34
2018-07-03,0.37,104.91,69.43,-21.51
2018-07-04,0.37,103.83,70.26,-20.95
2018-07-05,0.37,103.9,69.56,-20.42
2018-07-06,0.36,103.52,70.38,-21.37
2018-07-09,0.39,104.6,72.54,-22.33
2018-07-10,0.39,104.31,72.07,-21.49
2018-07-11,0.38,102.88,70.31,-21.29
2018-07-12,0.37,102.38,71.14,-21.32
2018-07-13,0.35,101.32,72.03,-22.29
2018-07-16,0.38,103.05,71.47,-21.44
2018-07-17,0.36,101.71,71.55,-21.12
2018-07-18,0.35,100.58,71.72,-21.79
2018-07-19,0.35,100.46,72.44,-21.49
2018-07-20,0.37,101.9,71.78,-20.78
2018-07-23,0.41,104.48,71.69,-20.35
2018-07-24,0.42,105.48,70.08,-19.94
2018-07-25,0.41,103.73,70.18,-19.45
2018-07-26,0.41,104.02,70.36,-19.43
2018-07-27,0.42,104.69,70.88,-18.19
2018-07-30,0.47,107.25,70.53,-18.54
2018-07-31,0.46,104.84,69.64,-18.61
2018-08-01,0.5,107.86,69.4,-16.52
2018-08-02,0.49,107.51,69.53,-17.8
2018-08-03,0.43,104.69,69.97,-18.36
2018-08-06,0.41,102.41,69.28,-19.03
2018-08-07,0.43,104.33,69.09,-19.08
2018-08-08,0.43,104.05,69.52,-20.47
2018-08-09,0.4,103.34,70.94,-21.22
2018-08-10,0.35,100.82,70.56,-21.99
2018-08-13,0.35,101.31,70.62,-21.97
2018-08-14,0.35,100.29,70.81,-21.96
2018-08-15,0.33,99.67,71.67,-22.58
2018-08-16,0.33,99.26,71.4,-22.49
2018-08-17,0.32,98.59,71.91,-22.68
2018-08-20,0.32,98.69,72.26,-22.27
2018-08-21,0.36,99.89,72.02,-21.79
2018-08-22,0.36,99.05,71.79,-21.06
2018-08-23,0.37,99.48,71.05,-20.57
2018-08-24,0.39,100.37,70.98,-20.8
2018-08-27,0.41,101.61,71.53,-20.09
2018-08-28,0.42,102.11,71.99,-20.64
2018-08-29,0.44,103.71,71.39,-19.87
2018-08-30,0.39,101.59,71.66,-20.58
2018-08-31,0.37,99.89,71.29,-20.97
2018-09-03,0.37,99.63,70.8,-21.43
2018-09-04,0.38,98.95,71.26,-21.23
2018-09-05,0.43,101.33,70.48,-20.26
2018-09-06,0.4,99.75,70.79,-20.31
2018-09-07,0.42,100.26,71.39,-19.95
2018-09-10,0.44,100.88,71.86,-20.32
2018-09-11,0.47,102.62,71.82,-19.24
2018-09-12,0.43,100.47,72.44,-19.75
2018-09-13,0.46,102.96,71.66,-19.45
2018-09-14,0.48,104.35,70.41,-19.24
2018-09-17,0.49,104.23,68.71,-17.48
2018-09-18,0.5,105.19,68.24,-17.16
2018-09-19,0.52,106.47,68.1,-17.49
2018-09-20,0.52,106.66,68.85,-17.06
2018-09-21,0.49,105.04,69.24,-17.86
2018-09-24,0.54,106.94,66.67,-15.09
2018-09-25,0.57,108.66,65.46,-14.22
2018-09-26,0.56,107.9,64.53,-13.65
2018-09-27,0.55,106.57,62.03,-12.3
2018-09-28,0.51,105.43,63.05,-14.45
2018-10-01,0.54,108.59,63.36,-14.55
2018-10-02,0.48,104.85,64.92,-16.64
2018-10-03,0.5,105.58,63.91,-15.4
2018-10-04,0.56,109.29,62.45,-12.59
2018-10-05,0.6,112.58,62.52,-12.65
2018-10-08,0.58,113.48,63.33,-13.71
2018-10-09,0.59,114.15,64.31,-14.32
2018-10-10,0.6,113.72,63.78,-12.63
2018-10-11,0.58,113.34,63.1,-12.47
2018-10-12,0.56,112.56,63.97,-12.94
2018-10-15,0.55,113.24,65.43,-13.18
2018-10-16,0.54,112.07,66.03,-12.73
2018-10-17,0.52,111.01,66.18,-13.61
2018-10-18,0.51,111.69,65.94,-13.69
2018-10-19,0.48,110.95,65.12,-13.39
2018-10-22,0.49,110.1,64.34,-12.72
2018-10-23,0.46,108.41,64.49,-12.88
2018-10-24,0.45,108.69,65.34,-14.38
2018-10-25,0.45,108.53,65.76,-13.99
2018-10-26,0.41,105.95,66.42,-14.49
2018-10-29,0.45,108.22,67.88,-14.11
2018-10-30,0.43,106.92,68.6,-14.61
2018-10-31,0.43,106.42,67.74,-14.56
2018-11-01,0.46,108.41,66.23,-14.63
2018-11-02,0.48,110.89,65.19,-14.95
2018-11-05,0.48,110.27,65.09,-16.13
2018-11-06,0.48,110.05,66.79,-15.15
2018-11-07,0.5,109.44,66.28,-14.76
2018-11-08,0.51,110.62,65.76,-14.86
2018-11-09,0.47,108.41,66.13,-15.4
2018-11-12,0.45,106.75,67.22,-16.34
2018-11-13,0.46,106.92,68.13,-16.36
2018-11-14,0.47,108.41,68.59,-16.79
2018-11-15,0.42,106.08,70.52,-19.13
2018-11-16,0.43,106.43,70.37,-18.89
2018-11-19,0.45,106.59,71.24,-17.43
2018-11-20,0.41,104.48,70.92,-18.05
2018-11-21,0.43,105.08,70.68,-17.0
2018-11-22,0.44,105.36,71.02,-17.54
2018-11-23,0.4,102.82,69.66,-18.37
2018-11-26,0.43,104.0,69.26,-17.46
2018-11-27,0.41,103.39,70.39,-18.34
2018-11-28,0.42,103.87,70.96,-18.11
2018-11-29,0.39,102.29,71.51,-18.89
2018-11-30,0.37,100.52,71.52,-20.14
2018-12-03,0.37,100.66,70.8,-19.82
2018-12-04,0.34,98.83,69.67,-19.45
2018-12-05,0.33,97.53,68.86,-19.29
2018-12-06,0.29,95.41,67.79,-19.28
2018-12-07,0.33,96.41,68.06,-17.6
2018-12-10,0.31,92.0,64.31,-14.94
2018-12-11,0.3,93.57,64.03,-16.04
2018-12-12,0.32,93.73,62.65,-14.11
2018-12-13,0.32,94.35,64.6,-14.85
2018-12-14,0.32,96.38,69.8,-16.08
2018-12-17,0.32,96.75,69.0,-14.07
2018-12-18,0.31,95.83,67.76,-13.46
2018-12-19,0.3,94.59,66.96,-13.19
2018-12-20,0.29,92.62,65.29,-12.48
2018-12-21,0.3,95.23,65.47,-13.2
2018-12-27,0.3,96.14,64.42,-18.02
2018-12-28,0.32,97.45,65.57,-18.37
2019-01-02,0.23,89.75,64.93,-21.75
2019-01-03,0.25,90.13,65.97,-22.33
2019-01-04,0.27,90.96,65.62,-24.23
2019-01-07,0.29,90.99,65.57,-24.17
2019-01-08,0.31,92.08,65.19,-22.98
2019-01-09,0.3,90.94,65.56,-23.84
2019-01-10,0.27,88.63,66.18,-25.01
2019-01-11,0.25,86.81,66.4,-25.73
2019-01-14,0.24,86.52,66.8,-26.43
2019-01-15,0.24,87.25,68.05,-27.13
2019-01-16,0.26,88.11,68.1,-26.79
2019-01-17,0.27,88.15,67.16,-26.0
2019-01-18,0.28,89.47,67.1,-25.22
2019-01-21,0.29,89.55,67.42,-25.33
2019-01-22,0.27,87.87,66.66,-25.16
2019-01-23,0.27,87.32,66.75,-25.43
2019-01-24,0.22,81.83,66.92,-27.14
2019-01-25,0.22,82.56,64.83,-24.98
2019-01-28,0.23,82.42,67.08,-24.12
2019-01-29,0.23,81.3,67.36,-24.55
2019-01-30,0.22,79.34,66.07,-23.97
2019-01-31,0.19,76.98,66.08,-24.55
2019-02-01,0.19,77.98,66.85,-25.16
2019-02-04,0.21,79.0,66.58,-24.92
2019-02-05,0.22,79.5,65.9,-24.28
2019-02-06,0.2,75.81,66.0,-25.09
2019-02-07,0.15,72.95,68.08,-27.45
2019-02-08,0.12,70.64,68.48,-28.38
2019-02-11,0.15,72.29,69.57,-28.26
2019-02-12,0.18,74.76,67.79,-29.41
2019-02-13,0.18,73.92,67.73,-28.76
2019-02-14,0.13,70.34,66.48,-28.7
2019-02-15,0.15,71.51,66.98,-28.51
2019-02-18,0.16,72.55,68.72,-29.32
2019-02-19,0.15,73.23,69.08,-28.04
2019-02-20,0.15,72.26,68.57,-28.07
2019-02-21,0.18,74.58,67.62,-26.36
2019-02-22,0.15,72.06,68.49,-27.32
2019-02-25,0.16,71.8,68.23,-27.3
2019-02-26,0.16,71.91,68.14,-26.67
2019-02-27,0.2,74.43,68.7,-26.19
2019-02-28,0.23,76.57,68.03,-24.66
2019-03-01,0.25,78.31,69.12,-24.62
2019-03-04,0.22,75.41,69.17,-25.47
2019-03-05,0.22,75.18,69.46,-25.62
2019-03-06,0.18,72.08,70.19,-27.02
2019-03-07,0.13,69.68,73.64,-28.59
2019-03-08,0.12,67.96,70.47,-26.79
2019-03-11,0.11,66.84,71.86,-27.7
2019-03-12,0.11,67.63,71.79,-27.5
2019-03-13,0.11,67.63,71.79,-27.5
2019-03-14,0.13,68.88,71.34,-26.81
2019-03-15,0.13,68.39,71.28,-26.71
2019-03-18,0.13,68.23,70.8,-26.4
2019-03-19,0.16,69.75,70.43,-25.42
2019-03-20,0.14,67.82,70.66,-25.82
2019-03-21,0.09,64.94,69.65,-25.67
2019-03-22,0.02,59.53,65.98,-24.64
2019-03-25,0.03,61.36,66.0,-24.22
2019-03-26,0.03,60.25,64.53,-23.7
2019-03-27,-0.03,60.0,67.39,-26.19
2019-03-28,-0.02,58.55,66.79,-25.46
2019-03-29,-0.01,60.67,68.31,-26.4
2019-04-01,0.01,62.21,69.88,-26.75
2019-04-02,0.01,63.29,69.14,-26.56
2019-04-03,0.06,65.78,71.01,-26.49
2019-04-04,0.04,64.44,69.41,-25.92
2019-04-05,0.05,64.31,69.05,-25.76
2019-04-08,0.05,64.51,68.99,-25.72
2019-04-09,0.04,62.98,68.78,-25.98
2019-04-10,0.01,62.03,70.42,-27.57
2019-04-11,0.03,63.51,70.14,-27.23
2019-04-12,0.09,67.07,69.23,-25.48
2019-04-15,0.12,69.21,71.65,-26.23
2019-04-16,0.11,69.14,71.82,-26.49
2019-04-17,0.13,71.15,70.09,-25.33
2019-04-18,0.07,66.04,70.69,-26.72
2019-04-23,0.08,67.5,70.28,-26.42
2019-04-24,0.04,64.32,69.61,-26.89
2019-04-25,0.04,64.74,69.54,-26.84
2019-04-26,0.03,64.05,70.2,-27.42
2019-04-29,0.06,65.26,70.79,-26.88
2019-04-30,0.08,67.0,69.59,-25.99
2019-05-02,0.06,65.94,68.97,-28.25
2019-05-03,0.07,66.8,69.31,-28.44
2019-05-06,0.06,66.24,69.48,-28.64
2019-05-07,0.02,63.65,70.09,-29.44
2019-05-08,0.0,63.21,68.91,-28.91
2019-05-09,-0.01,63.68,68.83,-29.12
2019-05-10,0.02,64.95,69.64,-28.94
2019-05-13,-0.0,63.6,68.79,-29.09
2019-05-14,-0.02,63.19,67.4,-28.68
2019-05-15,-0.05,61.34,66.74,-29.29
2019-05-16,-0.03,61.81,67.02,-28.81
2019-05-17,-0.04,59.89,66.99,-31.12
2019-05-20,-0.03,61.36,67.55,-31.34
2019-05-21,-0.01,62.15,68.89,-31.77
2019-05-22,-0.02,61.43,69.11,-32.08
2019-05-23,-0.05,59.43,70.56,-31.58
2019-05-24,-0.05,59.57,69.85,-31.08
2019-05-27,-0.07,57.99,69.33,-31.43
2019-05-28,-0.09,56.88,69.11,-31.29
2019-05-29,-0.11,54.89,68.34,-31.05
2019-05-30,-0.1,55.95,68.9,-30.9
2019-05-31,-0.13,55.52,67.69,-30.98
2019-06-03,-0.14,52.38,65.69,-29.77
2019-06-04,-0.15,51.73,64.21,-29.08
2019-06-05,-0.17,51.18,66.75,-31.17
2019-06-06,-0.17,48.88,64.18,-29.43
2019-06-07,-0.21,46.95,62.25,-28.87
2019-06-10,-0.16,50.62,66.03,-30.3
2019-06-11,-0.17,49.94,65.04,-29.76
2019-06-12,-0.18,50.13,64.19,-29.51
2019-06-13,-0.18,49.3,63.39,-29.12
2019-06-14,-0.19,49.83,61.1,-28.26
2019-06-17,-0.18,50.6,62.17,-28.8
2019-06-18,-0.25,49.72,62.84,-30.26
2019-06-19,-0.23,50.43,62.09,-29.25
2019-06-20,-0.26,49.12,59.78,-27.7
2019-06-21,-0.22,50.96,58.47,-26.81
2019-06-24,-0.24,49.82,59.76,-27.62
2019-06-25,-0.27,47.49,59.44,-27.66
2019-06-26,-0.26,48.4,60.26,-27.88
2019-06-27,-0.25,48.51,59.75,-26.96
2019-06-28,-0.26,48.65,61.25,-28.4
2019-07-01,-0.28,47.25,62.2,-29.32
2019-07-02,-0.3,47.03,64.94,-28.34
2019-07-03,-0.32,43.61,62.27,-27.02
2019-07-04,-0.34,42.29,62.54,-26.89
2019-07-05,-0.28,46.85,62.31,-26.18
2019-07-08,-0.32,43.52,61.69,-26.63
2019-07-09,-0.28,45.97,63.14,-26.58
2019-07-10,-0.23,50.32,63.79,-26.42
2019-07-11,-0.21,52.96,66.4,-26.43
2019-07-12,-0.18,55.93,65.73,-26.32
2019-07-15,-0.22,52.15,64.61,-26.21
2019-07-16,-0.23,51.96,63.74,-25.76
2019-07-17,-0.27,49.96,63.57,-26.59
2019-07-18,-0.27,49.46,63.95,-27.15
2019-07-19,-0.29,48.89,65.72,-27.47
2019-07-22,-0.31,48.34,65.36,-27.77
2019-07-23,-0.32,47.8,66.66,-28.2
2019-07-24,-0.36,44.12,64.97,-27.93
2019-07-25,-0.31,46.12,61.45,-25.63
2019-07-26,-0.34,42.98,64.72,-27.02
2019-07-29,-0.37,41.5,63.17,-26.8
2019-07-30,-0.37,40.37,63.28,-26.54
2019-07-31,-0.39,40.34,62.14,-26.4
2019-08-01,-0.42,37.55,59.16,-25.54
2019-08-02,-0.45,35.24,56.47,-24.41
2019-08-05,-0.49,33.61,53.51,-23.62
2019-08-06,-0.5,32.93,54.57,-24.06
2019-08-07,-0.58,29.67,51.39,-23.73
2019-08-08,-0.53,34.2,53.95,-24.49
2019-08-09,-0.54,34.48,55.43,-24.73
2019-08-12,-0.56,33.6,53.84,-24.54
2019-08-13,-0.57,31.65,50.05,-22.92
2019-08-14,-0.62,27.41,50.01,-22.57
2019-08-15,-0.66,25.52,46.86,-21.93
2019-08-16,-0.67,25.4,45.89,-21.68
2019-08-19,-0.6,31.63,54.52,-24.54
2019-08-20,-0.66,27.45,54.76,-24.47
2019-08-21,-0.63,28.48,54.5,-24.47
2019-08-22,-0.6,28.57,54.17,-23.27
2019-08-23,-0.61,29.95,55.52,-23.81
2019-08-26,-0.62,28.83,53.63,-22.81
2019-08-27,-0.64,26.58,52.1,-22.14
2019-08-28,-0.68,23.69,48.04,-20.68
2019-08-29,-0.66,27.22,50.86,-21.75
2019-08-30,-0.65,27.7,49.6,-25.03
2019-09-02,-0.65,29.39,52.4,-23.86
2019-09-03,-0.66,26.39,50.93,-22.85
2019-09-04,-0.61,30.24,51.25,-22.88
2019-09-05,-0.54,35.67,57.07,-23.77
2019-09-06,-0.59,30.5,54.64,-23.46
2019-09-09,-0.53,34.42,58.27,-25.14
2019-09-10,-0.53,34.03,58.24,-25.63
2019-09-11,-0.52,34.24,59.11,-25.72
2019-09-12,-0.53,25.92,50.87,-26.09
2019-09-13,-0.44,31.34,57.48,-25.02
2019-09-16,-0.43,32.72,56.6,-24.55
2019-09-17,-0.44,31.55,55.36,-24.25
2019-09-18,-0.46,30.92,53.34,-22.89
2019-09-19,-0.46,28.67,50.24,-21.78
2019-09-20,-0.47,27.51,50.18,-21.56
2019-09-23,-0.54,23.03,48.32,-21.71
2019-09-24,-0.54,22.76,46.2,-20.72
2019-09-25,-0.56,20.67,44.28,-19.97
2019-09-26,-0.53,24.75,44.82,-19.49
2019-09-27,-0.54,25.89,46.3,-20.68
2019-09-30,-0.52,28.46,49.17,-21.43
2019-10-01,-0.49,29.97,50.7,-21.36
2019-10-02,-0.49,30.87,49.62,-21.06
2019-10-03,-0.55,26.39,49.65,-21.07
2019-10-04,-0.54,26.6,49.24,-22.02
2019-10-07,-0.54,26.67,51.01,-22.9
2019-10-08,-0.55,26.91,50.96,-24.06
2019-10-09,-0.52,27.6,51.99,-23.0
2019-10-10,-0.44,30.78,51.57,-21.42
2019-10-11,-0.4,33.18,53.86,-22.38
2019-10-14,-0.41,31.84,52.69,-22.24
2019-10-15,-0.42,29.88,53.64,-22.15
2019-10-16,-0.34,35.94,55.3,-21.84
2019-10-17,-0.35,34.22,54.04,-21.08
2019-10-18,-0.33,35.66,53.78,-20.54
2019-10-21,-0.3,39.07,54.84,-21.58
2019-10-22,-0.33,36.11,52.28,-20.33
2019-10-23,-0.35,33.64,50.89,-19.92
2019-10-24,-0.35,34.18,51.1,-19.51
2019-10-25,-0.33,36.13,51.95,-19.01
2019-10-28,-0.28,39.49,54.99,-18.87
2019-10-29,-0.3,36.94,53.34,-18.27
2019-10-30,-0.31,35.29,53.14,-18.57
2019-10-31,-0.36,32.89,51.36,-18.34
2019-11-01,-0.34,35.03,52.4,-19.67
2019-11-04,-0.3,38.17,53.38,-20.77
2019-11-05,-0.27,39.74,54.37,-20.61
2019-11-06,-0.28,37.33,53.45,-20.05
2019-11-07,-0.22,42.43,53.95,-18.72
2019-11-08,-0.21,42.92,54.08,-18.37
2019-11-11,-0.21,42.03,52.73,-18.72
2019-11-12,-0.2,44.43,52.75,-18.9
2019-11-13,-0.25,39.93,51.26,-18.81
2019-11-14,-0.29,37.66,51.12,-18.61
2019-11-15,-0.29,37.87,51.11,-18.36
2019-11-18,-0.29,36.98,50.89,-19.52
2019-11-19,-0.28,37.35,51.1,-19.1
2019-11-20,-0.31,35.54,51.3,-19.26
2019-11-21,-0.27,38.65,51.7,-18.54
2019-11-22,-0.3,35.6,51.62,-19.22
2019-11-25,-0.31,35.29,51.45,-19.0
2019-11-26,-0.33,33.46,52.9,-19.51
2019-11-27,-0.31,34.42,51.4,-18.8
2019-11-28,-0.31,34.78,51.27,-19.19
2019-11-29,-0.3,34.96,51.25,-19.08
2019-12-02,-0.23,40.92,50.77,-17.68
2019-12-03,-0.27,38.49,50.0,-20.32
2019-12-04,-0.28,38.24,50.78,-20.87
2019-12-05,-0.23,41.0,50.65,-19.86
2019-12-06,-0.24,41.31,50.21,-19.53
2019-12-09,-0.25,40.5,51.39,-20.64
2019-12-10,-0.23,42.86,50.84,-19.88
2019-12-11,-0.25,41.45,50.68,-20.13
2019-12-12,-0.23,42.4,51.78,-20.18
2019-12-13,-0.21,43.57,49.39,-18.25
2019-12-16,-0.23,41.91,49.79,-18.88
2019-12-17,-0.23,43.09,48.9,-18.06
2019-12-18,-0.2,45.71,49.42,-17.47
2019-12-19,-0.16,48.69,49.8,-16.74
2019-12-20,-0.18,47.29,50.15,-17.76
2019-12-23,-0.18,47.51,50.38,-17.4
2019-12-27,-0.19,46.14,48.53,-15.53
2019-12-30,-0.14,47.68,51.25,-13.27
2020-01-02,-0.17,44.82,53.25,-16.1
2020-01-03,-0.22,41.54,52.9,-17.95
2020-01-06,-0.25,40.37,53.12,-18.5
2020-01-07,-0.23,41.84,53.71,-18.3
2020-01-08,-0.2,43.66,54.56,-18.5
2020-01-09,-0.17,44.43,55.18,-17.63
2020-01-10,-0.17,43.56,55.79,-17.5
2020-01-13,-0.14,45.56,56.76,-18.25
2020-01-14,-0.16,43.84,56.24,-17.61
2020-01-15,-0.18,42.29,55.27,-17.76
2020-01-16,-0.2,41.2,55.41,-17.52
2020-01-17,-0.19,41.94,55.66,-17.74
2020-01-20,-0.2,40.56,55.41,-18.4
2020-01-21,-0.2,39.16,54.29,-17.72
2020-01-22,-0.24,36.52,55.24,-18.27
2020-01-23,-0.27,34.94,55.31,-18.56
2020-01-24,-0.29,33.39,55.33,-18.52
2020-01-27,-0.35,29.61,54.44,-19.68
2020-01-28,-0.33,30.9,54.2,-19.44
2020-01-29,-0.34,30.93,53.85,-19.15
2020-01-30,-0.36,30.42,53.27,-19.4
2020-01-31,-0.4,28.17,53.53,-19.36
2020-02-03,-0.4,28.78,53.57,-20.14
2020-02-04,-0.36,30.01,51.75,-23.29
2020-02-05,-0.33,32.23,52.42,-22.93
2020-02-06,-0.31,32.26,52.69,-22.72
2020-02-07,-0.36,29.45,51.72,-22.68
2020-02-10,-0.36,28.6,52.31,-22.93
2020-02-11,-0.36,29.25,53.22,-23.16
2020-02-12,-0.34,30.31,53.17,-22.73
2020-02-13,-0.35,29.94,51.95,-21.86
2020-02-14,-0.37,28.96,52.12,-22.55
2020-02-17,-0.36,29.4,52.24,-22.81
2020-02-18,-0.36,28.54,52.71,-23.09
2020-02-19,-0.37,27.72,52.34,-22.82
2020-02-20,-0.39,25.66,49.66,-21.72
2020-02-21,-0.41,23.54,47.45,-20.25
2020-02-24,-0.44,24.23,47.56,-20.35
2020-02-25,-0.45,24.11,47.07,-20.39
2020-02-26,-0.45,25.15,49.56,-20.65
2020-02-27,-0.5,24.64,49.49,-20.97
2020-02-28,-0.57,21.42,45.02,-20.3
2020-03-02,-0.59,23.35,42.92,-20.76
2020-03-03,-0.56,22.78,44.16,-20.69
2020-03-04,-0.59,23.68,46.18,-22.06
2020-03-05,-0.62,22.69,45.7,-22.17
2020-03-06,-0.69,17.58,42.35,-19.64
2020-03-09,-0.82,15.07,48.43,-21.13
2020-03-10,-0.74,18.28,30.75,-17.98
2020-03-11,-0.7,23.04,28.85,-16.61
2020-03-12,-0.68,28.82,26.37,-17.48
2020-03-13,-0.5,39.4,27.16,-15.22
2020-03-16,-0.39,48.67,27.2,-6.97
2020-03-17,-0.36,50.84,23.77,-4.39
2020-03-18,-0.18,60.26,26.24,-2.74
2020-03-19,-0.11,55.65,28.94,-3.21
2020-03-20,-0.25,42.48,30.65,-7.88
2020-03-23,-0.29,40.21,30.29,-9.9
2020-03-24,-0.27,36.71,33.03,-11.19
2020-03-25,-0.24,36.1,37.12,-12.0
2020-03-26,-0.27,36.31,44.07,-16.34
2020-03-27,-0.4,30.86,42.91,-18.56
2020-03-30,-0.45,26.69,44.94,-20.91
2020-03-31,-0.41,29.17,47.38,-21.04
2020-04-01,-0.38,28.58,44.41,-19.69
2020-04-02,-0.36,29.33,38.73,-16.08
2020-04-03,-0.37,30.34,37.76,-15.65
2020-04-06,-0.33,32.25,39.28,-17.13
2020-04-07,-0.25,38.82,40.74,-16.1
2020-04-08,-0.22,39.48,40.46,-14.94
2020-04-09,-0.25,36.51,39.96,-15.21
2020-04-14,-0.3,34.42,40.94,-16.97
2020-04-15,-0.38,30.35,38.53,-17.05
2020-04-16,-0.37,28.62,35.03,-18.49
2020-04-17,-0.37,30.15,37.41,-20.59
2020-04-20,-0.35,32.01,38.74,-19.37
2020-04-21,-0.37,29.15,37.92,-19.04
2020-04-22,-0.33,31.71,38.07,-18.22
2020-04-23,-0.34,33.18,36.7,-18.03
2020-04-24,-0.36,30.56,36.59,-18.73
2020-04-27,-0.36,28.61,37.29,-19.23
2020-04-28,-0.37,28.16,37.87,-22.91
2020-04-29,-0.41,26.7,37.5,-22.97
2020-04-30,-0.46,24.81,37.49,-27.86
2020-05-04,-0.44,26.47,38.15,-28.03
2020-05-05,-0.45,30.31,39.5,-28.6
2020-05-06,-0.42,30.21,41.11,-28.69
2020-05-07,-0.41,30.01,42.26,-29.69
2020-05-08,-0.42,32.61,41.67,-28.84
2020-05-11,-0.41,30.46,41.51,-30.77
2020-05-12,-0.39,29.52,40.3,-28.26
2020-05-13,-0.42,27.5,39.06,-27.72
2020-05-14,-0.45,26.01,40.63,-28.73
2020-05-15,-0.46,25.2,39.17,-26.43
2020-05-18,-0.42,27.46,41.22,-25.75
2020-05-19,-0.38,26.95,40.63,-24.14
2020-05-20,-0.4,24.56,42.51,-21.62
2020-05-21,-0.41,25.07,41.13,-21.45
2020-05-22,-0.4,25.61,41.61,-23.22
2020-05-25,-0.4,24.8,41.08,-23.43
2020-05-26,-0.35,26.95,41.79,-21.74
2020-05-27,-0.33,28.42,42.5,-21.69
2020-05-28,-0.34,27.69,42.51,-22.37
2020-05-29,-0.36,27.45,42.02,-22.33
2020-06-01,-0.32,31.86,44.7,-22.61
2020-06-02,-0.33,32.05,44.46,-23.05
2020-06-03,-0.29,34.0,43.57,-21.0
2020-06-04,-0.25,37.14,48.13,-22.21
2020-06-05,-0.2,39.73,50.17,-22.34
2020-06-08,-0.24,37.29,50.0,-23.52
2020-06-09,-0.26,35.82,46.5,-21.7
2020-06-10,-0.26,35.65,50.41,-19.77
2020-06-11,-0.34,30.76,46.65,-19.72
2020-06-12,-0.36,30.66,47.19,-20.43
2020-06-15,-0.37,29.2,47.03,-20.73
2020-06-16,-0.35,30.03,48.54,-20.51
2020-06-17,-0.36,29.29,47.37,-20.74
2020-06-18,-0.38,28.01,45.85,-19.93
2020-06-19,-0.39,28.15,45.59,-19.77
2020-06-22,-0.42,26.68,46.76,-21.3
2020-06-23,-0.39,27.18,46.96,-24.6
2020-06-24,-0.38,27.68,46.04,-23.66
2020-06-25,-0.43,25.72,46.64,-24.72
2020-06-26,-0.43,26.57,44.65,-23.5
2020-06-29,-0.42,27.28,47.05,-22.73
2020-06-30,-0.45,24.31,46.48,-22.86
2020-07-01,-0.36,29.38,48.0,-21.22
2020-07-02,-0.39,28.79,49.26,-22.35
2020-07-03,-0.4,28.17,49.31,-22.81
2020-07-06,-0.39,28.52,48.99,-22.5
2020-07-07,-0.4,27.7,47.16,-21.72
2020-07-08,-0.4,26.82,44.86,-20.91
2020-07-09,-0.42,25.42,45.62,-21.43
2020-07-10,-0.45,24.4,43.68,-21.02
2020-07-13,-0.39,27.48,44.94,-19.68
2020-07-14,-0.41,25.52,43.97,-19.69
2020-07-15,-0.39,27.79,43.33,-24.06
2020-07-16,-0.43,24.21,44.54,-22.38
2020-07-17,-0.43,24.79,44.94,-22.65
2020-07-20,-0.45,23.07,43.85,-22.25
2020-07-21,-0.43,24.02,46.45,-23.38
2020-07-22,-0.47,23.25,43.6,-22.73
2020-07-23,-0.46,22.37,42.8,-21.66
2020-07-24,-0.43,24.15,41.7,-19.98
2020-07-27,-0.46,22.22,42.97,-21.45
2020-07-28,-0.47,22.4,41.2,-21.6
2020-07-29,-0.48,21.51,42.78,-22.13
2020-07-30,-0.53,18.85,42.43,-22.74
2020-07-31,-0.49,21.63,43.68,-22.73
2020-08-03,-0.48,22.78,43.75,-22.41
2020-08-04,-0.53,18.78,42.43,-22.39
2020-08-05,-0.48,22.02,42.75,-21.31
2020-08-06,-0.52,18.9,44.45,-22.64
2020-08-07,-0.51,19.51,45.05,-22.65
2020-08-10,-0.51,20.31,43.29,-22.4
2020-08-11,-0.45,23.8,45.32,-22.1
2020-08-12,-0.44,24.79,44.97,-21.43
2020-08-13,-0.39,26.52,46.46,-20.69
2020-08-14,-0.4,26.64,45.1,-20.27
2020-08-17,-0.4,26.8,45.93,-21.39
2020-08-18,-0.42,25.36,45.76,-21.51
2020-08-19,-0.45,23.98,45.91,-22.04
2020-08-20,-0.49,20.9,44.63,-21.61
2020-08-21,-0.48,21.92,46.12,-22.17
2020-08-24,-0.48,21.04,44.87,-21.99
2020-08-25,-0.41,24.66,46.71,-21.23
2020-08-26,-0.39,26.27,46.86,-20.89
2020-08-27,-0.37,29.61,46.32,-26.48
2020-08-28,-0.39,28.64,49.92,-22.55
2020-08-31,-0.37,29.24,50.1,-22.57
2020-09-01,-0.37,29.91,50.1,-22.8
2020-09-02,-0.43,26.38,46.67,-25.13
2020-09-03,-0.46,24.19,44.37,-24.02
2020-09-04,-0.44,25.45,45.41,-24.31
2020-09-07,-0.43,25.91,45.06,-26.26
2020-09-08,-0.47,24.09,44.99,-25.04
2020-09-09,-0.44,25.26,45.11,-23.63
2020-09-10,-0.41,26.48,45.27,-22.62
2020-09-11,-0.44,25.12,47.28,-24.54
2020-09-14,-0.46,23.55,44.36,-23.46
2020-09-15,-0.45,23.63,44.8,-23.36
2020-09-16,-0.46,22.97,44.81,-23.46
2020-09-17,-0.47,22.14,43.71,-22.78
2020-09-18,-0.47,22.46,44.4,-23.47
2020-09-21,-0.5,21.42,43.61,-23.75
2020-09-22,-0.48,22.31,45.03,-23.83
2020-09-23,-0.48,22.57,44.93,-23.74
2020-09-24,-0.49,22.34,44.18,-23.04
2020-09-25,-0.5,21.04,43.34,-22.4
2020-09-28,-0.5,19.6,44.11,-22.89
2020-09-29,-0.5,18.9,42.38,-24.81
2020-09-30,-0.5,19.68,41.77,-24.04
2020-10-01,-0.49,20.34,41.98,-23.63
2020-10-02,-0.51,20.01,42.61,-24.33
2020-10-05,-0.49,21.79,42.88,-23.76
2020-10-06,-0.49,21.79,42.48,-23.49
2020-10-07,-0.47,23.56,43.37,-23.2
2020-10-08,-0.49,21.97,42.82,-22.84
2020-10-09,-0.52,21.46,42.26,-23.24
2020-10-12,-0.52,21.25,42.55,-23.4
2020-10-13,-0.53,21.36,42.09,-22.84
2020-10-14,-0.55,19.77,42.13,-23.2
2020-10-15,-0.59,18.0,40.64,-22.47
2020-10-16,-0.59,18.74,44.48,-24.51
2020-10-19,-0.58,19.88,41.63,-24.02
2020-10-20,-0.58,20.22,41.04,-23.41
2020-10-21,-0.56,21.39,42.14,-23.48
2020-10-22,-0.55,22.63,41.69,-22.54
2020-10-23,-0.53,22.55,41.67,-21.85
2020-10-26,-0.54,21.27,41.9,-20.54
2020-10-27,-0.58,18.68,42.55,-21.09
2020-10-28,-0.6,19.22,41.18,-20.9
2020-10-29,-0.6,20.2,42.11,-21.97
2020-10-30,-0.6,19.73,40.84,-21.27
2020-11-02,-0.61,19.98,41.03,-21.28
2020-11-03,-0.6,20.13,40.65,-21.09
2020-11-04,-0.62,18.71,40.32,-21.02
2020-11-05,-0.6,19.36,41.14,-20.61
2020-11-06,-0.59,20.01,41.57,-20.76
2020-11-09,-0.51,24.12,43.01,-22.95
2020-11-10,-0.46,27.38,42.58,-21.05
2020-11-11,-0.49,24.54,43.25,-19.91
2020-11-12,-0.51,22.98,42.03,-19.48
2020-11-13,-0.53,22.04,42.13,-19.91
2020-11-16,-0.53,21.67,41.08,-20.09
2020-11-17,-0.54,19.82,40.54,-19.6
2020-11-18,-0.54,20.49,40.75,-19.52
2020-11-19,-0.55,19.1,39.51,-19.68
2020-11-20,-0.56,19.47,40.61,-19.93
2020-11-23,-0.56,20.71,41.53,-20.3
2020-11-24,-0.56,20.81,41.63,-20.18
2020-11-25,-0.55,21.09,40.67,-21.55
2020-11-26,-0.56,20.48,39.52,-20.57
2020-11-27,-0.56,20.43,39.53,-20.58
2020-11-30,-0.55,20.25,39.59,-20.21
2020-12-01,-0.52,22.14,37.05,-19.0
2020-12-02,-0.49,24.29,40.9,-18.33
2020-12-03,-0.53,22.03,41.37,-19.13
2020-12-04,-0.53,22.75,41.88,-19.34
2020-12-07,-0.56,21.56,41.78,-19.67
2020-12-08,-0.59,20.0,41.39,-19.9
2020-12-09,-0.58,21.29,41.92,-19.65
2020-12-10,-0.58,20.53,41.31,-19.42
2020-12-11,-0.61,19.09,41.39,-19.94
2020-12-14,-0.59,19.7,40.83,-18.7
2020-12-15,-0.6,19.04,40.37,-18.54
2020-12-16,-0.55,21.32,40.53,-17.2
2020-12-17,-0.57,19.65,40.64,-17.15
2020-12-18,-0.56,19.57,40.15,-17.0
2020-12-21,-0.58,19.19,40.63,-17.37
2020-12-22,-0.57,19.15,39.46,-16.67
2020-12-23,-0.53,21.27,39.55,-15.74
2020-12-28,-0.54,22.15,42.54,-10.16
2020-12-29,-0.56,20.63,41.07,-12.01
2020-12-30,-0.57,19.68,44.22,-11.1
2021-01-04,-0.57,17.02,41.61,-17.67
2021-01-05,-0.58,17.06,41.55,-17.66
2021-01-06,-0.54,19.47,41.81,-17.53
2021-01-07,-0.54,20.0,42.17,-17.67
2021-01-08,-0.54,20.1,41.92,-17.32
2021-01-11,-0.52,21.75,42.88,-18.11
2021-01-12,-0.49,23.22,42.89,-17.8
2021-01-13,-0.53,20.48,42.69,-17.41
2021-01-14,-0.56,18.93,41.89,-18.75
2021-01-15,-0.54,20.08,42.78,-19.49
2021-01-18,-0.53,20.68,43.59,-18.81
2021-01-19,-0.52,21.31,43.66,-18.65
2021-01-20,-0.54,19.96,43.51,-18.45
2021-01-21,-0.5,22.58,43.74,-18.2
2021-01-22,-0.52,21.72,44.45,-19.13
2021-01-25,-0.55,19.57,43.05,-19.61
2021-01-26,-0.54,20.78,43.76,-19.97
2021-01-27,-0.56,20.15,44.8,-20.1
2021-01-28,-0.54,21.89,45.44,-20.64
2021-01-29,-0.51,24.09,46.17,-20.82
2021-02-01,-0.51,23.3,46.79,-20.0
2021-02-02,-0.49,24.98,46.7,-19.53
2021-02-03,-0.47,26.36,47.6,-20.22
2021-02-04,-0.45,27.29,48.88,-19.64
2021-02-05,-0.45,27.11,48.71,-20.72
2021-02-08,-0.42,30.31,49.15,-20.55
2021-02-09,-0.44,28.31,48.92,-20.42
2021-02-10,-0.45,28.07,49.37,-20.78
2021-02-11,-0.46,28.36,49.62,-22.23
2021-02-12,-0.42,31.08,51.31,-21.67
2021-02-15,-0.37,34.1,51.5,-21.32
2021-02-16,-0.35,36.56,50.24,-22.16
2021-02-17,-0.35,36.05,51.01,-22.17
2021-02-18,-0.32,38.12,50.66,-21.48
2021-02-19,-0.3,39.84,51.45,-22.11
2021-02-22,-0.33,37.66,52.1,-22.38
2021-02-23,-0.28,41.69,50.42,-22.4
2021-02-24,-0.26,43.44,49.41,-22.13
2021-02-25,-0.23,44.13,47.98,-20.33
2021-02-26,-0.25,42.09,43.82,-19.46
2021-03-01,-0.32,38.17,47.33,-21.99
2021-03-02,-0.31,39.52,48.48,-22.85
2021-03-03,-0.29,40.71,51.09,-23.14
2021-03-04,-0.31,39.88,52.52,-22.6
2021-03-05,-0.28,41.62,50.85,-22.71
2021-03-08,-0.28,41.95,49.86,-22.67
2021-03-09,-0.3,39.89,49.47,-22.52
2021-03-10,-0.3,39.47,48.9,-22.07
2021-03-11,-0.32,38.17,49.76,-22.94
2021-03-12,-0.28,41.66,51.12,-23.47
2021-03-15,-0.3,41.55,52.64,-24.91
2021-03-16,-0.33,39.29,52.56,-24.57
2021-03-17,-0.28,43.01,53.68,-25.0
2021-03-18,-0.25,45.97,54.51,-25.16
2021-03-19,-0.27,44.5,57.01,-25.73
2021-03-22,-0.29,43.96,57.4,-26.26
2021-03-23,-0.32,41.32,57.26,-26.48
2021-03-24,-0.33,41.07,55.89,-26.31
2021-03-25,-0.36,38.8,55.08,-25.59
2021-03-26,-0.33,41.37,55.83,-25.86
2021-03-29,-0.31,43.29,56.34,-26.0
2021-03-30,-0.26,45.21,55.12,-24.8
2021-03-31,-0.28,44.32,54.04,-23.78
2021-04-01,-0.3,43.03,55.34,-25.21
2021-04-06,-0.29,43.9,54.34,-25.11
2021-04-07,-0.3,43.55,54.63,-25.17
2021-04-08,-0.33,41.63,55.43,-24.84
2021-04-09,-0.27,45.38,53.4,-24.51
2021-04-12,-0.27,45.7,53.83,-24.96
2021-04-13,-0.27,45.45,53.79,-25.01
2021-04-14,-0.26,46.41,53.46,-24.37
2021-04-15,-0.25,47.21,53.55,-24.14
2021-04-16,-0.23,49.32,52.18,-24.97
2021-04-19,-0.2,50.51,51.45,-24.01
2021-04-20,-0.22,49.23,52.01,-24.82
2021-04-21,-0.25,46.58,51.96,-24.8
2021-04-22,-0.25,46.67,51.31,-23.97
2021-04-23,-0.24,48.11,51.83,-23.99
2021-04-26,-0.24,47.46,52.2,-24.6
2021-04-27,-0.23,48.92,51.15,-24.42
2021-04-28,-0.21,50.2,50.91,-23.76
2021-04-29,-0.16,53.79,51.88,-24.18
2021-04-30,-0.18,52.47,52.46,-25.09
2021-05-03,-0.18,52.71,52.38,-25.25
2021-05-04,-0.22,49.68,53.03,-25.89
2021-05-05,-0.2,51.28,52.77,-26.25
2021-05-06,-0.2,52.08,53.14,-26.25
2021-05-07,-0.19,51.77,52.84,-26.04
2021-05-10,-0.18,53.06,53.47,-26.38
2021-05-11,-0.13,56.3,53.09,-25.45
2021-05-12,-0.09,58.9,52.84,-24.82
2021-05-13,-0.08,59.82,51.56,-23.64
2021-05-14,-0.1,57.99,50.81,-23.4
2021-05-17,-0.07,59.81,51.28,-23.65
2021-05-18,-0.08,59.7,52.33,-23.66
2021-05-19,-0.07,60.92,51.03,-24.55
2021-05-20,-0.07,59.84,50.55,-23.3
2021-05-21,-0.1,57.95,51.4,-24.19
2021-05-24,-0.1,58.37,51.64,-24.37
2021-05-25,-0.14,55.46,52.47,-24.96
2021-05-26,-0.18,52.37,52.68,-25.03
2021-05-27,-0.15,54.68,52.63,-24.47
2021-05-28,-0.15,54.43,53.51,-25.33
2021-05-31,-0.15,54.72,52.64,-24.51
2021-06-01,-0.15,54.36,52.73,-24.44
2021-06-02,-0.17,53.63,53.12,-24.81
2021-06-03,-0.16,54.41,53.01,-24.74
2021-06-04,-0.19,52.62,53.1,-24.91
2021-06-07,-0.16,54.9,50.9,-25.8
2021-06-08,-0.19,51.52,51.03,-24.57
2021-06-09,-0.23,49.31,52.56,-24.61
2021-06-10,-0.21,50.93,52.95,-25.08
2021-06-11,-0.25,47.09,55.31,-24.37
2021-06-14,-0.22,49.57,52.25,-24.55
2021-06-15,-0.21,50.31,52.01,-24.17
2021-06-16,-0.21,50.47,52.13,-24.41
2021-06-17,-0.19,51.76,49.11,-23.36
2021-06-18,-0.2,50.1,46.14,-22.17
2021-06-21,-0.18,51.31,45.82,-21.56
2021-06-22,-0.16,52.68,48.77,-22.09
2021-06-23,-0.19,50.87,49.14,-22.28
2021-06-24,-0.19,50.92,49.13,-22.26
2021-06-25,-0.17,51.89,50.84,-21.37
2021-06-28,-0.18,51.52,49.64,-22.12
2021-06-29,-0.17,52.25,49.76,-21.97
2021-06-30,-0.2,49.43,49.79,-21.88
2021-07-01,-0.21,49.3,50.43,-22.47
2021-07-02,-0.24,47.46,51.03,-22.94
2021-07-05,-0.22,48.52,50.24,-22.1
2021-07-06,-0.26,45.41,51.39,-23.01
2021-07-07,-0.31,41.51,48.36,-21.93
2021-07-08,-0.33,40.44,48.3,-21.93
2021-07-09,-0.3,42.39,51.53,-22.2
2021-07-12,-0.3,41.6,51.78,-22.66
2021-07-13,-0.32,39.86,58.1,-21.8
2021-07-14,-0.32,40.42,52.07,-22.28
2021-07-15,-0.34,39.02,51.38,-22.02
2021-07-16,-0.35,38.56,48.29,-22.18
2021-07-19,-0.39,34.88,47.63,-21.58
2021-07-20,-0.43,33.88,49.05,-23.09
2021-07-21,-0.4,36.44,48.13,-23.06
2021-07-22,-0.41,36.32,49.95,-23.23
2021-07-23,-0.42,35.87,49.39,-22.85
2021-07-26,-0.4,37.26,48.92,-23.95
2021-07-27,-0.44,35.49,47.93,-24.13
2021-07-28,-0.43,36.86,48.11,-25.77
2021-07-29,-0.43,36.81,47.88,-25.43
2021-07-30,-0.44,36.36,47.35,-25.2
2021-08-02,-0.46,34.76,48.39,-25.98
2021-08-03,-0.49,33.01,47.31,-26.19
2021-08-04,-0.51,31.66,47.37,-26.24
2021-08-05,-0.5,32.7,45.29,-25.7
2021-08-06,-0.46,34.76,44.7,-24.83
2021-08-09,-0.47,33.33,44.8,-24.58
2021-08-10,-0.47,32.82,43.49,-24.79
2021-08-11,-0.45,34.02,45.23,-23.23
2021-08-12,-0.45,34.37,44.96,-22.85
2021-08-13,-0.46,33.01,44.41,-22.11
2021-08-16,-0.48,30.66,45.74,-23.2
2021-08-17,-0.47,32.37,45.46,-22.38
2021-08-18,-0.48,31.86,46.98,-22.48
2021-08-19,-0.48,31.24,46.61,-22.01
2021-08-20,-0.49,30.89,46.63,-21.94
2021-08-23,-0.47,32.13,47.0,-22.84
2021-08-24,-0.47,32.0,46.5,-22.41
2021-08-25,-0.43,35.63,46.37,-22.98
2021-08-26,-0.4,37.77,45.93,-22.14
2021-08-27,-0.4,37.65,45.92,-22.31
2021-08-30,-0.42,35.93,46.23,-22.54
2021-08-31,-0.39,37.24,46.83,-21.1
2021-09-01,-0.37,39.04,48.18,-22.18
2021-09-02,-0.38,38.63,50.17,-22.37
2021-09-03,-0.35,41.03,50.02,-22.87
2021-09-06,-0.36,40.33,49.05,-21.86
2021-09-07,-0.31,43.59,49.3,-21.47
2021-09-08,-0.31,42.92,46.79,-21.33
2021-09-09,-0.34,41.92,48.09,-22.02
2021-09-10,-0.33,42.0,47.58,-21.57
2021-09-13,-0.33,42.74,47.82,-21.67
2021-09-14,-0.32,43.31,48.01,-21.68
2021-09-15,-0.31,44.1,48.88,-21.01
2021-09-16,-0.28,46.29,48.13,-22.55
2021-09-17,-0.27,47.32,47.92,-22.27
2021-09-20,-0.3,45.93,46.6,-22.88
2021-09-21,-0.32,43.92,46.7,-22.81
2021-09-22,-0.31,44.66,46.49,-22.42
2021-09-23,-0.26,47.99,44.65,-20.13
2021-09-24,-0.2,51.99,45.52,-20.98
2021-09-27,-0.2,51.87,44.26,-19.78
2021-09-28,-0.16,55.02,42.85,-19.09
2021-09-29,-0.21,51.83,43.39,-19.94
2021-09-30,-0.17,55.04,43.15,-19.11
2021-10-01,-0.21,52.63,44.75,-20.43
2021-10-04,-0.18,55.13,45.29,-20.68
2021-10-05,-0.18,55.81,43.98,-21.48
2021-10-06,-0.17,56.01,42.62,-20.84
2021-10-07,-0.17,57.15,43.94,-21.52
2021-10-08,-0.14,59.24,42.64,-21.06
2021-10-11,-0.1,61.09,41.75,-20.23
2021-10-12,-0.08,61.6,42.43,-19.05
2021-10-13,-0.11,58.44,38.41,-17.37
2021-10-14,-0.16,55.43,38.76,-17.94
2021-10-15,-0.14,56.4,37.54,-17.04
2021-10-18,-0.13,54.77,30.73,-14.48
2021-10-19,-0.08,56.53,31.51,-11.8
2021-10-20,-0.1,57.71,33.62,-15.68
2021-10-21,-0.07,59.64,29.4,-13.42
2021-10-22,-0.08,57.78,26.93,-11.7
2021-10-25,-0.1,57.8,29.68,-13.22
2021-10-26,-0.11,56.88,29.87,-12.79
2021-10-27,-0.16,52.19,28.54,-11.55
2021-10-28,-0.14,51.61,25.56,-8.67
2021-10-29,-0.07,55.12,16.94,-5.01
2021-11-01,-0.09,54.12,20.06,-6.16
2021-11-02,-0.15,54.71,26.17,-10.73
2021-11-03,-0.15,53.77,26.3,-9.79
2021-11-04,-0.21,54.64,33.4,-14.14
2021-11-05,-0.27,50.24,31.48,-13.97
2021-11-08,-0.25,51.9,32.34,-15.68
2021-11-09,-0.28,50.13,28.32,-12.54
2021-11-10,-0.26,51.65,26.23,-9.94
2021-11-11,-0.22,54.24,24.17,-8.84
2021-11-12,-0.24,55.05,27.69,-9.87
2021-11-15,-0.24,54.29,25.82,-9.52
2021-11-16,-0.23,57.05,30.65,-9.83
2021-11-17,-0.23,56.39,29.6,-9.85
2021-11-18,-0.25,55.52,28.01,-8.47
2021-11-19,-0.32,51.47,30.34,-10.57
2021-11-22,-0.31,51.39,31.04,-10.62
2021-11-23,-0.23,57.65,29.45,-8.73
2021-11-24,-0.2,61.12,35.15,-9.64
2021-11-25,-0.24,55.35,35.12,-8.79
2021-11-26,-0.32,50.36,34.94,-11.02
2021-11-29,-0.29,51.16,33.84,-11.03
2021-11-30,-0.35,46.53,31.71,-10.89
2021-12-01,-0.32,44.88,28.14,-6.84
2021-12-02,-0.37,42.99,30.46,-8.52
2021-12-03,-0.35,42.43,29.37,-8.14
2021-12-06,-0.38,40.37,28.67,-10.0
2021-12-07,-0.36,39.17,26.77,-8.33
2021-12-08,-0.32,41.43,26.57,-6.43
2021-12-09,-0.35,40.09,29.1,-10.24
2021-12-10,-0.34,39.82,28.87,-10.37
2021-12-13,-0.36,37.07,29.93,-12.33
2021-12-15,-0.34,37.5,29.82,-12.0
2021-12-16,-0.33,39.54,32.24,-13.05
2021-12-17,-0.36,38.81,31.55,-12.86
2021-12-20,-0.35,40.09,33.37,-13.95
2021-12-21,-0.3,43.75,35.63,-13.51
2021-12-22,-0.27,44.94,32.88,-10.17
2021-12-23,-0.24,46.57,34.41,-10.83
2021-12-24,-0.24,46.92,34.36,-10.63
2021-12-27,-0.23,46.41,33.19,-10.09
2021-12-28,-0.23,46.1,33.24,-10.22
2021-12-29,-0.2,49.08,34.02,-9.54
2021-12-30,-0.19,48.88,33.15,-8.98
2021-12-31,-0.19,49.06,33.27,-8.97
2022-01-03,-0.12,53.28,35.49,-9.49
2022-01-04,-0.12,54.79,33.74,-8.73
2022-01-05,-0.11,54.02,34.46,-8.91
2022-01-06,-0.09,54.5,33.85,-7.88
2022-01-07,-0.07,55.35,32.59,-6.76
2022-01-10,-0.05,56.77,33.09,-6.43
2022-01-11,-0.04,56.48,32.41,-6.1
2022-01-12,-0.07,55.48,31.82,-6.35
2022-01-13,-0.09,53.12,29.32,-4.76
2022-01-14,-0.07,54.87,28.62,-3.87
2022-01-17,-0.04,56.21,28.83,-2.76
2022-01-18,-0.04,57.06,29.75,-2.85
2022-01-19,-0.01,59.25,30.43,-2.63
2022-01-20,-0.04,57.44,29.32,-2.25
2022-01-21,-0.08,56.19,28.03,-3.69
2022-01-24,-0.1,56.59,31.46,-5.75
2022-01-25,-0.09,58.28,31.98,-5.71
2022-01-26,-0.07,59.43,33.15,-4.85
2022-01-27,-0.05,58.35,29.56,-2.45
2022-01-28,-0.03,58.97,29.17,-1.95
2022-01-31,0.03,59.99,25.99,1.08
2022-02-01,0.04,60.94,25.26,2.48
2022-02-02,0.05,60.72,22.62,5.02
2022-02-03,0.13,59.91,16.57,13.7
2022-02-04,0.2,55.78,12.06,20.1
2022-02-07,0.25,59.78,13.35,20.5
2022-02-08,0.29,65.37,15.46,20.38
2022-02-09,0.25,66.27,16.88,17.95
2022-02-10,0.28,67.84,16.57,19.95
2022-02-11,0.29,66.85,16.0,20.39
2022-02-14,0.28,70.5,18.19,18.65
2022-02-15,0.35,74.92,19.77,18.97
2022-02-16,0.31,73.91,20.79,16.28
2022-02-17,0.28,74.01,21.63,14.8
2022-02-18,0.25,75.38,23.8,12.04
2022-02-21,0.24,74.34,23.09,12.46
2022-02-22,0.31,73.4,20.82,15.9
2022-02-23,0.3,70.43,18.3,18.41
2022-02-24,0.21,68.03,18.56,16.08
2022-02-25,0.26,70.81,20.17,15.2
2022-02-28,0.22,75.06,25.58,9.42
2022-03-01,0.03,72.92,30.08,0.99
2022-03-02,0.03,67.1,28.21,1.16
2022-03-03,0.1,67.73,26.74,3.94
2022-03-04,-0.03,69.6,25.93,-1.58
2022-03-07,0.03,70.58,14.78,-0.89
2022-03-08,0.16,76.7,17.28,1.09
2022-03-09,0.24,78.11,20.53,6.39
2022-03-10,0.29,74.49,21.36,15.79
2022-03-11,0.31,72.85,19.6,17.63
2022-03-14,0.38,76.73,20.65,18.71
2022-03-15,0.37,81.11,24.12,15.55
2022-03-16,0.41,82.94,23.5,17.92
2022-03-17,0.42,80.92,20.6,21.98
2022-03-18,0.4,80.67,20.92,21.12
2022-03-21,0.47,83.96,22.02,21.49
2022-03-22,0.54,83.17,19.09,27.25
2022-03-23,0.52,82.52,19.08,26.7
2022-03-24,0.54,80.89,17.57,28.95
2022-03-25,0.6,80.6,16.57,31.3
2022-03-28,0.6,75.34,14.36,32.36
2022-03-29,0.63,72.19,13.7,31.17
2022-03-30,0.73,72.36,12.61,34.39
2022-03-31,0.62,70.39,12.98,31.5
2022-04-01,0.64,71.14,13.18,31.65
2022-04-04,0.56,68.45,12.92,29.75
2022-04-05,0.63,72.08,13.65,31.22
2022-04-06,0.71,76.45,14.42,33.27
2022-04-07,0.74,76.58,14.36,33.58
2022-04-08,0.74,74.22,13.56,33.57
2022-04-11,0.85,75.76,13.42,35.46
2022-04-12,0.83,78.69,14.44,35.42
2022-04-13,0.82,78.72,14.87,34.21
2022-04-14,0.87,87.58,17.23,36.12
2022-04-19,0.98,94.8,18.86,38.52
2022-04-20,0.89,87.06,17.06,36.09
2022-04-21,0.92,80.98,15.02,35.98
2022-04-22,0.98,74.99,13.15,35.56
2022-04-25,0.9,76.99,14.24,34.32
2022-04-26,0.87,75.61,13.98,33.71
2022-04-27,0.85,79.1,15.33,33.26
2022-04-28,0.94,79.88,14.9,35.25
2022-04-29,0.94,72.59,13.04,33.48
2022-05-02,1.01,82.82,15.71,35.81
2022-05-03,0.96,77.17,14.26,34.44
2022-05-04,1.03,78.06,14.1,35.79
2022-05-05,1.04,81.0,14.92,36.28
2022-05-06,1.13,82.44,14.96,37.6
2022-05-09,1.15,93.13,18.48,37.98
2022-05-10,1.06,90.99,18.55,35.76
2022-05-11,1.08,95.11,20.18,35.33
2022-05-12,0.93,91.25,22.0,27.67
2022-05-13,1.0,89.95,20.29,30.46
2022-05-16,1.0,90.63,21.08,29.22
2022-05-17,1.09,85.69,16.9,35.25
2022-05-18,1.09,78.62,14.5,35.17
2022-05-19,0.99,75.85,14.29,33.07
2022-05-20,1.03,83.06,16.81,33.01
2022-05-23,1.05,82.49,16.68,32.83
2022-05-24,1.07,82.44,16.28,33.84
2022-05-25,1.04,85.86,18.59,30.99
2022-05-26,1.07,93.65,24.17,25.45
2022-05-27,1.05,88.15,22.75,24.09
2022-05-30,1.16,88.29,18.64,33.08
2022-05-31,1.22,86.18,16.89,35.75
2022-06-01,1.23,90.57,19.42,33.16
2022-06-02,1.32,85.62,16.07,37.49
2022-06-03,1.35,85.79,15.96,37.99
2022-06-06,1.38,84.98,15.83,37.57
2022-06-07,1.37,85.03,15.88,37.46
2022-06-08,1.43,82.67,14.83,38.21
2022-06-09,1.49,73.52,12.65,35.56
2022-06-10,1.53,65.47,11.02,32.41
2022-06-13,1.66,60.6,10.14,30.18
2022-06-14,1.75,64.07,10.73,31.87
2022-06-15,1.71,64.1,10.75,31.85
2022-06-16,1.86,71.28,12.17,34.78
2022-06-17,1.78,70.7,23.64,23.49
2022-06-20,1.8,69.84,27.05,18.55
2022-06-21,1.83,74.91,25.44,23.43
2022-06-22,1.69,71.14,27.89,20.61
2022-06-23,1.49,70.6,40.5,4.65
2022-06-24,1.58,74.52,35.56,7.46
2022-06-27,1.6,75.16,31.45,12.31
2022-06-28,1.73,80.58,27.78,16.22
2022-06-29,1.66,75.77,31.22,9.23
2022-06-30,1.5,85.55,30.58,6.97
2022-07-01,1.4,90.06,35.82,0.68
2022-07-04,1.45,84.03,36.32,0.64
2022-07-05,1.34,89.85,34.21,2.21
2022-07-06,1.25,89.51,40.3,-3.48
2022-07-07,1.36,87.1,38.41,-0.46
2022-07-08,1.37,90.16,36.43,4.04
2022-07-11,1.33,92.24,38.51,-0.06
2022-07-12,1.19,89.45,37.13,1.43
2022-07-13,1.26,87.8,34.93,2.64
2022-07-14,1.26,76.13,29.95,3.0
2022-07-15,1.22,77.48,33.51,1.25
2022-07-18,1.29,80.23,34.26,5.11
2022-07-19,1.32,74.68,30.73,6.03
2022-07-20,1.3,76.11,30.86,9.65
2022-07-21,1.35,77.18,29.49,10.35
2022-07-22,1.1,71.26,34.02,4.86
2022-07-25,1.16,73.53,34.96,0.22
2022-07-26,1.01,70.07,38.28,-3.31
2022-07-27,1.02,67.08,37.46,-3.86
2022-07-28,0.9,66.76,39.55,-11.78
2022-07-29,0.93,67.41,36.8,-8.02
2022-08-01,0.85,64.38,37.27,-9.54
2022-08-02,0.83,59.83,35.17,-14.19
2022-08-03,0.93,57.98,30.18,-8.29
2022-08-04,0.88,56.52,33.58,-13.25
2022-08-05,0.97,53.5,33.75,-9.7
2022-08-08,0.94,54.9,33.88,-10.83
2022-08-09,1.01,55.15,34.56,-9.55
2022-08-10,0.94,53.91,33.87,-10.86
2022-08-11,1.01,57.61,35.22,-11.76
2022-08-12,1.04,58.92,37.7,-11.87
2022-08-15,0.98,53.96,35.34,-5.68
2022-08-16,1.06,58.25,38.3,-10.63
2022-08-17,1.14,50.12,35.04,-9.71
2022-08-18,1.16,49.11,31.86,-8.43
2022-08-19,1.29,56.2,26.29,-6.56
2022-08-22,1.34,53.91,26.18,-3.86
2022-08-23,1.41,58.91,24.12,0.12
2022-08-24,1.44,59.75,23.16,1.37
2022-08-25,1.42,64.98,25.19,-1.0
2022-08-26,1.52,63.48,26.59,-2.52
2022-08-29,1.61,63.7,24.3,2.9
2022-08-30,1.53,54.18,20.52,7.04
2022-08-31,1.57,49.58,18.68,8.27
2022-09-01,1.64,56.6,24.07,5.45
2022-09-02,1.54,56.57,27.98,1.8
2022-09-05,1.63,62.3,25.21,7.65
2022-09-06,1.68,68.04,32.03,-0.14
2022-09-07,1.62,73.29,19.21,17.38
2022-09-08,1.67,66.14,18.77,12.4
2022-09-09,1.75,55.36,18.2,6.2
2022-09-12,1.71,50.72,19.26,1.64
2022-09-13,1.78,48.99,16.13,6.28
2022-09-14,1.79,48.59,13.27,10.8
2022-09-15,1.77,39.06,11.48,7.73
2022-09-16,1.82,36.8,7.75,13.71
2022-09-19,1.84,38.38,10.07,8.61
2022-09-20,1.98,37.03,9.79,8.26
2022-09-21,1.91,29.29,7.46,7.25
2022-09-22,1.99,24.47,6.04,6.58
2022-09-23,2.02,20.04,3.99,8.11
2022-09-26,2.09,22.37,4.41,9.17
2022-09-27,2.18,29.62,6.93,9.07
2022-09-28,2.2,41.69,10.74,10.09
2022-09-29,2.25,45.57,11.22,12.45
2022-09-30,2.13,46.86,12.32,10.52
2022-10-03,2.04,44.25,13.65,4.58
2022-10-04,1.94,44.75,14.54,2.86
2022-10-05,2.04,47.95,14.99,4.38
2022-10-06,2.15,44.6,-0.86,-6.07
2022-10-07,2.28,48.28,-5.58,-6.81
2022-10-10,2.31,54.31,-2.41,-7.5
2022-10-11,2.45,60.92,-4.15,-8.95
2022-10-12,2.5,68.69,0.53,-13.05
2022-10-13,2.45,58.54,2.23,-13.26
2022-10-14,2.39,55.87,3.87,-18.48
2022-10-17,2.38,52.46,0.36,-19.64
2022-10-18,2.36,46.12,2.44,-18.73
2022-10-19,2.44,40.53,-2.55,-15.28
2022-10-20,2.51,41.18,-1.61,-17.53
2022-10-21,2.55,48.68,-0.55,-18.08
2022-10-24,2.42,42.76,1.37,-19.58
2022-10-25,2.29,34.51,0.74,-18.64
2022-10-26,2.27,32.69,-1.24,-21.11
2022-10-27,2.16,30.04,2.99,-25.29
2022-10-28,2.18,31.49,-1.12,-22.47
2022-10-31,2.24,31.88,-3.34,-19.85
2022-11-01,2.25,36.67,-1.94,-21.37
2022-11-02,2.23,33.68,-7.83,-18.3
2022-11-03,2.34,37.6,-13.04,-13.56
2022-11-04,2.37,33.82,-14.53,-15.11
2022-11-07,2.43,32.3,-13.13,-16.2
2022-11-08,2.39,25.93,-12.19,-14.08
2022-11-09,2.39,25.93,-12.19,-14.08
2022-11-10,2.15,17.36,-6.32,-4.6
2022-11-11,2.24,13.05,-5.24,-22.59
2022-11-14,2.21,12.16,-4.28,-24.08
2022-11-15,2.19,8.71,-5.05,-22.31
2022-11-16,2.1,1.66,-5.02,-21.08
2022-11-17,2.14,7.48,-8.72,-21.6
2022-11-18,2.11,9.27,-7.05,-19.3
2022-11-21,2.06,5.62,-6.23,-18.84
2022-11-22,2.08,3.09,-6.86,-17.9
2022-11-23,2.01,-5.31,-7.27,-13.06
2022-11-24,1.92,-8.96,-6.4,-16.49
2022-11-25,2.03,-6.23,-11.56,-17.95
2022-11-28,2.06,-1.8,-12.75,-15.36
2022-11-29,1.99,-0.71,-11.33,-13.18
2022-11-30,1.99,-4.39,-13.11,-11.34
2022-12-01,1.88,-4.04,-9.76,-13.95
2022-12-02,1.9,-5.28,-14.33,-13.16
2022-12-05,1.92,-7.38,-18.77,-13.28
2022-12-06,1.86,-8.02,-17.63,-14.06
2022-12-07,1.85,-5.59,-17.44,-15.55
2022-12-08,1.88,-4.98,-19.27,-15.75
2022-12-09,1.98,-5.47,-25.46,-15.69
2022-12-12,1.95,-8.65,-25.4,-14.45
2022-12-13,1.93,-4.19,-22.59,-14.79
2022-12-14,2.01,2.17,-21.7,-13.65
2022-12-15,2.08,-7.21,-15.22,-27.69
2022-12-16,2.24,-11.15,-31.59,-16.86
2022-12-19,2.28,-4.23,-26.26,-17.59
2022-12-20,2.36,-2.31,-21.53,-16.44
2022-12-21,2.36,-2.2,-22.91,-14.94
2022-12-22,2.44,-0.76,-25.62,-14.11
2022-12-23,2.46,-2.36,-25.17,-12.32
2022-12-27,2.5,0.9,-18.47,-13.14
2022-12-28,2.52,2.59,-15.63,-15.43
2022-12-29,2.53,1.57,-15.6,-19.18
2022-12-30,2.56,-1.0,-13.09,-21.88
2023-01-02,2.52,-6.47,-18.66,-21.43
2023-01-03,2.44,-10.81,-19.69,-22.68
2023-01-04,2.35,-12.86,-16.67,-25.61
2023-01-05,2.42,-12.26,-17.38,-23.07
2023-01-06,2.36,-15.53,-17.49,-26.08
2023-01-09,2.35,-11.88,-18.85,-21.48
2023-01-10,2.36,-15.73,-15.5,-22.18
2023-01-11,2.26,-22.71,-13.34,-24.73
2023-01-12,2.2,-23.16,-7.57,-22.69
2023-01-13,2.17,-24.74,-8.6,-22.82
2023-01-16,2.2,-23.5,-0.71,-27.39
2023-01-17,2.19,-23.11,-3.79,-25.95
2023-01-18,2.03,-25.17,-11.66,-18.42
2023-01-19,2.09,-28.6,-7.32,-26.12
2023-01-20,2.2,-24.56,-9.05,-27.02
2023-01-23,2.24,-20.91,-8.75,-25.95
2023-01-24,2.24,-22.99,-7.12,-25.3
2023-01-25,2.16,-22.03,-5.67,-26.01
2023-01-26,2.23,-20.35,-9.78,-22.85
2023-01-27,2.29,-17.82,-11.3,-23.56
2023-01-30,2.32,-22.19,-15.87,-22.07
2023-01-31,2.32,-18.54,-11.95,-25.0
2023-02-01,2.32,-20.25,-15.03,-21.94
2023-02-02,2.2,-20.67,-12.1,-21.68
2023-02-03,2.22,-19.09,-9.38,-21.86
2023-02-06,2.32,-14.71,-7.68,-22.81
2023-02-07,2.34,-15.81,-4.92,-19.25
2023-02-08,2.39,-20.39,-3.1,-22.49
2023-02-09,2.32,-22.67,-3.79,-24.15
2023-02-10,2.4,-22.84,-10.24,-26.11
2023-02-13,2.41,-26.87,-12.46,-25.75
2023-02-14,2.46,-28.81,-13.61,-25.9
2023-02-15,2.5,-24.54,-15.25,-23.49
2023-02-16,2.58,-20.6,-14.33,-21.65
2023-02-17,2.51,-24.26,-12.76,-24.06
2023-02-20,2.49,-26.86,-13.56,-24.65
2023-02-21,2.59,-25.54,-11.69,-19.23
2023-02-22,2.58,-24.47,-11.9,-21.68
2023-02-23,2.55,-26.61,-12.29,-23.69
2023-02-24,2.59,-34.6,-13.86,-22.31
2023-02-27,2.62,-33.54,-11.36,-24.54
2023-02-28,2.76,-32.25,-14.95,-23.92
2023-03-01,2.74,-36.39,-13.7,-25.09
2023-03-02,2.79,-30.39,-17.49,-26.04
2023-03-03,2.76,-36.17,-17.1,-27.4
2023-03-06,2.81,-40.72,-19.41,-25.46
2023-03-07,2.74,-42.59,-17.55,-30.08
2023-03-08,2.7,-49.26,-21.17,-27.0
2023-03-09,2.72,-44.85,-18.68,-27.17
2023-03-10,2.53,-41.38,-12.81,-25.82
2023-03-13,2.3,-28.52,-6.34,-29.36
2023-03-14,2.52,-33.43,-14.79,-29.71
2023-03-15,2.25,-16.43,-7.14,-22.27
2023-03-16,2.27,-20.18,-4.67,-24.81
2023-03-17,2.19,-17.54,-7.84,-22.97
2023-03-20,2.21,-6.64,-4.69,-26.16
2023-03-21,2.33,-12.25,-9.11,-25.5
2023-03-22,2.44,-20.03,-12.92,-27.2
2023-03-23,2.32,-16.45,-4.1,-31.09
2023-03-24,2.2,-10.0,-2.38,-30.91
2023-03-27,2.35,-12.9,-3.27,-31.51
2023-03-28,2.35,-13.48,-2.02,-31.07
2023-03-29,2.4,-14.61,-3.01,-30.5
2023-03-30,2.45,-21.68,-4.56,-32.53
2023-03-31,2.41,-21.25,-4.73,-31.61
2023-04-03,2.39,-24.03,-7.17,-33.5
2023-04-04,2.42,-22.05,-6.67,-33.53
2023-04-05,2.3,-19.85,-1.85,-33.28
2023-04-06,2.25,-21.87,-1.4,-34.17
2023-04-11,2.38,-23.74,-4.57,-33.9
2023-04-12,2.44,-25.39,-1.77,-34.73
2023-04-13,2.44,-23.22,-5.53,-34.5
2023-04-14,2.47,-30.01,-4.32,-36.18
2023-04-17,2.55,-24.66,-2.58,-37.95
2023-04-18,2.55,-25.16,-8.57,-40.08
2023-04-19,2.59,-28.62,-11.57,-39.77
2023-04-20,2.57,-26.36,-11.38,-40.8
2023-04-21,2.58,-26.08,-10.5,-40.93
2023-04-24,2.59,-28.63,-10.31,-41.56
2023-04-25,2.51,-25.99,-8.34,-40.12
2023-04-26,2.46,-23.12,-4.75,-41.93
2023-04-27,2.53,-22.46,-4.71,-39.14
2023-04-28,2.44,-24.04,-4.07,-38.84
2023-05-02,2.45,-24.46,-5.99,-40.36
2023-05-03,2.34,-21.82,0.22,-41.08
2023-05-04,2.36,-19.67,2.73,-40.12
2023-05-05,2.38,-11.83,6.13,-39.61
2023-05-08,2.42,-14.38,4.42,-40.89
2023-05-09,2.42,-14.82,5.89,-41.5
2023-05-10,2.38,-12.95,7.05,-41.17
2023-05-11,2.31,-15.7,6.79,-41.84
2023-05-12,2.34,-17.16,7.25,-43.07
2023-05-15,2.4,-14.03,6.63,-43.24
2023-05-16,2.42,-14.01,8.94,-43.63
2023-05-17,2.43,-17.2,7.65,-43.21
2023-05-18,2.52,-16.22,9.42,-45.36
2023-05-19,2.57,-17.24,8.37,-42.58
2023-05-22,2.55,-17.32,3.16,-39.23
2023-05-23,2.56,-23.01,8.62,-35.1
2023-05-24,2.54,-21.1,1.68,-41.95
2023-05-25,2.59,-22.42,-1.87,-42.8
2023-05-26,2.62,-22.69,0.09,-41.56
2023-05-29,2.54,-29.39,-3.66,-41.01
2023-05-30,2.46,-31.72,5.59,-44.31
2023-05-31,2.38,-26.03,5.89,-45.78
2023-06-01,2.35,-26.93,6.78,-44.28
2023-06-02,2.4,-31.1,7.38,-46.94
2023-06-05,2.48,-33.07,5.03,-45.76
2023-06-06,2.47,-31.06,8.01,-49.82
2023-06-07,2.48,-33.73,4.44,-46.35
2023-06-08,2.5,-31.49,7.39,-46.68
2023-06-09,2.5,-35.43,3.38,-47.83
2023-06-12,2.47,-35.53,5.09,-47.12
2023-06-13,2.5,-38.04,3.45,-47.32
2023-06-14,2.55,-38.0,1.69,-45.15
2023-06-15,2.54,-44.49,-2.75,-44.65
2023-06-16,2.55,-49.4,-6.01,-45.78
2023-06-19,2.59,-45.95,-3.97,-42.47
2023-06-20,2.51,-55.26,-6.18,-44.34
2023-06-21,2.52,-57.07,-4.68,-48.58
2023-06-22,2.55,-58.12,-11.75,-47.58
2023-06-23,2.41,-61.28,-5.66,-49.71
2023-06-26,2.41,-61.15,-5.26,-50.29
2023-06-27,2.38,-64.3,-5.25,-50.03
2023-06-28,2.4,-64.08,-5.03,-47.91
2023-06-29,2.46,-63.67,-5.18,-49.74
2023-06-30,2.51,-61.23,-10.5,-47.57
2023-07-03,2.48,-64.39,-15.73,-46.54
2023-07-04,2.51,-62.81,-11.11,-44.99
2023-07-05,2.52,-58.47,-9.69,-44.65
2023-07-06,2.65,-58.08,-10.1,-43.79
2023-07-07,2.69,-48.83,-9.76,-41.52
2023-07-10,2.73,-45.41,-13.39,-41.88
2023-07-11,2.73,-47.42,-13.04,-43.06
2023-07-12,2.68,-51.14,-10.09,-40.86
2023-07-13,2.57,-52.47,-10.08,-41.26
2023-07-14,2.53,-55.81,-2.96,-46.59
2023-07-17,2.54,-57.65,-4.13,-47.84
2023-07-18,2.44,-56.01,-3.56,-49.13
2023-07-19,2.46,-55.35,-5.55,-50.78
2023-07-20,2.53,-57.79,-9.09,-47.77
2023-07-21,2.5,-56.46,-7.17,-50.85
2023-07-24,2.51,-50.76,-12.2,-47.39
2023-07-25,2.5,-53.08,-4.37,-49.59
2023-07-26,2.53,-57.07,-5.78,-48.15
2023-07-27,2.49,-52.01,-4.51,-47.63
2023-07-28,2.54,-48.99,0.72,-49.98
2023-07-31,2.54,-47.21,0.69,-48.96
2023-08-01,2.55,-49.23,7.23,-50.16
2023-08-02,2.57,-39.0,3.38,-48.73
2023-08-03,2.66,-27.31,-2.57,-47.23
2023-08-04,2.66,-33.61,-5.67,-44.41
2023-08-07,2.66,-29.08,-1.83,-46.85
2023-08-08,2.52,-35.33,0.06,-45.97
2023-08-09,2.57,-35.85,-0.0,-47.33
2023-08-10,2.58,-35.99,-1.17,-47.12
2023-08-11,2.69,-28.04,-4.34,-46.65
2023-08-14,2.69,-30.78,-1.2,-46.95
2023-08-15,2.75,-31.01,-5.39,-46.1
2023-08-16,2.73,-30.42,-4.81,-45.76
2023-08-17,2.76,-28.98,-3.75,-45.66
2023-08-18,2.72,-24.82,-9.34,-45.79
2023-08-21,2.75,-28.97,-0.35,-46.79
2023-08-22,2.73,-30.98,-3.1,-47.8
2023-08-23,2.6,-33.86,-0.82,-50.84
2023-08-24,2.6,-35.03,-3.68,-48.62
2023-08-25,2.62,-36.98,-1.86,-49.28
2023-08-28,2.63,-37.49,-1.73,-50.13
2023-08-29,2.64,-40.64,-2.3,-49.73
2023-08-30,2.61,-40.03,-1.03,-52.74
2023-08-31,2.57,-38.43,-2.13,-49.25
2023-09-01,2.63,-28.8,-2.93,-46.42
2023-09-04,2.64,-32.36,3.31,-47.34
2023-09-05,2.67,-30.75,4.92,-48.52
2023-09-06,2.68,-33.89,4.13,-48.09
2023-09-07,2.71,-34.1,-2.4,-44.31
2023-09-08,2.68,-34.5,-2.79,-43.79
2023-09-11,2.69,-33.5,3.93,-47.47
2023-09-12,2.7,-34.45,3.81,-47.89
2023-09-13,2.71,-37.27,0.71,-48.65
2023-09-14,2.68,-40.15,1.67,-50.09
2023-09-15,2.73,-40.6,5.4,-52.1
2023-09-18,2.79,-40.52,1.52,-49.31
2023-09-19,2.81,-40.81,0.03,-49.79
2023-09-20,2.77,-43.17,7.14,-49.09
2023-09-21,2.82,-38.71,3.09,-50.52
2023-09-22,2.82,-36.61,4.49,-52.59
2023-09-25,2.87,-33.29,5.21,-51.25
2023-09-26,2.87,-31.75,5.67,-50.63
2023-09-27,2.86,-31.36,6.69,-50.66
2023-09-28,3.03,-22.32,8.47,-46.63
2023-09-29,2.88,-28.09,9.84,-47.65
2023-10-02,2.93,-23.83,12.2,-47.49
2023-10-03,2.96,-20.08,17.48,-46.06
2023-10-04,2.99,-20.3,17.62,-46.0
2023-10-05,2.95,-17.15,18.0,-45.01
2023-10-06,2.96,-14.25,18.84,-42.95
2023-10-09,2.87,-17.83,21.42,-42.1
2023-10-10,2.86,-18.7,22.07,-42.69
2023-10-11,2.76,-30.52,17.44,-43.97
2023-10-12,2.79,-29.97,19.79,-46.41
2023-10-13,2.88,-16.92,-2.09,-42.83
2023-10-16,2.86,-22.69,13.61,-48.17
2023-10-17,2.94,-22.51,15.34,-51.11
2023-10-18,2.95,-21.77,15.56,-51.25
2023-10-19,3.0,-19.98,5.49,-46.06
2023-10-20,2.95,-16.7,14.59,-46.65
2023-10-23,2.98,-17.19,14.4,-46.34
2023-10-24,2.89,-20.18,16.86,-45.93
2023-10-25,2.92,-18.27,20.53,-46.5
2023-10-26,2.9,-15.39,22.75,-46.41
2023-10-27,2.9,-14.08,24.71,-46.31
2023-10-30,2.9,-12.78,24.54,-44.79
2023-10-31,2.82,-16.53,26.63,-44.85
2023-11-01,2.82,-15.66,28.02,-45.08
2023-11-02,2.75,-20.41,27.9,-45.92
2023-11-03,2.7,-25.28,28.73,-47.86
2023-11-06,2.77,-23.58,31.24,-49.08
2023-11-07,2.72,-29.5,29.12,-50.75
2023-11-08,2.68,-30.2,17.78,-50.44
2023-11-09,2.7,-29.98,19.05,-52.08
2023-11-10,2.76,-29.2,21.67,-55.57
2023-11-13,2.79,-28.32,21.71,-54.31
2023-11-14,2.68,-33.14,19.16,-53.75
2023-11-15,2.69,-28.96,20.63,-53.16
2023-11-16,2.63,-30.31,19.48,-52.33
2023-11-17,2.64,-28.4,21.19,-53.65
2023-11-20,2.66,-31.14,19.84,-53.3
2023-11-21,2.62,-33.81,19.12,-53.73
2023-11-22,2.59,-36.22,17.82,-53.65
2023-11-23,2.67,-32.84,18.26,-51.44
2023-11-24,2.69,-33.38,18.72,-52.17
2023-11-27,2.63,-34.6,17.83,-51.95
2023-11-28,2.59,-32.21,18.01,-50.49
2023-11-29,2.48,-30.92,21.81,-50.29
2023-11-30,2.53,-27.76,24.22,-51.02
2023-12-01,2.48,-22.2,25.75,-50.18
2023-12-04,2.39,-24.9,27.51,-53.61
2023-12-05,2.33,-30.35,24.45,-52.78
2023-12-06,2.28,-36.18,21.67,-50.87
2023-12-07,2.24,-37.56,26.04,-57.15
2023-12-08,2.35,-33.36,15.91,-53.82
2023-12-11,2.34,-34.36,11.95,-59.47
2023-12-12,2.31,-37.78,12.15,-59.62
2023-12-13,2.25,-41.51,13.33,-62.21
2023-12-14,2.21,-36.77,16.98,-65.99
2023-12-15,2.11,-45.19,15.37,-65.65
2023-12-18,2.16,-41.69,16.63,-66.89
2023-12-19,2.09,-44.37,16.05,-66.17
2023-12-20,2.05,-46.78,16.19,-67.24
2023-12-21,2.05,-43.18,16.93,-68.03
2023-12-22,2.02,-40.51,23.78,-72.31
2023-12-27,1.99,-43.66,22.7,-72.02
2023-12-28,2.0,-41.15,23.87,-74.27
2023-12-29,2.08,-35.55,26.67,-74.97
2024-01-02,2.12,-31.82,22.69,-71.41
2024-01-03,2.12,-32.5,23.44,-71.52
2024-01-04,2.21,-28.79,21.6,-68.06
2024-01-05,2.25,-33.06,19.64,-66.29
2024-01-08,2.23,-33.17,21.45,-68.05
2024-01-09,2.26,-30.29,19.0,-65.7
2024-01-10,2.27,-30.48,17.22,-63.74
2024-01-11,2.26,-30.64,18.02,-63.6
2024-01-12,2.23,-29.9,22.47,-67.47
2024-01-15,2.28,-27.34,21.22,-66.6
2024-01-16,2.26,-29.8,22.53,-68.13
2024-01-17,2.34,-32.67,18.89,-65.67
2024-01-18,2.36,-31.38,19.57,-64.87
2024-01-19,2.38,-27.55,15.46,-61.83
2024-01-22,2.34,-30.9,14.46,-63.42
2024-01-23,2.39,-28.35,15.32,-63.18
2024-01-24,2.38,-27.85,15.13,-63.28
2024-01-25,2.37,-22.62,15.49,-62.35
2024-01-26,2.39,-19.91,14.53,-62.27
2024-01-29,2.33,-20.54,15.98,-64.75
2024-01-30,2.33,-19.01,16.24,-63.13
2024-01-31,2.27,-20.79,17.13,-64.48
2024-02-01,2.25,-21.76,16.05,-63.49
2024-02-02,2.28,-29.13,16.22,-63.86
2024-02-05,2.38,-24.16,14.0,-60.61
2024-02-06,2.39,-24.33,15.26,-61.01
2024-02-07,2.37,-23.95,15.59,-61.27
2024-02-08,2.43,-24.32,13.44,-59.38
2024-02-09,2.46,-25.89,12.07,-57.55
2024-02-12,2.45,-26.33,12.4,-58.2
2024-02-13,2.46,-29.51,11.14,-57.19
2024-02-14,2.45,-33.7,12.47,-58.65
2024-02-15,2.39,-37.4,13.89,-59.41
2024-02-16,2.47,-36.27,9.83,-55.58
2024-02-19,2.47,-36.49,11.97,-56.46
2024-02-20,2.44,-35.45,11.09,-56.73
2024-02-21,2.47,-35.01,11.51,-55.45
2024-02-22,2.48,-39.06,7.82,-52.8
2024-02-23,2.44,-41.25,8.38,-53.59
2024-02-26,2.47,-43.57,9.29,-53.75
2024-02-27,2.49,-41.34,10.38,-53.93
2024-02-28,2.52,-39.46,9.3,-53.05
2024-02-29,2.48,-42.11,7.86,-52.81
2024-03-01,2.5,-39.63,9.78,-54.1
2024-03-04,2.43,-44.69,13.09,-55.49
2024-03-05,2.36,-48.88,12.68,-55.29
2024-03-06,2.36,-48.76,13.21,-55.88
2024-03-07,2.34,-51.27,14.09,-56.02
2024-03-08,2.3,-47.14,16.05,-59.07
2024-03-11,2.36,-44.48,13.85,-57.25
2024-03-12,2.38,-46.44,11.1,-56.27
2024-03-13,2.4,-43.51,9.18,-55.25
2024-03-14,2.49,-38.57,7.15,-53.73
2024-03-15,2.49,-40.98,6.8,-52.93
2024-03-18,2.51,-39.14,7.08,-52.69
2024-03-19,2.48,-39.53,11.18,-55.04
2024-03-20,2.49,-40.26,8.36,-53.52
2024-03-21,2.47,-39.22,11.81,-56.1
2024-03-22,2.38,-43.64,14.32,-57.36
2024-03-25,2.43,-41.76,9.95,-54.16
2024-03-26,2.4,-43.97,12.28,-55.08
2024-03-27,2.35,-44.29,12.04,-56.76
2024-03-28,2.36,-43.83,9.25,-56.03
2024-04-02,2.49,-33.06,10.11,-55.27
2024-04-03,2.48,-34.99,10.02,-55.71
2024-04-04,2.41,-39.08,10.41,-57.14
2024-04-05,2.44,-39.43,11.42,-56.91
2024-04-08,2.49,-35.3,6.59,-53.19
2024-04-09,2.43,-41.23,7.36,-54.74
2024-04-10,2.48,-40.64,-1.71,-55.9
2024-04-11,2.52,-37.84,-0.76,-55.74
2024-04-12,2.41,-40.23,1.71,-58.95
2024-04-15,2.5,-32.72,0.01,-54.88
2024-04-16,2.57,-29.25,0.28,-54.17
2024-04-17,2.54,-32.43,-0.52,-54.09
2024-04-18,2.56,-32.72,-0.58,-51.92
2024-04-19,2.58,-34.37,-0.98,-49.86
2024-04-22,2.57,-31.65,0.71,-51.93
2024-04-23,2.56,-31.85,-0.32,-50.55
2024-04-24,2.64,-29.04,0.63,-49.23
2024-04-25,2.7,-29.04,0.44,-47.79
2024-04-26,2.62,-32.82,0.61,-48.29
2024-04-29,2.59,-32.92,1.36,-49.34
2024-04-30,2.64,-35.99,0.21,-47.26
2024-05-02,2.62,-34.98,-0.75,-47.71
2024-05-03,2.55,-35.93,1.44,-48.85
2024-05-06,2.51,-39.58,5.73,-50.64
2024-05-07,2.48,-42.19,5.75,-50.76
2024-05-08,2.52,-39.96,3.79,-49.46
2024-05-09,2.55,-37.72,6.08,-49.68
2024-05-10,2.56,-38.35,3.91,-48.64
2024-05-13,2.55,-37.65,4.87,-49.1
2024-05-14,2.59,-35.26,3.32,-48.32
2024-05-15,2.5,-39.46,6.96,-51.12
2024-05-16,2.51,-39.0,5.02,-49.87
2024-05-17,2.57,-36.51,3.04,-48.08
2024-05-20,2.59,-34.0,1.71,-47.02
2024-05-21,2.56,-35.59,2.33,-47.43
2024-05-22,2.59,-35.97,1.84,-47.1
2024-05-23,2.64,-36.07,1.55,-42.19
2024-05-24,2.65,-38.07,1.28,-42.55
2024-05-27,2.6,-37.52,3.06,-43.76
2024-05-28,2.62,-34.77,1.81,-43.26
2024-05-29,2.72,-30.79,1.8,-43.16
2024-05-30,2.74,-27.95,1.17,-43.11
2024-05-31,2.7,-31.78,1.76,-43.59
2024-06-03,2.66,-31.65,1.8,-44.08
2024-06-04,2.6,-33.03,1.69,-44.14
2024-06-05,2.57,-36.8,2.82,-45.66
2024-06-06,2.62,-34.46,1.52,-42.43
2024-06-07,2.69,-33.63,-1.1,-40.57
2024-06-10,2.74,-28.06,-0.41,-41.34
2024-06-11,2.71,-25.59,3.84,-43.61
2024-06-12,2.6,-33.14,7.15,-45.45
2024-06-13,2.59,-31.32,7.14,-45.02
2024-06-14,2.41,-35.41,12.25,-49.44
2024-06-17,2.49,-30.41,7.39,-46.9
2024-06-18,2.48,-31.76,6.98,-46.88
2024-06-19,2.48,-33.53,8.13,-47.03
2024-06-20,2.51,-30.67,8.36,-44.67
2024-06-21,2.45,-31.73,13.25,-46.58
2024-06-24,2.48,-32.83,14.01,-46.53
2024-06-25,2.44,-35.54,17.34,-46.8
2024-06-26,2.49,-31.89,14.06,-45.51
2024-06-27,2.49,-32.01,14.51,-44.89
2024-06-28,2.5,-29.75,13.82,-45.44
2024-07-01,2.64,-23.87,8.9,-42.48
2024-07-02,2.63,-25.92,12.45,-42.66
2024-07-03,2.63,-27.38,11.89,-43.06
2024-07-04,2.62,-27.04,9.85,-41.67
2024-07-05,2.6,-27.46,11.0,-42.3
2024-07-08,2.57,-27.3,9.36,-43.3
2024-07-09,2.59,-26.74,7.35,-42.77
2024-07-10,2.56,-30.14,9.89,-43.98
2024-07-11,2.5,-29.66,13.26,-46.41
2024-07-12,2.52,-31.42,13.73,-46.48
2024-07-15,2.51,-26.15,12.28,-46.85
2024-07-16,2.46,-29.7,12.92,-47.92
2024-07-17,2.46,-30.13,11.48,-48.38
2024-07-18,2.44,-30.89,13.84,-49.52
2024-07-19,2.5,-27.16,14.81,-48.82
2024-07-22,2.51,-25.61,10.14,-47.91
2024-07-23,2.48,-27.62,13.15,-50.55
2024-07-24,2.47,-24.99,15.89,-52.74
2024-07-25,2.43,-26.88,19.44,-54.44
2024-07-26,2.42,-26.61,17.55,-52.61
2024-07-29,2.39,-27.93,14.98,-49.73
2024-07-30,2.35,-25.65,19.35,-53.01
2024-07-31,2.33,-25.31,18.73,-53.59
2024-08-01,2.28,-27.92,20.64,-55.83
2024-08-02,2.2,-27.36,22.96,-56.67
2024-08-05,2.24,-7.4,9.57,-54.71
2024-08-06,2.26,-7.67,8.31,-51.91
2024-08-07,2.37,-5.84,9.33,-51.42
2024-08-08,2.36,-6.82,9.04,-54.54
2024-08-09,2.32,-8.22,9.45,-54.46
2024-08-12,2.33,-7.47,9.08,-54.42
2024-08-13,2.29,-7.55,9.84,-55.05
2024-08-14,2.29,-7.98,8.9,-54.46
2024-08-15,2.35,-8.77,8.76,-52.35
2024-08-16,2.33,-8.67,9.48,-48.87
2024-08-19,2.35,-7.26,8.42,-48.64
2024-08-20,2.33,-6.46,9.4,-48.19
2024-08-21,2.31,-4.38,11.45,-46.06
2024-08-22,2.32,-3.2,10.77,-44.88
2024-08-23,2.35,-2.66,5.89,-48.96
2024-08-26,2.36,-0.84,6.12,-48.48
2024-08-27,2.4,0.5,6.75,-49.44
2024-08-28,2.37,1.19,7.02,-46.29
2024-08-29,2.38,6.15,7.74,-44.26
2024-08-30,2.39,2.97,5.48,-46.77
2024-09-02,2.45,5.01,6.22,-46.03
2024-09-03,2.37,-0.93,6.64,-47.39
2024-09-04,2.32,-1.45,11.74,-50.53
2024-09-05,2.31,4.29,12.43,-44.85
2024-09-06,2.31,3.01,8.58,-51.16
2024-09-09,2.3,6.88,13.19,-48.8
2024-09-10,2.28,7.01,15.33,-47.71
2024-09-11,2.21,7.47,16.66,-46.99
2024-09-12,2.24,6.42,15.22,-47.93
2024-09-13,2.26,9.73,16.82,-43.71
2024-09-16,2.25,7.02,16.59,-45.06
2024-09-17,2.25,8.79,15.12,-40.82
2024-09-18,2.3,9.35,15.6,-41.58
2024-09-19,2.3,11.33,18.85,-42.51
2024-09-20,2.33,11.89,17.45,-44.04
2024-09-23,2.3,15.15,21.37,-44.15
2024-09-24,2.29,19.49,22.18,-45.96
2024-09-25,2.29,19.4,21.44,-42.22
2024-09-26,2.25,21.21,22.06,-41.49
2024-09-27,2.25,24.01,19.72,-38.74
2024-09-30,2.24,20.25,20.87,-41.3
2024-10-01,2.14,19.86,21.98,-40.44
2024-10-02,2.23,22.91,21.12,-40.96
2024-10-03,2.29,26.78,16.76,-38.25
2024-10-04,2.32,21.91,15.55,-39.12
2024-10-07,2.37,21.05,14.84,-38.31
2024-10-08,2.38,20.22,15.61,-38.77
2024-10-09,2.37,19.04,14.85,-39.08
2024-10-10,2.38,19.37,15.17,-38.7
2024-10-11,2.41,21.71,14.11,-38.11
2024-10-14,2.41,22.93,13.28,-37.74
2024-10-15,2.34,19.11,17.43,-37.27
2024-10-16,2.29,18.14,17.04,-37.8
2024-10-17,2.31,21.3,18.88,-37.87
2024-10-18,2.29,26.12,19.69,-36.12
2024-10-21,2.38,25.54,18.77,-36.62
2024-10-22,2.4,27.24,19.0,-36.99
2024-10-23,2.43,35.59,19.12,-34.39
2024-10-24,2.37,31.1,20.18,-34.75
2024-10-25,2.4,30.82,16.92,-33.46
2024-10-28,2.38,33.39,17.74,-31.57
2024-10-29,2.43,34.26,16.2,-30.26
2024-10-30,2.47,30.93,12.3,-27.57
2024-10-31,2.52,27.76,6.08,-27.27
2024-11-01,2.49,29.42,10.12,-27.96
2024-11-04,2.49,26.5,5.98,-27.42
2024-11-05,2.5,27.2,6.21,-27.49
2024-11-06,2.51,35.63,10.68,-27.5
2024-11-07,2.52,36.6,11.02,-27.46
2024-11-08,2.47,32.15,10.12,-27.53
2024-11-11,2.44,34.34,8.94,-27.65
2024-11-12,2.43,35.88,3.04,-25.92
2024-11-13,2.47,37.56,0.42,-24.29
2024-11-14,2.45,38.3,5.4,-23.51
2024-11-15,2.46,36.96,7.56,-23.49
2024-11-18,2.47,33.47,6.77,-24.85
2024-11-19,2.43,33.07,7.13,-25.96
2024-11-20,2.45,34.46,5.76,-25.0
2024-11-21,2.4,33.61,8.3,-26.55
2024-11-22,2.36,36.45,12.82,-23.65
2024-11-25,2.3,33.27,8.06,-24.07
2024-11-26,2.3,29.15,7.97,-24.6
2024-11-27,2.26,26.93,4.81,-25.42
2024-11-28,2.22,25.32,9.07,-25.41
2024-11-29,2.19,27.32,8.63,-25.19
2024-12-02,2.14,28.17,10.6,-28.53
2024-12-03,2.12,24.92,10.07,-24.25
2024-12-04,2.16,25.66,10.17,-23.49
2024-12-05,2.2,23.21,6.14,-24.36
2024-12-06,2.16,20.17,9.88,-25.76
2024-12-09,2.18,23.6,9.26,-26.84
2024-12-10,2.2,25.25,6.64,-33.36
2024-12-11,2.21,29.27,7.68,-31.67
2024-12-12,2.26,29.18,11.65,-26.01
2024-12-13,2.33,33.09,4.86,-29.91
2024-12-16,2.33,33.14,4.93,-30.94
2024-12-17,2.31,32.85,5.88,-27.32
2024-12-18,2.34,36.32,6.02,-24.99
2024-12-19,2.41,39.17,4.81,-23.33
2024-12-20,2.37,41.4,7.07,-23.62
2024-12-23,2.4,40.45,5.39,-23.05
2024-12-24,2.41,40.23,5.04,-22.83
2024-12-27,2.43,42.41,6.29,-18.69
2024-12-30,2.45,43.62,6.65,-19.84
2025-01-02,2.43,42.55,8.57,-21.33
2025-01-03,2.49,40.1,5.5,-23.25
2025-01-06,2.54,38.13,4.86,-23.49
2025-01-07,2.55,44.51,4.8,-21.05
2025-01-08,2.61,45.63,7.08,-23.58
2025-01-09,2.62,45.16,5.74,-23.62
2025-01-10,2.66,43.6,6.24,-22.36
2025-01-13,2.68,43.78,4.91,-21.5
2025-01-14,2.72,45.01,6.63,-19.66
2025-01-15,2.63,42.9,8.76,-22.47
2025-01-16,2.66,42.2,7.34,-25.84
2025-01-17,2.6,39.46,5.54,-27.97
2025-01-20,2.6,39.49,9.3,-26.03
2025-01-21,2.59,41.77,7.52,-23.88
2025-01-22,2.59,41.77,7.52,-23.88
2025-01-23,2.62,43.05,9.08,-19.33
2025-01-24,2.65,41.24,7.6,-19.37
2025-01-27,2.61,40.91,7.24,-21.37
2025-01-28,2.62,42.25,6.09,-21.02
2025-01-29,2.61,41.75,11.23,-20.38
2025-01-30,2.57,44.68,9.58,-19.0
2025-01-31,2.53,47.52,11.7,-17.53
2025-02-03,2.45,45.91,12.38,-17.43
2025-02-04,2.48,47.97,12.35,-14.77
2025-02-05,2.42,42.26,12.26,-15.87
2025-02-06,2.43,41.9,13.98,-16.23
2025-02-07,2.46,44.92,11.5,-16.88
2025-02-10,2.43,45.76,11.09,-20.99
2025-02-11,2.5,47.83,11.76,-18.31
2025-02-12,2.55,47.86,11.56,-16.95
2025-02-13,2.49,45.4,11.15,-18.69
2025-02-14,2.5,43.8,8.55,-21.69
2025-02-17,2.55,46.88,12.11,-18.54
2025-02-18,2.56,48.4,10.91,-17.43
2025-02-19,2.61,48.12,10.53,-17.44
2025-02-20,2.6,49.58,11.88,-17.14
2025-02-21,2.54,49.57,10.84,-17.47
2025-02-24,2.53,50.82,12.55,-18.19
2025-02-25,2.53,51.2,13.17,-18.03
2025-02-26,2.51,49.07,14.13,-18.32
2025-02-27,2.5,50.37,11.68,-23.83
2025-02-28,2.47,49.47,14.8,-22.9
2025-03-03,2.58,54.64,16.63,-22.8
2025-03-04,2.56,58.83,20.26,-27.74
2025-03-05,2.8,65.66,14.24,-16.0
2025-03-06,2.94,71.91,7.53,-12.03
2025-03-07,2.87,69.29,13.25,-13.57
2025-03-10,2.87,72.09,14.48,-14.81
2025-03-11,2.93,78.58,12.3,-13.18
2025-03-12,2.93,75.72,14.19,-13.01
2025-03-13,2.91,77.21,17.12,-13.21
2025-03-14,2.95,77.42,14.65,-19.19
2025-03-17,2.87,72.33,15.96,-13.99
2025-03-18,2.9,73.18,19.13,-14.03
2025-03-19,2.86,72.06,15.42,-13.6
2025-03-20,2.83,71.69,16.45,-13.09
2025-03-21,2.85,73.8,14.85,-21.45
2025-03-24,2.86,75.96,14.32,-21.13
2025-03-25,2.88,76.52,14.1,-20.65
2025-03-26,2.87,77.92,18.26,-17.32
2025-03-27,2.86,81.32,17.15,-19.64
2025-03-28,2.81,79.08,18.52,-22.65
2025-03-31,2.78,78.7,19.09,-23.25
2025-04-01,2.76,76.42,15.32,-23.62
2025-04-02,2.76,77.15,17.98,-21.93
2025-04-03,2.73,78.98,22.07,-27.66
2025-04-04,2.65,82.6,23.19,-30.74
2025-04-07,2.68,89.37,23.61,-29.88
2025-04-08,2.75,84.83,21.93,-30.53
2025-04-09,2.69,93.58,23.12,-27.15
2025-04-10,2.68,84.63,19.15,-26.53
2025-04-11,2.6,87.37,18.9,-19.82
2025-04-14,2.6,85.97,21.18,-15.15
2025-04-15,2.63,85.62,20.77,-22.74
2025-04-16,2.6,87.05,19.51,-22.04
2025-04-17,2.57,87.01,26.57,-23.05
2025-04-22,2.55,88.01,24.64,-20.7
2025-04-23,2.6,85.68,24.53,-21.43
2025-04-24,2.55,87.14,26.6,-22.51
2025-04-25,2.56,84.68,25.67,-23.84
2025-04-28,2.61,87.11,25.97,-25.35
2025-04-29,2.59,84.42,24.48,-27.72
2025-04-30,2.56,85.8,25.77,-27.0
2025-05-02,2.6,84.56,25.61,-26.89
2025-05-05,2.62,87.86,28.55,-26.51
2025-05-06,2.65,88.73,27.62,-28.05
2025-05-07,2.59,86.14,26.79,-28.56
2025-05-08,2.61,86.83,27.55,-27.03
2025-05-09,2.67,89.29,25.68,-25.78
2025-05-12,2.72,84.52,28.32,-15.26
2025-05-13,2.75,86.82,28.42,-15.88
2025-05-14,2.77,88.29,25.65,-19.06
2025-05-15,2.74,87.0,25.83,-21.69
2025-05-16,2.68,83.9,26.3,-21.79
2025-05-19,2.69,87.41,28.11,-20.49
2025-05-20,2.71,87.23,30.23,-23.74
2025-05-21,2.73,89.09,33.91,-21.27
2025-05-22,2.75,92.52,35.15,-21.82
2025-05-23,2.67,92.95,35.9,-21.72
2025-05-26,2.67,89.29,31.08,-23.7
2025-05-27,2.64,86.08,30.75,-21.53
2025-05-28,2.64,84.89,30.63,-22.1
2025-05-29,2.61,83.92,30.64,-23.03
2025-05-30,2.61,82.95,32.54,-22.69
2025-06-02,2.62,81.53,31.67,-25.5
2025-06-03,2.59,83.29,32.39,-24.77
2025-06-04,2.62,83.0,32.55,-22.02
2025-06-05,2.65,82.19,29.21,-14.84
2025-06-06,2.66,79.72,27.79,-19.13
2025-06-09,2.68,81.96,28.14,-21.06
2025-06-10,2.62,78.31,24.27,-21.54
2025-06-11,2.62,81.6,28.91,-17.88
2025-06-12,2.58,77.97,30.84,-20.35
2025-06-13,2.6,76.89,23.89,-22.13
2025-06-16,2.62,79.04,23.37,-22.55
2025-06-17,2.62,77.19,28.48,-20.48
2025-06-18,2.6,76.72,28.2,-20.71
2025-06-19,2.6,77.48,27.9,-20.88
2025-06-20,2.61,77.82,28.0,-21.59
2025-06-23,2.61,75.23,26.61,-23.77
2025-06-24,2.65,80.12,28.28,-22.65
2025-06-25,2.66,81.35,31.07,-21.67
2025-06-26,2.66,84.1,32.83,-23.26
2025-06-27,2.69,84.12,30.73,-21.95
2025-06-30,2.68,83.43,28.91,-21.22
2025-07-01,2.65,82.92,28.41,-20.49
2025-07-02,2.72,87.53,31.53,-19.49
2025-07-03,2.69,85.2,30.71,-20.38
2025-07-04,2.65,84.67,32.36,-22.37
2025-07-07,2.7,86.62,32.7,-20.55
2025-07-08,2.74,87.64,31.86,-20.68
2025-07-09,2.73,88.63,34.84,-19.94
2025-07-10,2.76,88.99,35.73,-19.08
2025-07-11,2.79,88.45,34.67,-20.32
2025-07-14,2.79,91.91,37.06,-19.02
2025-07-15,2.75,90.44,37.48,-18.71
2025-07-16,2.75,91.56,38.95,-20.0
2025-07-17,2.74,90.94,39.5,-21.23
2025-07-18,2.76,91.49,39.11,-20.68
2025-07-21,2.68,86.71,38.4,-24.21
2025-07-22,2.66,86.16,38.84,-25.38
2025-07-23,2.67,87.53,41.25,-23.78
2025-07-24,2.75,86.77,37.24,-22.02
2025-07-25,2.79,86.65,36.36,-21.4
2025-07-28,2.76,87.13,37.45,-22.26
2025-07-29,2.77,86.09,36.19,-21.42
2025-07-30,2.78,85.03,35.53,-21.17
2025-07-31,2.76,82.68,35.26,-20.62
2025-08-01,2.73,84.73,38.39,-20.82
2025-08-04,2.7,82.54,38.65,-22.35
2025-08-05,2.69,81.53,39.42,-21.87
2025-08-06,2.7,82.49,39.19,-22.93
2025-08-07,2.71,81.66,37.91,-21.99
2025-08-08,2.76,82.2,37.69,-21.65
2025-08-11,2.76,82.15,38.72,-21.35
2025-08-12,2.82,86.89,36.59,-22.01
2025-08-13,2.76,84.63,41.4,-24.66
2025-08-14,2.78,85.72,41.22,-24.09
2025-08-15,2.84,91.34,45.34,-20.0
2025-08-18,2.83,89.82,43.67,-23.71
2025-08-19,2.82,89.21,45.41,-22.68
2025-08-20,2.79,88.62,45.67,-23.9
2025-08-21,2.82,88.16,45.56,-22.6
2025-08-22,2.81,86.08,42.22,-24.07
2025-08-25,2.84,88.41,45.8,-22.72
2025-08-26,2.8,88.3,47.94,-25.59
2025-08-27,2.79,88.89,48.77,-26.88
2025-08-28,2.77,85.75,48.49,-26.83
2025-08-29,2.79,86.41,49.62,-26.76
2025-09-01,2.82,89.13,49.14,-27.03
2025-09-02,2.86,90.36,50.28,-25.88
2025-09-03,2.82,88.84,50.55,-26.66
2025-09-04,2.79,86.15,49.21,-26.93
2025-09-05,2.75,84.25,52.21,-27.8
2025-09-08,2.72,82.46,49.29,-29.52
2025-09-09,2.74,83.23,51.71,-27.51
2025-09-10,2.73,82.07,51.53,-27.79
2025-09-11,2.74,79.04,50.22,-25.5
2025-09-12,2.78,80.02,47.27,-23.12
2025-09-15,2.77,79.43,47.63,-23.48
2025-09-16,2.76,78.47,47.59,-23.92
2025-09-17,2.74,77.96,46.31,-22.34
2025-09-18,2.79,81.08,45.25,-24.47
2025-09-19,2.81,82.14,46.06,-23.86
2025-09-22,2.82,83.38,47.75,-25.04
2025-09-23,2.82,82.27,48.01,-22.66
2025-09-24,2.82,83.15,47.49,-23.58
2025-09-25,2.84,82.79,44.81,-21.91
2025-09-26,2.82,82.03,45.25,-22.34
2025-09-29,2.79,79.03,43.74,-22.32
2025-09-30,2.78,78.79,45.36,-22.27
2025-10-01,2.77,79.26,46.74,-23.87
2025-10-02,2.78,79.31,46.53,-22.91
2025-10-03,2.77,77.38,46.48,-22.41
2025-10-06,2.79,80.47,46.9,-23.6
2025-10-07,2.8,81.61,47.41,-22.66
2025-10-08,2.76,79.26,47.05,-24.15
2025-10-09,2.77,80.01,46.67,-22.52
2025-10-10,2.74,78.3,47.08,-23.24
2025-10-13,2.71,77.59,45.12,-25.56
2025-10-14,2.68,76.19,47.47,-23.79
2025-10-15,2.65,74.81,45.1,-25.84
2025-10-16,2.66,75.89,45.69,-26.08
2025-10-17,2.66,76.13,47.07,-25.6
2025-10-20,2.67,76.68,46.48,-25.17
2025-10-21,2.63,74.3,45.78,-24.81
2025-10-22,2.65,74.68,45.24,-25.19
2025-10-23,2.66,75.13,45.78,-25.13
2025-10-24,2.71,76.12,46.06,-23.0
2025-10-27,2.7,75.19,45.73,-22.73
2025-10-28,2.7,74.76,45.42,-22.72
2025-10-29,2.7,75.8,45.28,-22.68
2025-10-30,2.72,74.96,44.58,-21.29
2025-10-31,2.72,77.2,46.24,-22.08
2025-11-03,2.73,76.78,47.74,-20.57
2025-11-04,2.73,77.09,48.55,-21.01
2025-11-05,2.74,78.22,47.15,-20.78
2025-11-06,2.73,76.99,48.2,-20.85
2025-11-07,2.75,77.96,48.18,-22.83
2025-11-10,2.75,77.6,48.15,-22.38
2025-11-11,2.74,76.54,48.54,-21.74
2025-11-12,2.72,74.8,47.28,-22.54
2025-11-13,2.75,75.59,48.25,-19.95
2025-11-14,2.78,79.14,49.4,-18.85
2025-11-17,2.79,78.59,49.86,-19.38
2025-11-18,2.77,79.25,49.4,-22.23
2025-11-19,2.79,79.55,48.87,-23.86
2025-11-20,2.81,80.45,49.43,-24.78
2025-11-21,2.79,80.87,50.93,-24.83
2025-11-24,2.79,78.9,49.92,-23.46
2025-11-25,2.76,76.51,52.3,-22.72
2025-11-26,2.77,77.11,52.98,-22.91
2025-11-27,2.76,76.51,52.85,-22.99
2025-11-28,2.77,76.52,52.52,-22.83
2025-12-01,2.84,80.38,52.51,-22.77
2025-12-02,2.84,81.49,55.77,-18.94
2025-12-03,2.83,80.22,54.65,-21.59
2025-12-04,2.85,80.36,53.48,-20.76
2025-12-05,2.87,81.91,55.28,-19.16
2025-12-08,2.94,82.5,51.58,-15.73
2025-12-09,2.93,81.73,51.88,-16.23
2025-12-10,2.95,81.31,50.66,-14.12
2025-12-11,2.93,80.48,50.59,-15.42
2025-12-12,2.95,82.88,51.53,-15.46
2025-12-15,2.92,80.93,51.86,-15.99
2025-12-16,2.94,83.16,52.15,-15.72
2025-12-17,2.95,84.34,51.6,-16.46
2025-12-18,2.95,84.87,54.94,-16.49
2025-12-19,2.98,86.04,55.23,-16.27
2025-12-22,3.0,87.4,53.43,-15.39
2025-12-23,2.96,84.09,52.58,-15.52
2025-12-24,2.96,84.26,51.64,-16.15
2025-12-29,2.92,83.35,54.11,-18.54
2025-12-30,2.95,84.89,52.41,-16.4
2025-12-31,2.95,83.96,53.06,-17.51
2026-01-02,2.98,86.53,53.05,-16.59
2026-01-05,2.96,84.6,52.89,-17.5
2026-01-06,2.92,84.27,54.22,-18.39
2026-01-07,2.9,83.48,54.76,-19.21
2026-01-08,2.92,84.27,53.82,-18.04
2026-01-09,2.93,83.63,54.11,-20.51
2026-01-12,2.89,81.54,53.47,-18.92
2026-01-13,2.91,82.93,55.36,-18.51
2026-01-14,2.88,81.99,56.47,-18.36
2026-01-15,2.87,79.9,53.44,-17.53
2026-01-16,2.89,80.62,53.25,-16.79
2026-01-19,2.89,83.03,54.53,-18.85
2026-01-20,2.93,87.3,57.08,-18.33
2026-01-21,2.93,87.93,57.12,-18.05
2026-01-22,2.94,85.13,55.59,-17.5
2026-01-23,2.95,84.29,56.07,-16.71
2026-01-26,2.92,83.0,56.15,-17.32
2026-01-27,2.92,84.06,56.88,-17.72
2026-01-28,2.91,85.88,57.97,-18.09
2026-01-29,2.89,85.55,61.42,-18.21
2026-01-30,2.9,85.38,59.97,-19.51
2026-02-02,2.92,85.19,60.53,-18.25
2026-02-03,2.95,86.58,60.95,-17.98
2026-02-04,2.93,86.66,62.38,-19.25
2026-02-05,2.92,86.38,62.19,-18.65
2026-02-06,2.9,86.0,62.69,-19.27
2026-02-09,2.9,87.21,65.31,-19.77
2026-02-10,2.87,83.78,62.1,-22.18
2026-02-11,2.87,83.24,62.29,-21.33
2026-02-12,2.84,81.63,62.76,-20.54
2026-02-13,2.81,81.0,62.99,-21.65
2026-02-16,2.81,80.8,62.88,-21.59
2026-02-17,2.8,79.53,61.41,-23.59
2026-02-18,2.8,79.05,62.19,-21.85
2026-02-19,2.81,79.12,62.55,-21.04
2026-02-20,2.79,78.01,60.4,-20.36
2026-02-23,2.79,77.79,61.92,-22.88
2026-02-24,2.77,76.49,61.75,-23.21
2026-02-25,2.77,76.49,62.08,-23.48
2026-02-26,2.75,74.38,63.83,-21.62
2026-02-27,2.73,74.62,64.33,-24.12
2026-03-02,2.76,72.93,63.21,-22.43
2026-03-03,2.84,70.68,59.78,-16.93
2026-03-04,2.82,71.84,61.68,-19.41
2026-03-05,2.89,71.81,55.3,-16.61
2026-03-06,2.91,68.55,50.9,-12.25
2026-03-09,2.92,67.37,50.62,-12.01
2026-03-10,2.9,72.15,53.17,-14.19
2026-03-11,2.97,66.06,48.76,-20.36
2026-03-12,3.0,64.63,47.08,-22.54
2026-03-13,3.01,64.81,47.41,-20.95
2026-03-16,2.99,64.81,48.48,-21.78
2026-03-17,2.97,63.48,47.92,-22.28
2026-03-18,3.0,59.5,44.09,-20.95
2026-03-19,3.01,54.35,41.76,-21.51
2026-03-20,3.08,49.01,40.95,-19.71
2026-03-23,3.03,51.46,41.24,-23.18
2026-03-24,3.06,47.25,35.24,-24.25
2026-03-25,3.01,45.47,33.8,-24.46
2026-03-26,3.09,47.07,31.58,-23.75
2026-03-27,3.15,50.57,31.29,-22.92
2026-03-30,3.09,49.39,32.53,-26.39
2026-03-31,3.07,48.4,32.53,-27.4
2026-04-01,3.05,49.97,35.41,-25.6
2026-04-02,3.08,48.03,36.06,-26.56
2026-04-07,3.11,44.69,35.27,-25.25
2026-04-08,2.98,53.78,43.68,-24.73
2026-04-09,3.07,54.87,41.33,-24.98
2026-04-10,3.1,56.94,43.67,-23.85
2026-04-13,3.12,53.73,42.08,-26.38
2026-04-14,3.11,56.77,43.42,-26.35
2026-04-15,3.09,59.35,44.29,-25.75
2026-04-16,3.07,58.6,46.45,-24.96
2026-04-17,3.03,61.5,48.89,-26.07
2026-04-20,3.04,61.59,48.16,-26.41
2026-04-21,3.04,58.05,45.02,-25.51
2026-04-22,3.05,55.97,43.88,-24.54
2026-04-23,3.07,52.98,42.63,-25.61
2026-04-24,3.07,52.86,41.71,-26.48
2026-04-27,3.08,55.17,42.56,-26.29
2026-04-28,3.12,51.78,40.59,-27.54
2026-04-29,3.14,47.75,37.82,-24.99
2026-04-30,3.09,48.81,41.0,-24.52
2026-05-04,3.11,46.48,40.55,-24.94
2026-05-05,3.13,48.64,40.78,-25.17
2026-05-06,3.05,50.98,43.8,-27.86
2026-05-07,3.04,52.37,43.81,-27.27
2026-05-08,3.05,51.2,43.95,-28.02
2026-05-11,3.08,48.73,44.02,-26.24
2026-05-12,3.15,49.13,42.58,-25.02
2026-05-13,3.15,49.52,42.35,-24.16
2026-05-14,3.1,49.35,44.82,-23.64
2026-05-15,3.2,50.84,41.22,-22.24
2026-05-18,3.17,53.17,43.95,-23.3
2026-05-19,3.22,53.04,43.06,-21.59
2026-05-20,3.19,51.84,41.84,-22.81
2026-05-21,3.14,51.15,42.5,-24.64
2026-05-22,3.08,50.95,45.94,-20.16
2026-05-25,2.99,50.73,47.68,-20.82
2026-05-26,3.03,50.0,46.62,-20.34
2026-05-27,3.03,50.22,46.29,-23.54
2026-05-28,3.03,50.96,47.95,-21.29
2026-05-29,3.02,51.59,48.77,-21.83
2026-06-01,3.07,49.04,46.87,-20.91
2026-06-02,3.02,46.34,47.92,-22.43
2026-06-03,3.06,47.24,47.49,-21.66
2026-06-04,3.07,48.82,47.07,-21.42
2026-06-05,3.09,48.62,47.24,-20.59
2026-06-08,3.09,46.85,46.9,-21.67
2026-06-09,3.1,48.03,46.59,-24.04
2026-06-10,3.12,48.08,45.17,-23.39
2026-06-11,3.08,47.09,45.61,-24.96
2026-06-12,3.07,49.19,47.99,-21.28
2026-06-15,3.01,49.05,50.86,-23.84
2026-06-16,2.99,47.69,50.56,-22.51
2026-06-17,2.99,45.87,49.28,-23.56
2026-06-18,2.99,43.09,48.09,-22.89
2026-06-19,3.04,46.08,48.67,-21.69
2026-06-22,3.01,46.42,50.42,-23.74
2026-06-23,2.97,46.69,51.48,-22.36
2026-06-24,2.94,45.18,50.07,-21.95
2026-06-25,2.92,44.03,49.94,-22.33
2026-06-26,2.92,46.95,50.92,-22.99
2026-06-29,2.92,44.62,51.08,-23.32
2026-06-30,2.92,44.84,50.83,-23.41
2026-07-01,2.96,48.95,51.47,-23.57
2026-07-02,2.99,53.35,51.37,-21.54
2026-07-03,3.01,53.54,51.5,-19.68
2026-07-06,3.02,53.1,51.97,-22.06
2026-07-07,3.06,52.77,50.31,-21.75
2026-07-08,3.14,51.78,46.94,-22.15
2026-07-09,3.13,51.46,49.73,-21.8
2026-07-10,3.11,50.93,49.61,-22.18
2026-07-13,3.12,48.01,48.54,-22.23
2026-07-14,3.15,45.88,46.04,-22.07
2026-07-15,3.15,47.83,46.94,-19.33
2026-07-16,3.18,47.84,47.15,-19.53
2026-07-17,3.15,45.44,44.92,-18.81
2026-07-20,3.17,45.79,46.26,-20.11
2026-07-21,3.21,47.27,44.56,-18.54
2026-07-22,3.2,44.23,44.32,-17.84
2026-07-23,3.22,42.42,42.69,-16.58
2026-07-24,3.21,43.5,41.3,-18.81
2026-07-27,3.17,43.62,42.67,-20.48
2026-07-28,3.16,45.04,43.95,-20.05
2026-07-29,3.18,44.3,42.05,-19.52
2026-07-30,3.2,48.76,44.05,-19.9
2026-07-31,3.23,46.65,42.2,-21.56
2026-08-03,3.19,48.34,44.27,-20.68
2026-08-04,3.15,48.39,44.81,-24.25
2026-08-05,3.15,47.63,45.08,-22.71
2026-08-06,3.15,47.42,45.03,-21.24
2026-08-07,3.15,48.65,46.99,-19.38
2026-08-10,3.2,47.86,45.09,-19.48
2026-08-11,3.18,46.74,45.46,-20.07
2026-08-12,3.17,46.49,45.21,-20.97
2026-08-13,3.16,46.47,47.05,-19.53
2026-08-14,3.21,48.49,47.15,-21.49
2026-08-17,3.24,50.63,46.39,-21.65
2026-08-18,3.29,50.81,44.9,-20.61
2026-08-19,3.28,49.75,43.2,-18.07
2026-08-20,3.28,48.78,44.64,-20.19
2026-08-21,3.27,50.99,45.22,-19.65
2026-08-24,3.28,48.4,44.61,-20.08
2026-08-25,3.24,49.44,45.48,-21.04
2026-08-26,3.25,49.31,45.03,-20.43
2026-08-27,3.28,49.22,44.99,-20.16
2026-08-28,3.28,47.35,44.91,-19.8
2026-08-31,3.34,48.36,43.6,-18.01
2026-09-01,3.36,47.92,43.15,-17.87
2026-09-02,3.39,47.86,38.96,-18.65
2026-09-03,3.36,47.9,40.27,-20.23
2026-09-04,3.35,46.99,40.81,-19.45
2026-09-07,3.39,47.62,39.47,-19.04
2026-09-08,3.38,45.87,38.32,-18.01
2026-09-09,3.43,45.03,35.74,-17.56
2026-09-10,3.5,40.26,32.3,-18.34
2026-09-11,3.52,39.52,28.03,-17.96
2026-09-14,3.54,31.32,24.79,-17.07
2026-09-15,3.54,35.59,25.95,-16.6
2026-09-16,3.53,36.77,25.25,-14.67
2026-09-17,3.49,33.93,26.27,-15.83
2026-09-18,3.53,31.45,21.74,-15.35
2026-09-21,3.47,32.62,25.16,-17.13
2026-09-22,3.45,31.72,26.5,-15.44
2026-09-23,3.52,30.53,23.91,-8.29
2026-09-24,3.57,33.68,17.81,-10.86
2026-09-25,3.61,36.36,17.28,-11.04
2026-09-28,3.63,39.83,21.17,-10.68
2026-09-29,3.61,39.71,22.21,-11.8
2026-09-30,3.58,42.25,22.68,-15.74
2026-10-01,3.59,48.57,24.28,-16.07
