,2.0,5.0,10.0,30.0
2004-09-07,9.6,-3.3,-14.9,-37.7
2004-09-08,20.3,7.5,-4.9,-30.9
2004-09-09,14.3,-1.1,-15.5,-38.0
2004-09-10,8.7,-5.6,-16.7,-39.0
2004-09-13,13.4,-0.0,-11.7,-34.7
2004-09-14,14.9,1.5,-11.6,-34.1
2004-09-15,11.0,-2.5,-14.8,-37.5
2004-09-16,19.2,8.4,-4.6,-29.0
2004-09-17,5.9,-1.9,-13.7,-35.3
2004-09-20,12.8,4.0,-8.4,-32.0
2004-09-21,11.1,5.1,-5.6,-31.4
2004-09-22,9.6,5.8,-2.6,-27.7
2004-09-23,-4.5,-6.5,-11.8,-31.0
2004-09-24,-4.4,-3.9,-9.2,-29.1
2004-09-27,-3.5,-2.8,-8.9,-28.0
2004-09-28,-0.1,-2.3,-9.2,-34.2
2004-09-29,-2.5,-7.3,-13.6,-37.6
2004-09-30,-4.2,-7.9,-16.9,-34.4
2004-10-01,-6.4,-14.5,-22.0,-41.9
2004-10-04,-5.3,-10.5,-17.2,-39.2
2004-10-05,-7.7,-14.2,-20.0,-42.3
2004-10-06,-13.0,-21.7,-25.7,-43.5
2004-10-07,-15.2,-23.2,-27.7,-46.2
2004-10-08,-11.1,-16.3,-22.1,-40.3
2004-10-12,-9.7,-16.6,-22.5,-39.2
2004-10-13,-4.8,-11.6,-18.2,-41.8
2004-10-14,-2.1,-8.1,-14.2,-38.3
2004-10-15,-10.6,-15.3,-19.3,-38.4
2004-10-18,-12.3,-15.2,-18.7,-36.5
2004-10-19,-12.9,-14.2,-16.6,-33.7
2004-10-20,-12.6,-12.9,-14.8,-30.8
2004-10-21,-15.7,-15.4,-15.0,-30.5
2004-10-22,-12.5,-11.8,-13.8,-33.5
2004-10-25,-15.4,-15.6,-16.8,-34.9
2004-10-26,-15.7,-17.2,-19.3,-36.1
2004-10-27,-23.7,-27.3,-28.9,-45.4
2004-10-28,-12.4,-15.2,-19.3,-35.3
2004-10-29,-11.0,-17.7,-21.9,-32.2
2004-11-01,-18.1,-22.1,-24.6,-35.7
2004-11-02,-14.2,-16.9,-21.3,-33.8
2004-11-03,-14.8,-17.9,-20.3,-32.8
2004-11-04,-18.1,-19.9,-21.3,-31.8
2004-11-05,-35.4,-33.9,-32.3,-41.9
2004-11-08,-35.4,-33.9,-33.3,-40.7
2004-11-09,-32.7,-37.5,-37.0,-50.7
2004-11-10,-36.6,-42.7,-41.4,-56.2
2004-11-12,-45.4,-44.7,-40.6,-51.2
2004-11-15,-49.5,-47.4,-43.9,-56.2
2004-11-16,-48.7,-50.1,-46.8,-56.4
2004-11-17,-42.3,-39.8,-38.0,-47.5
2004-11-18,-40.1,-37.3,-33.2,-42.0
2004-11-19,-50.7,-48.3,-42.8,-50.6
2004-11-22,-53.0,-50.2,-43.5,-48.9
2004-11-23,-56.6,-52.9,-45.2,-49.9
2004-11-24,-62.4,-57.9,-47.0,-50.2
2004-11-26,-67.2,-62.5,-52.6,-58.0
2004-11-29,-67.5,-66.2,-58.6,-63.6
2004-11-30,-65.0,-68.8,-62.8,-69.2
2004-12-01,-66.5,-71.4,-67.2,-72.5
2004-12-02,-64.7,-69.9,-66.1,-73.9
2004-12-03,-57.4,-59.6,-56.0,-63.0
2004-12-06,-61.7,-63.1,-57.9,-64.1
2004-12-07,-64.8,-66.7,-59.6,-64.9
2004-12-08,-58.1,-57.8,-50.2,-54.8
2004-12-09,-63.2,-64.6,-62.3,-65.7
2004-12-10,-63.9,-63.3,-61.4,-67.1
2004-12-13,-66.7,-64.3,-60.5,-65.1
2004-12-14,-67.3,-63.7,-59.8,-65.1
2004-12-15,-66.6,-61.8,-59.1,-63.2
2004-12-16,-65.3,-66.8,-66.4,-74.1
2004-12-17,-62.9,-62.1,-63.6,-72.2
2004-12-20,-69.5,-66.5,-66.9,-72.6
2004-12-21,-63.4,-60.3,-60.7,-65.4
2004-12-22,-60.3,-58.8,-64.1,-67.0
2004-12-23,-61.5,-63.6,-68.9,-71.8
2004-12-27,-64.9,-68.4,-73.9,-76.8
2004-12-28,-68.2,-70.8,-73.6,-74.4
2004-12-29,-63.8,-64.5,-69.5,-70.3
2004-12-30,-62.5,-59.9,-63.7,-67.0
2004-12-31,-60.7,-58.9,-60.9,-58.6
2005-01-03,-67.0,-66.6,-64.4,-59.5
2005-01-04,-74.4,-70.6,-69.4,-67.8
2005-01-05,-74.1,-68.6,-66.7,-63.1
2005-01-06,-76.5,-73.2,-71.2,-68.7
2005-01-07,-81.1,-78.2,-74.3,-70.7
2005-01-10,-84.4,-80.1,-74.3,-69.1
2005-01-11,-83.4,-77.3,-71.7,-68.6
2005-01-12,-80.9,-75.5,-69.8,-63.7
2005-01-13,-84.6,-76.3,-68.4,-64.0
2005-01-14,-86.1,-78.3,-72.0,-67.7
2005-01-18,-87.4,-78.9,-70.8,-64.3
2005-01-19,-88.8,-82.1,-73.4,-68.4
2005-01-20,-80.8,-73.1,-65.7,-63.6
2005-01-21,-76.8,-70.4,-64.0,-61.2
2005-01-24,-83.3,-73.5,-65.0,-56.7
2005-01-25,-87.3,-80.8,-73.5,-69.9
2005-01-26,-88.4,-78.6,-70.5,-66.1
2005-01-27,-86.0,-76.8,-68.8,-65.3
2005-01-28,-87.0,-76.2,-67.1,-60.4
2005-01-31,-90.2,-77.6,-65.1,-59.0
2005-02-01,-90.5,-77.6,-66.1,-60.0
2005-02-02,-92.5,-79.7,-67.7,-61.5
2005-02-03,-92.0,-79.3,-68.8,-60.7
2005-02-04,-89.5,-75.2,-64.5,-55.5
2005-02-07,-90.5,-74.2,-64.8,-55.5
2005-02-08,-90.2,-74.1,-62.5,-49.8
2005-02-09,-84.6,-67.8,-61.0,-55.2
2005-02-10,-91.9,-77.2,-69.2,-64.9
2005-02-11,-97.2,-81.3,-69.2,-61.6
2005-02-14,-98.9,-78.3,-64.3,-52.0
2005-02-15,-95.8,-77.4,-65.5,-54.4
2005-02-16,-100.5,-86.7,-73.7,-58.1
2005-02-17,-93.3,-78.1,-66.7,-55.8
2005-02-18,-97.8,-80.4,-67.5,-55.7
2005-02-22,-98.4,-80.6,-66.3,-58.2
2005-02-23,-100.1,-81.9,-66.0,-56.7
2005-02-24,-104.8,-84.1,-65.7,-51.8
2005-02-25,-104.0,-80.2,-60.5,-44.3
2005-02-28,-110.3,-91.3,-71.9,-56.8
2005-03-01,-110.3,-92.5,-71.8,-51.3
2005-03-02,-107.1,-87.1,-66.7,-47.0
2005-03-03,-111.9,-92.3,-69.6,-47.0
2005-03-04,-113.8,-92.1,-67.4,-47.2
2005-03-07,-120.2,-97.6,-70.3,-48.4
2005-03-08,-120.6,-101.7,-74.3,-48.9
2005-03-09,-121.4,-107.3,-82.0,-59.8
2005-03-10,-124.0,-105.0,-78.5,-50.0
2005-03-11,-129.6,-114.0,-85.4,-53.5
2005-03-14,-129.8,-110.2,-80.6,-51.0
2005-03-15,-131.7,-116.3,-87.8,-59.4
2005-03-16,-124.0,-109.8,-86.8,-59.8
2005-03-17,-122.8,-108.0,-84.5,-59.4
2005-03-18,-122.7,-108.7,-84.9,-60.9
2005-03-21,-120.6,-106.5,-85.8,-66.5
2005-03-22,-135.1,-122.1,-99.8,-73.1
2005-03-23,-130.1,-116.9,-94.0,-68.7
2005-03-24,-134.7,-119.1,-95.6,-67.8
2005-03-29,-133.3,-118.2,-94.6,-68.3
2005-03-30,-133.6,-116.1,-92.0,-60.4
2005-03-31,-133.0,-114.5,-91.4,-62.5
2005-04-01,-133.1,-116.1,-92.3,-59.6
2005-04-04,-131.6,-114.3,-91.5,-63.0
2005-04-05,-132.5,-116.6,-93.2,-65.9
2005-04-06,-128.6,-112.0,-89.5,-61.8
2005-04-07,-133.4,-119.0,-96.5,-66.8
2005-04-08,-138.8,-122.8,-95.9,-62.2
2005-04-11,-137.7,-119.9,-92.3,-60.1
2005-04-12,-133.1,-111.6,-86.0,-55.3
2005-04-13,-129.2,-111.9,-88.6,-59.1
2005-04-14,-122.9,-107.1,-86.5,-62.9
2005-04-15,-121.5,-103.4,-80.6,-57.8
2005-04-18,-122.9,-103.4,-80.6,-54.0
2005-04-19,-120.7,-101.6,-77.5,-49.1
2005-04-20,-122.9,-102.9,-78.6,-54.9
2005-04-21,-135.3,-110.4,-84.5,-57.2
2005-04-22,-133.2,-108.5,-82.3,-56.8
2005-04-25,-135.4,-111.4,-83.6,-52.1
2005-04-26,-139.4,-115.0,-87.4,-59.0
2005-04-27,-137.9,-113.1,-87.0,-60.1
2005-04-28,-134.5,-107.3,-81.3,-54.7
2005-04-29,-141.5,-110.1,-80.0,-53.4
2005-05-02,-141.1,-111.5,-82.2,-58.3
2005-05-03,-147.2,-115.5,-83.4,-55.0
2005-05-04,-140.5,-109.7,-79.1,-63.2
2005-05-05,-136.4,-106.2,-79.3,-63.0
2005-05-06,-149.1,-116.0,-85.6,-63.5
2005-05-09,-151.4,-119.2,-86.6,-66.6
2005-05-10,-148.4,-119.5,-87.5,-69.5
2005-05-11,-147.7,-119.1,-88.0,-66.7
2005-05-12,-144.5,-114.1,-84.9,-67.0
2005-05-13,-139.7,-112.3,-82.3,-63.3
2005-05-16,-139.2,-111.3,-82.3,-64.6
2005-05-17,-139.2,-109.9,-80.5,-61.2
2005-05-18,-134.9,-106.8,-78.9,-61.3
2005-05-19,-141.9,-112.4,-81.7,-63.1
2005-05-20,-143.2,-111.8,-79.9,-59.8
2005-05-23,-140.0,-108.8,-76.4,-56.3
2005-05-24,-140.4,-108.9,-77.4,-56.3
2005-05-25,-142.9,-114.2,-82.0,-60.3
2005-05-26,-144.4,-112.1,-77.8,-61.0
2005-05-27,-145.7,-113.1,-76.9,-57.1
2005-05-31,-143.3,-110.5,-74.3,-54.4
2005-06-01,-139.4,-102.1,-66.9,-45.2
2005-06-02,-141.6,-103.1,-68.2,-39.9
2005-06-03,-149.2,-116.2,-83.8,-53.1
2005-06-06,-150.5,-113.2,-77.3,-48.1
2005-06-07,-151.9,-114.8,-78.8,-49.6
2005-06-08,-158.2,-120.9,-84.9,-59.1
2005-06-09,-159.3,-122.0,-84.4,-57.9
2005-06-10,-163.8,-128.4,-91.2,-64.9
2005-06-13,-164.5,-130.5,-92.4,-69.2
2005-06-14,-163.9,-131.9,-95.6,-69.9
2005-06-15,-159.3,-125.4,-86.3,-62.7
2005-06-16,-154.1,-117.1,-78.6,-52.3
2005-06-17,-157.2,-120.0,-81.2,-55.1
2005-06-20,-160.1,-120.9,-82.0,-52.1
2005-06-21,-166.9,-126.0,-85.8,-58.9
2005-06-22,-161.8,-119.8,-81.9,-58.5
2005-06-23,-161.6,-121.1,-82.1,-60.6
2005-06-24,-157.6,-117.3,-80.3,-59.2
2005-06-27,-159.9,-119.0,-79.9,-62.7
2005-06-28,-162.7,-123.0,-82.9,-54.1
2005-06-29,-164.7,-126.6,-87.0,-57.3
2005-06-30,-165.0,-119.9,-80.4,-51.9
2005-07-01,-173.3,-131.5,-93.6,-62.9
2005-07-05,-164.9,-127.1,-91.0,-61.2
2005-07-06,-162.5,-122.7,-87.8,-58.4
2005-07-07,-161.3,-124.4,-87.5,-55.9
2005-07-08,-167.2,-130.7,-95.4,-64.2
2005-07-11,-166.9,-130.2,-92.4,-55.0
2005-07-12,-166.3,-132.0,-95.7,-59.8
2005-07-13,-166.7,-132.0,-95.6,-58.9
2005-07-14,-167.0,-130.9,-93.8,-56.8
2005-07-15,-166.0,-130.0,-92.4,-56.4
2005-07-18,-170.8,-136.0,-99.9,-65.1
2005-07-19,-168.6,-131.9,-95.7,-60.3
2005-07-20,-169.7,-129.4,-90.4,-56.7
2005-07-21,-178.0,-142.6,-103.2,-67.0
2005-07-22,-176.2,-140.9,-102.0,-62.3
2005-07-25,-179.1,-143.4,-105.1,-68.7
2005-07-26,-176.7,-141.3,-102.7,-67.6
2005-07-27,-181.4,-145.8,-107.5,-67.4
2005-07-28,-176.9,-139.6,-100.0,-63.0
2005-07-29,-182.3,-147.0,-107.6,-66.9
2005-08-01,-179.7,-145.9,-107.4,-66.4
2005-08-02,-182.1,-146.8,-109.3,-72.4
2005-08-03,-176.2,-138.6,-100.3,-65.5
2005-08-04,-178.1,-141.1,-103.3,-68.7
2005-08-05,-181.8,-145.3,-106.6,-70.6
2005-08-08,-186.3,-148.8,-108.5,-73.3
2005-08-09,-183.2,-146.4,-109.0,-73.5
2005-08-10,-183.9,-147.0,-110.0,-75.5
2005-08-11,-181.7,-141.3,-101.7,-70.0
2005-08-12,-180.1,-138.6,-97.1,-63.0
2005-08-15,-185.8,-145.7,-102.5,-68.9
2005-08-16,-183.0,-143.4,-100.6,-66.3
2005-08-17,-188.2,-150.5,-108.0,-76.4
2005-08-18,-183.4,-145.2,-102.8,-69.4
2005-08-19,-184.8,-145.2,-103.6,-70.5
2005-08-22,-183.8,-144.0,-103.4,-69.0
2005-08-23,-181.2,-144.3,-104.4,-70.8
2005-08-24,-179.3,-144.0,-104.7,-71.6
2005-08-25,-181.7,-146.1,-105.7,-72.4
2005-08-26,-186.4,-148.4,-107.9,-73.7
2005-08-29,-185.6,-146.8,-107.8,-72.7
2005-08-30,-174.6,-139.6,-102.3,-68.1
2005-08-31,-165.7,-129.8,-93.8,-60.0
2005-09-01,-158.1,-131.2,-96.1,-68.4
2005-09-02,-163.7,-133.9,-99.0,-67.6
2005-09-06,-167.0,-136.0,-103.8,-77.5
2005-09-07,-173.3,-139.1,-108.9,-83.9
2005-09-08,-174.0,-141.5,-110.5,-85.0
2005-09-09,-173.9,-142.0,-111.4,-79.7
2005-09-12,-173.9,-140.3,-109.6,-82.5
2005-09-13,-169.7,-135.9,-106.2,-73.9
2005-09-14,-171.4,-139.7,-111.3,-79.9
2005-09-15,-168.9,-139.5,-113.8,-87.6
2005-09-16,-174.5,-143.4,-115.5,-90.5
2005-09-19,-171.4,-141.6,-115.8,-90.7
2005-09-20,-180.4,-149.0,-120.9,-89.4
2005-09-21,-178.0,-147.0,-118.0,-93.2
2005-09-22,-177.6,-145.4,-117.9,-92.7
2005-09-23,-180.4,-149.2,-121.8,-91.2
2005-09-26,-181.3,-147.3,-120.7,-93.8
2005-09-27,-182.3,-149.8,-121.4,-93.5
2005-09-28,-180.0,-143.7,-115.0,-84.0
2005-09-29,-180.2,-143.3,-117.1,-88.6
2005-09-30,-185.1,-147.4,-122.7,-92.6
2005-10-03,-184.3,-148.0,-121.2,-93.5
2005-10-04,-187.7,-151.0,-124.2,-98.9
2005-10-05,-186.4,-149.8,-122.4,-92.7
2005-10-06,-184.7,-149.0,-122.5,-90.7
2005-10-07,-179.1,-146.4,-119.5,-89.2
2005-10-11,-179.7,-153.1,-123.2,-94.7
2005-10-12,-181.1,-156.0,-126.3,-97.4
2005-10-13,-180.1,-151.6,-123.4,-94.9
2005-10-14,-183.8,-153.9,-123.4,-96.1
2005-10-17,-181.9,-153.5,-123.5,-96.5
2005-10-18,-180.0,-151.6,-122.3,-91.9
2005-10-19,-182.0,-152.9,-122.9,-95.7
2005-10-20,-178.5,-149.8,-119.1,-88.5
2005-10-21,-176.3,-147.4,-118.2,-91.5
2005-10-24,-180.0,-154.5,-124.5,-96.9
2005-10-25,-185.1,-158.5,-128.6,-99.9
2005-10-26,-181.0,-153.9,-125.0,-98.8
2005-10-27,-179.2,-151.5,-121.9,-95.5
2005-10-28,-181.0,-152.7,-122.2,-95.8
2005-10-31,-181.0,-151.8,-121.3,-94.8
2005-11-01,-180.3,-151.3,-121.4,-96.6
2005-11-02,-176.6,-147.8,-118.0,-92.4
2005-11-03,-181.4,-153.3,-122.0,-97.4
2005-11-04,-182.8,-154.6,-122.5,-101.7
2005-11-07,-176.9,-148.9,-119.0,-98.9
2005-11-08,-173.6,-144.4,-112.6,-94.4
2005-11-09,-176.0,-146.9,-117.0,-95.5
2005-11-10,-171.0,-139.2,-105.5,-89.4
2005-11-14,-179.2,-147.5,-114.3,-93.1
2005-11-15,-174.6,-141.6,-105.8,-84.2
2005-11-16,-175.8,-143.2,-107.9,-84.0
2005-11-17,-167.4,-136.0,-102.9,-79.9
2005-11-18,-159.2,-130.6,-100.9,-84.9
2005-11-21,-158.2,-126.7,-96.7,-78.5
2005-11-22,-154.4,-124.8,-96.3,-83.5
2005-11-23,-161.1,-132.1,-103.1,-90.8
2005-11-25,-162.8,-134.6,-105.1,-91.1
2005-11-28,-159.4,-130.4,-102.2,-82.2
2005-11-29,-166.5,-138.4,-109.3,-89.3
2005-11-30,-165.5,-136.9,-107.1,-88.3
2005-12-01,-176.5,-147.7,-117.0,-95.8
2005-12-02,-174.0,-145.6,-114.4,-93.1
2005-12-05,-177.3,-150.4,-118.9,-97.2
2005-12-06,-172.7,-144.7,-114.1,-94.7
2005-12-07,-172.4,-145.6,-117.9,-95.5
2005-12-08,-166.2,-137.8,-112.2,-89.8
2005-12-09,-166.7,-140.3,-114.7,-96.7
2005-12-12,-168.0,-142.3,-117.6,-94.9
2005-12-13,-164.9,-140.8,-117.5,-96.3
2005-12-14,-159.5,-135.2,-111.8,-93.6
2005-12-15,-158.7,-136.5,-113.7,-93.1
2005-12-16,-159.5,-136.3,-114.5,-97.9
2005-12-19,-159.4,-136.5,-113.8,-97.5
2005-12-20,-161.9,-137.5,-114.6,-98.5
2005-12-21,-159.4,-135.8,-114.3,-99.0
2005-12-22,-155.3,-131.3,-109.7,-94.2
2005-12-23,-152.5,-124.7,-103.6,-89.6
2005-12-27,-150.7,-125.7,-103.5,-85.7
2005-12-28,-155.0,-131.4,-111.5,-92.1
2005-12-29,-154.3,-130.4,-108.3,-89.9
2005-12-30,-160.4,-141.9,-120.9,-90.0
2006-01-03,-148.7,-125.1,-101.4,-80.8
2006-01-04,-154.6,-130.7,-108.3,-95.6
2006-01-05,-158.3,-134.7,-111.6,-94.9
2006-01-06,-161.9,-137.1,-113.8,-97.6
2006-01-09,-161.5,-137.9,-116.3,-101.3
2006-01-10,-162.7,-138.6,-119.5,-109.0
2006-01-11,-162.2,-138.7,-120.6,-107.2
2006-01-12,-160.6,-137.8,-119.2,-104.1
2006-01-13,-155.6,-131.3,-113.8,-97.3
2006-01-17,-156.2,-130.9,-111.4,-98.9
2006-01-18,-152.7,-128.1,-109.7,-99.9
2006-01-19,-152.5,-125.3,-107.1,-90.7
2006-01-20,-152.1,-125.1,-105.8,-93.3
2006-01-23,-148.8,-121.0,-101.3,-89.8
2006-01-24,-151.0,-123.3,-105.4,-88.9
2006-01-25,-158.2,-129.8,-111.6,-95.1
2006-01-26,-161.7,-131.4,-112.0,-93.0
2006-01-27,-161.6,-129.7,-108.8,-95.4
2006-01-30,-159.1,-128.1,-109.9,-92.1
2006-01-31,-160.8,-128.8,-108.8,-94.4
2006-02-01,-165.3,-131.5,-111.5,-94.2
2006-02-02,-162.6,-127.0,-107.0,-91.4
2006-02-03,-164.1,-128.1,-105.8,-88.3
2006-02-06,-169.3,-133.5,-111.2,-88.5
2006-02-07,-169.7,-134.9,-112.5,-89.9
2006-02-08,-172.1,-135.9,-108.6,-91.0
2006-02-09,-173.9,-135.5,-106.5,-75.6
2006-02-10,-180.2,-144.9,-117.9,-84.9
2006-02-13,-176.7,-139.9,-112.7,-81.7
2006-02-14,-177.4,-141.9,-115.1,-83.5
2006-02-15,-181.7,-141.1,-112.8,-83.5
2006-02-16,-177.0,-139.2,-111.7,-78.6
2006-02-17,-176.5,-138.7,-110.2,-75.3
2006-02-21,-180.8,-143.5,-114.9,-79.3
2006-02-22,-177.1,-142.9,-113.8,-77.9
2006-02-23,-176.6,-144.7,-113.7,-78.6
2006-02-24,-177.4,-143.6,-113.4,-77.5
2006-02-27,-174.6,-143.0,-112.6,-79.5
2006-02-28,-168.6,-138.2,-109.4,-76.4
2006-03-01,-168.8,-139.2,-113.2,-81.3
2006-03-02,-166.6,-138.5,-112.0,-84.3
2006-03-03,-167.0,-137.1,-112.8,-86.6
2006-03-06,-168.1,-142.6,-119.2,-92.7
2006-03-07,-167.6,-141.7,-118.1,-91.9
2006-03-08,-161.2,-138.8,-113.7,-86.6
2006-03-09,-161.5,-138.5,-113.2,-83.9
2006-03-10,-161.6,-137.4,-111.1,-80.8
2006-03-13,-160.0,-137.3,-111.7,-83.9
2006-03-14,-154.6,-131.4,-109.7,-81.0
2006-03-15,-154.9,-130.1,-111.0,-85.4
2006-03-16,-146.3,-119.5,-102.2,-80.5
2006-03-17,-145.8,-118.5,-102.8,-81.7
2006-03-20,-148.7,-120.9,-103.8,-82.3
2006-03-21,-154.3,-126.5,-107.0,-84.4
2006-03-22,-158.3,-130.9,-109.8,-87.3
2006-03-23,-161.7,-134.7,-111.6,-87.4
2006-03-24,-156.4,-127.1,-104.8,-81.7
2006-03-27,-158.6,-133.2,-110.3,-86.5
2006-03-28,-158.8,-133.2,-110.5,-87.3
2006-03-29,-157.1,-130.3,-109.2,-87.9
2006-03-30,-156.7,-131.4,-111.3,-90.2
2006-03-31,-154.6,-130.4,-111.0,-90.7
2006-04-03,-154.4,-127.7,-106.9,-86.8
2006-04-04,-154.0,-126.3,-106.5,-87.2
2006-04-05,-152.3,-124.6,-102.8,-82.5
2006-04-06,-160.3,-131.2,-107.9,-82.6
2006-04-07,-165.6,-133.0,-109.8,-83.4
2006-04-10,-163.5,-132.0,-110.8,-85.8
2006-04-11,-163.1,-130.9,-109.9,-85.8
2006-04-12,-166.6,-135.8,-115.5,-92.8
2006-04-13,-166.6,-134.6,-113.9,-90.4
2006-04-18,-154.5,-124.8,-107.6,-86.9
2006-04-19,-157.2,-129.4,-112.9,-93.0
2006-04-20,-160.9,-131.3,-113.8,-94.8
2006-04-21,-162.9,-132.4,-111.7,-91.6
2006-04-24,-160.7,-128.9,-108.3,-87.4
2006-04-25,-160.9,-128.5,-108.5,-93.2
2006-04-26,-160.8,-130.3,-112.4,-95.7
2006-04-27,-152.4,-124.7,-110.8,-95.3
2006-04-28,-148.9,-123.9,-113.0,-99.6
2006-05-02,-153.6,-129.7,-116.6,-100.0
2006-05-03,-157.0,-132.6,-118.6,-102.4
2006-05-04,-157.6,-131.9,-117.3,-99.6
2006-05-05,-156.6,-131.8,-116.3,-97.5
2006-05-08,-158.5,-132.6,-115.6,-96.5
2006-05-09,-155.9,-130.1,-114.5,-96.2
2006-05-10,-162.0,-134.8,-116.7,-96.7
2006-05-11,-156.8,-130.7,-111.9,-94.9
2006-05-12,-161.7,-137.5,-118.1,-101.2
2006-05-15,-164.7,-136.8,-114.4,-95.9
2006-05-16,-164.3,-135.6,-113.5,-96.0
2006-05-17,-162.8,-136.7,-115.2,-95.2
2006-05-18,-162.8,-133.9,-111.0,-87.6
2006-05-19,-165.1,-136.1,-110.9,-87.2
2006-05-22,-167.5,-140.6,-116.5,-92.5
2006-05-23,-169.3,-143.7,-119.3,-95.9
2006-05-24,-167.3,-140.9,-118.6,-96.4
2006-05-25,-171.4,-145.8,-123.7,-101.2
2006-05-26,-169.1,-143.6,-122.9,-100.6
2006-05-30,-166.0,-141.3,-120.0,-98.0
2006-05-31,-167.0,-141.8,-119.4,-97.6
2006-06-01,-164.8,-138.3,-116.3,-95.0
2006-06-02,-155.6,-130.3,-111.3,-91.0
2006-06-05,-160.7,-134.1,-112.9,-90.7
2006-06-06,-156.3,-128.0,-105.9,-83.4
2006-06-07,-158.1,-128.4,-105.0,-82.1
2006-06-08,-161.5,-129.7,-105.7,-81.2
2006-06-09,-167.2,-136.0,-109.5,-82.7
2006-06-12,-169.3,-137.7,-112.0,-84.1
2006-06-13,-171.3,-138.6,-112.6,-84.2
2006-06-14,-177.4,-146.7,-120.2,-92.6
2006-06-15,-176.6,-146.0,-119.7,-92.2
2006-06-16,-179.7,-149.5,-123.9,-97.0
2006-06-19,-178.7,-147.6,-122.0,-96.2
2006-06-20,-176.9,-147.3,-122.3,-97.0
2006-06-21,-174.1,-144.0,-119.0,-92.9
2006-06-22,-176.4,-146.7,-121.4,-95.2
2006-06-23,-177.3,-146.0,-120.2,-94.5
2006-06-26,-174.2,-144.9,-120.9,-95.5
2006-06-27,-168.1,-140.2,-116.6,-92.1
2006-06-28,-173.5,-144.2,-120.6,-96.5
2006-06-29,-167.7,-141.3,-120.3,-96.8
2006-06-30,-160.8,-132.0,-112.0,-89.7
2006-07-03,-161.9,-133.4,-112.2,-91.1
2006-07-05,-165.9,-136.9,-115.6,-94.9
2006-07-06,-163.1,-133.8,-113.2,-92.5
2006-07-07,-159.2,-131.5,-111.6,-90.6
2006-07-10,-158.2,-130.6,-110.0,-89.1
2006-07-11,-160.6,-129.8,-109.1,-85.9
2006-07-12,-158.6,-128.8,-107.1,-83.9
2006-07-13,-157.3,-129.0,-108.4,-84.2
2006-07-14,-158.3,-132.9,-112.6,-86.7
2006-07-17,-161.4,-134.2,-112.2,-84.3
2006-07-18,-165.6,-137.4,-116.5,-89.6
2006-07-19,-156.3,-127.6,-108.4,-82.9
2006-07-20,-153.0,-127.1,-109.0,-84.1
2006-07-21,-158.5,-132.0,-114.4,-89.3
2006-07-24,-160.3,-132.1,-114.8,-91.2
2006-07-25,-162.1,-135.8,-117.2,-93.5
2006-07-26,-152.7,-128.6,-110.0,-86.3
2006-07-27,-158.0,-133.5,-118.5,-90.1
2006-07-28,-150.2,-128.7,-113.0,-89.7
2006-07-31,-147.1,-125.6,-110.4,-88.7
2006-08-01,-146.8,-123.2,-108.2,-87.8
2006-08-02,-147.1,-122.3,-106.3,-86.6
2006-08-03,-143.5,-119.8,-103.3,-84.9
2006-08-04,-139.7,-120.2,-105.3,-87.1
2006-08-07,-144.3,-121.5,-106.1,-85.7
2006-08-08,-139.2,-120.7,-106.3,-87.9
2006-08-09,-137.0,-119.1,-102.7,-88.4
2006-08-10,-140.0,-119.8,-104.2,-89.6
2006-08-11,-138.7,-120.2,-105.1,-90.6
2006-08-14,-139.9,-120.3,-104.2,-89.8
2006-08-15,-135.3,-116.8,-100.7,-85.9
2006-08-16,-128.5,-111.6,-97.4,-83.5
2006-08-17,-131.3,-114.9,-100.9,-87.0
2006-08-18,-127.7,-109.9,-97.5,-84.4
2006-08-21,-128.3,-112.9,-99.7,-87.5
2006-08-22,-138.1,-119.9,-104.4,-90.2
2006-08-23,-137.5,-121.1,-106.0,-88.4
2006-08-24,-140.2,-122.1,-103.1,-88.1
2006-08-25,-138.9,-120.5,-101.1,-86.9
2006-08-28,-140.9,-121.1,-101.7,-88.0
2006-08-29,-137.9,-119.5,-99.9,-86.5
2006-08-30,-134.2,-115.7,-99.5,-88.0
2006-08-31,-128.6,-115.7,-101.5,-86.2
2006-09-01,-127.4,-114.4,-100.4,-87.3
2006-09-05,-128.3,-117.4,-104.1,-92.4
2006-09-06,-126.0,-113.7,-100.4,-89.9
2006-09-07,-123.3,-110.3,-98.7,-87.3
2006-09-08,-124.3,-113.1,-104.3,-92.5
2006-09-11,-123.9,-112.8,-104.4,-94.7
2006-09-12,-120.9,-107.0,-98.8,-87.0
2006-09-13,-119.8,-106.4,-97.6,-86.2
2006-09-14,-122.7,-111.8,-103.5,-92.6
2006-09-15,-128.4,-116.6,-108.1,-96.3
2006-09-18,-124.0,-110.2,-102.1,-92.9
2006-09-19,-118.7,-107.1,-100.0,-90.3
2006-09-20,-122.0,-110.3,-101.1,-90.9
2006-09-21,-111.1,-99.3,-92.1,-82.6
2006-09-22,-115.2,-103.5,-94.3,-84.0
2006-09-25,-117.1,-103.4,-92.2,-82.5
2006-09-26,-120.7,-106.2,-95.2,-86.1
2006-09-27,-117.0,-107.5,-98.2,-88.8
2006-09-28,-116.2,-105.4,-98.4,-89.3
2006-09-29,-118.9,-106.3,-98.7,-92.0
2006-10-02,-111.9,-101.4,-94.8,-86.0
2006-10-03,-119.2,-107.2,-99.2,-92.9
2006-10-04,-112.7,-102.3,-95.6,-90.9
2006-10-05,-117.7,-107.6,-100.2,-95.2
2006-10-06,-126.6,-114.3,-105.4,-100.0
2006-10-10,-128.9,-115.1,-105.5,-100.3
2006-10-11,-130.5,-117.6,-107.6,-102.9
2006-10-12,-130.8,-116.6,-108.6,-103.3
2006-10-13,-131.1,-117.3,-108.3,-104.7
2006-10-16,-129.8,-116.6,-105.8,-101.7
2006-10-17,-129.8,-116.1,-107.6,-103.8
2006-10-18,-132.0,-116.1,-105.2,-101.0
2006-10-19,-129.7,-114.5,-104.3,-99.9
2006-10-20,-129.7,-114.7,-104.8,-100.6
2006-10-23,-130.0,-115.0,-105.1,-101.5
2006-10-24,-130.4,-115.9,-105.9,-103.0
2006-10-25,-126.1,-108.6,-99.4,-95.4
2006-10-26,-119.5,-103.9,-96.6,-93.2
2006-10-27,-116.6,-103.1,-96.9,-94.6
2006-10-30,-118.8,-103.8,-98.4,-94.7
2006-10-31,-107.2,-93.0,-89.3,-86.3
2006-11-01,-108.3,-94.0,-89.5,-85.4
2006-11-02,-107.1,-95.8,-92.0,-89.3
2006-11-03,-118.2,-107.3,-100.3,-93.2
2006-11-06,-115.5,-102.9,-96.8,-90.1
2006-11-07,-112.0,-100.1,-95.9,-91.2
2006-11-08,-109.1,-97.7,-94.0,-88.6
2006-11-09,-107.7,-96.0,-91.7,-88.2
2006-11-10,-110.0,-97.2,-91.3,-84.9
2006-11-13,-112.3,-99.0,-92.2,-86.0
2006-11-14,-111.5,-97.8,-90.2,-83.2
2006-11-15,-115.0,-99.9,-91.5,-83.8
2006-11-16,-120.3,-105.4,-97.2,-89.6
2006-11-17,-111.4,-97.8,-91.8,-85.3
2006-11-20,-114.8,-100.9,-93.0,-85.6
2006-11-21,-112.7,-98.3,-91.1,-84.1
2006-11-22,-113.3,-98.2,-89.9,-81.9
2006-11-24,-112.3,-97.5,-89.0,-79.4
2006-11-27,-109.3,-94.6,-85.7,-75.8
2006-11-28,-108.8,-94.2,-85.7,-75.6
2006-11-29,-109.8,-94.5,-86.6,-77.9
2006-11-30,-101.8,-87.7,-80.1,-72.7
2006-12-01,-92.8,-82.9,-78.0,-71.2
2006-12-04,-97.1,-86.0,-79.9,-73.2
2006-12-05,-95.8,-85.6,-82.4,-76.2
2006-12-06,-100.0,-87.5,-83.3,-78.1
2006-12-07,-96.5,-86.4,-83.2,-78.0
2006-12-08,-106.0,-93.8,-90.4,-85.3
2006-12-11,-100.9,-86.4,-82.3,-76.9
2006-12-12,-94.4,-81.1,-79.5,-74.8
2006-12-13,-102.7,-89.6,-88.6,-84.7
2006-12-14,-102.2,-88.9,-86.2,-84.4
2006-12-15,-102.9,-88.6,-86.7,-84.7
2006-12-18,-97.1,-84.0,-81.9,-79.6
2006-12-19,-95.4,-81.4,-78.7,-76.8
2006-12-20,-94.3,-80.4,-77.3,-75.0
2006-12-21,-88.1,-74.2,-71.0,-70.8
2006-12-22,-92.4,-80.8,-79.0,-77.1
2006-12-27,-95.3,-82.7,-79.3,-75.6
2006-12-28,-100.2,-86.4,-80.7,-77.1
2006-12-29,-99.4,-86.2,-80.2,-76.3
2007-01-02,-99.5,-86.6,-79.0,-76.0
2007-01-03,-96.5,-85.1,-78.3,-75.2
2007-01-04,-90.5,-79.2,-72.2,-68.8
2007-01-05,-91.9,-79.5,-71.9,-66.8
2007-01-08,-94.8,-81.3,-73.4,-66.8
2007-01-09,-95.1,-79.6,-72.2,-65.1
2007-01-10,-95.0,-80.5,-73.0,-66.0
2007-01-11,-102.7,-87.3,-78.4,-69.9
2007-01-12,-102.1,-86.7,-77.1,-70.0
2007-01-16,-100.4,-85.2,-76.8,-72.1
2007-01-17,-105.3,-89.1,-80.8,-75.1
2007-01-18,-100.2,-81.8,-72.0,-66.9
2007-01-19,-105.3,-87.3,-79.2,-74.8
2007-01-22,-103.6,-86.7,-77.9,-73.0
2007-01-23,-107.1,-91.4,-84.3,-81.4
2007-01-24,-104.5,-89.8,-82.7,-80.9
2007-01-25,-108.7,-92.5,-86.9,-83.7
2007-01-26,-106.8,-90.1,-83.0,-80.5
2007-01-29,-106.7,-91.6,-83.3,-78.4
2007-01-30,-106.6,-90.2,-82.6,-78.6
2007-01-31,-102.0,-85.7,-77.3,-73.7
2007-02-01,-107.9,-92.5,-82.8,-78.1
2007-02-02,-107.3,-89.0,-78.8,-75.7
2007-02-05,-108.1,-92.2,-81.9,-76.3
2007-02-06,-104.7,-87.4,-77.8,-72.8
2007-02-07,-100.9,-85.4,-75.7,-73.4
2007-02-08,-97.9,-81.5,-73.1,-68.5
2007-02-09,-101.4,-84.0,-75.9,-70.8
2007-02-12,-103.1,-84.2,-74.1,-68.2
2007-02-13,-103.2,-84.6,-75.3,-69.2
2007-02-14,-96.3,-76.2,-68.2,-65.3
2007-02-15,-94.8,-77.3,-69.4,-66.6
2007-02-16,-94.8,-77.7,-69.1,-65.4
2007-02-20,-89.4,-72.6,-64.2,-60.7
2007-02-21,-91.2,-74.6,-66.8,-63.8
2007-02-22,-95.2,-77.4,-69.8,-67.1
2007-02-23,-90.9,-74.2,-67.3,-66.1
2007-02-26,-89.3,-74.1,-66.9,-63.7
2007-02-27,-73.9,-60.9,-56.5,-54.9
2007-02-28,-84.6,-71.0,-64.9,-62.1
2007-03-01,-82.5,-68.9,-65.2,-62.9
2007-03-02,-76.9,-66.2,-61.3,-58.4
2007-03-05,-76.2,-68.6,-63.4,-59.3
2007-03-06,-77.7,-69.0,-64.3,-60.4
2007-03-07,-73.1,-65.5,-60.6,-57.0
2007-03-08,-73.5,-65.0,-61.5,-57.9
2007-03-09,-80.6,-72.5,-67.0,-62.2
2007-03-12,-76.9,-68.7,-65.8,-61.2
2007-03-13,-67.4,-61.4,-61.8,-59.5
2007-03-14,-71.8,-67.1,-67.2,-64.3
2007-03-15,-73.3,-67.3,-66.7,-63.1
2007-03-16,-73.2,-66.6,-66.8,-64.5
2007-03-19,-73.1,-66.7,-68.1,-65.0
2007-03-20,-73.0,-65.1,-67.8,-65.7
2007-03-21,-63.0,-60.0,-63.1,-62.4
2007-03-22,-72.5,-68.3,-71.0,-69.6
2007-03-23,-70.4,-65.2,-65.9,-63.4
2007-03-26,-65.6,-59.9,-62.4,-61.0
2007-03-27,-66.2,-60.4,-63.2,-61.9
2007-03-28,-60.9,-59.4,-61.7,-62.4
2007-03-29,-63.9,-60.6,-62.5,-61.8
2007-03-30,-62.7,-60.6,-63.1,-62.9
2007-04-02,-62.5,-58.8,-62.4,-61.4
2007-04-03,-64.6,-58.8,-61.1,-59.8
2007-04-04,-64.1,-59.9,-61.4,-59.7
2007-04-05,-65.7,-61.0,-62.6,-61.3
2007-04-10,-69.7,-62.3,-63.1,-61.1
2007-04-11,-70.5,-64.2,-63.1,-61.1
2007-04-12,-68.6,-61.4,-59.9,-56.5
2007-04-13,-70.3,-61.0,-58.9,-55.0
2007-04-16,-68.0,-60.2,-57.4,-51.8
2007-04-17,-62.9,-55.6,-53.9,-49.2
2007-04-18,-59.6,-52.6,-54.0,-48.8
2007-04-19,-58.0,-51.3,-53.6,-49.7
2007-04-20,-56.6,-48.8,-50.9,-49.3
2007-04-23,-55.3,-47.6,-50.3,-49.3
2007-04-24,-52.9,-46.0,-49.9,-48.9
2007-04-25,-56.4,-48.3,-51.2,-50.3
2007-04-26,-59.5,-51.2,-53.5,-54.1
2007-04-27,-57.5,-48.3,-52.7,-53.6
2007-04-30,-53.1,-44.7,-50.2,-50.1
2007-05-02,-55.6,-45.6,-49.0,-48.0
2007-05-03,-59.7,-48.3,-50.2,-47.0
2007-05-04,-59.8,-47.7,-50.0,-46.8
2007-05-07,-56.6,-43.7,-45.6,-43.2
2007-05-08,-58.2,-45.5,-47.6,-46.5
2007-05-09,-62.2,-47.9,-49.8,-47.5
2007-05-10,-59.6,-46.1,-47.8,-47.5
2007-05-11,-62.6,-50.9,-52.6,-52.0
2007-05-14,-59.2,-46.5,-47.0,-46.0
2007-05-15,-58.6,-45.7,-46.4,-46.0
2007-05-16,-53.4,-42.0,-44.3,-44.7
2007-05-17,-58.0,-48.2,-50.0,-48.9
2007-05-18,-61.2,-53.4,-54.2,-53.1
2007-05-21,-59.1,-49.0,-50.6,-49.2
2007-05-22,-60.9,-53.5,-54.1,-52.9
2007-05-23,-60.4,-54.3,-55.9,-56.0
2007-05-24,-60.4,-53.2,-54.1,-52.5
2007-05-25,-58.9,-53.2,-53.5,-53.2
2007-05-29,-59.2,-53.0,-53.9,-52.1
2007-05-30,-60.3,-53.9,-53.7,-51.8
2007-05-31,-60.5,-53.7,-53.1,-50.4
2007-06-01,-63.0,-57.8,-56.4,-53.2
2007-06-04,-62.5,-56.0,-53.6,-48.5
2007-06-05,-63.4,-58.8,-56.2,-51.3
2007-06-06,-63.5,-57.9,-55.0,-51.5
2007-06-07,-66.7,-64.8,-64.3,-58.1
2007-06-08,-64.6,-63.7,-61.7,-54.9
2007-06-11,-64.9,-65.1,-64.4,-58.1
2007-06-12,-68.2,-71.2,-71.1,-63.8
2007-06-13,-66.2,-62.6,-61.2,-52.8
2007-06-14,-70.9,-69.1,-67.2,-56.6
2007-06-15,-63.5,-59.6,-55.8,-47.4
2007-06-18,-60.0,-57.2,-54.9,-46.6
2007-06-19,-57.0,-54.7,-53.3,-44.7
2007-06-20,-54.9,-54.8,-55.0,-47.7
2007-06-21,-58.4,-57.5,-58.2,-55.1
2007-06-22,-50.9,-51.2,-53.3,-48.6
2007-06-25,-50.3,-51.8,-53.7,-49.8
2007-06-26,-53.0,-54.0,-55.2,-52.4
2007-06-27,-56.1,-56.8,-60.0,-55.6
2007-06-28,-58.3,-58.8,-61.0,-57.0
2007-06-29,-48.2,-48.7,-52.5,-47.8
2007-07-02,-48.2,-48.8,-51.9,-47.5
2007-07-03,-52.2,-54.2,-56.3,-51.1
2007-07-05,-55.1,-53.8,-56.9,-52.0
2007-07-06,-52.0,-54.4,-56.0,-53.6
2007-07-09,-51.7,-53.2,-54.5,-51.7
2007-07-10,-43.7,-45.4,-47.8,-46.0
2007-07-11,-50.1,-54.5,-57.4,-52.3
2007-07-12,-50.5,-53.8,-56.2,-52.1
2007-07-13,-49.9,-51.4,-54.6,-50.6
2007-07-16,-45.7,-46.2,-49.6,-45.8
2007-07-17,-46.7,-48.9,-52.9,-48.7
2007-07-18,-39.5,-42.3,-47.4,-42.4
2007-07-19,-42.3,-45.5,-50.3,-46.4
2007-07-20,-41.0,-46.6,-53.1,-52.0
2007-07-23,-43.6,-50.3,-56.4,-53.1
2007-07-24,-41.1,-46.5,-53.4,-50.7
2007-07-25,-39.0,-45.1,-52.2,-50.8
2007-07-26,-26.2,-32.1,-43.9,-45.0
2007-07-27,-30.0,-35.0,-47.6,-47.8
2007-07-30,-34.9,-41.0,-51.1,-50.9
2007-07-31,-27.7,-31.7,-42.7,-43.0
2007-08-01,-29.4,-33.5,-42.2,-42.3
2007-08-02,-28.5,-31.6,-40.0,-41.1
2007-08-03,-19.4,-25.8,-38.0,-40.7
2007-08-06,-21.3,-27.1,-39.3,-42.5
2007-08-07,-28.8,-32.2,-42.1,-44.2
2007-08-08,-30.6,-33.8,-42.4,-47.7
2007-08-09,-23.2,-30.6,-43.0,-52.0
2007-08-10,-28.0,-35.5,-45.6,-51.8
2007-08-13,-26.0,-32.4,-41.3,-48.3
2007-08-14,-17.1,-23.9,-33.9,-44.2
2007-08-15,-16.3,-23.9,-37.1,-50.3
2007-08-16,-10.5,-18.9,-33.7,-45.3
2007-08-17,-24.3,-28.7,-40.5,-51.1
2007-08-20,-15.4,-24.7,-35.8,-44.8
2007-08-21,-21.1,-28.9,-36.8,-44.4
2007-08-22,-14.0,-22.3,-34.4,-42.8
2007-08-23,-19.7,-26.3,-33.9,-40.6
2007-08-24,-30.7,-34.6,-38.4,-37.7
2007-08-27,-23.7,-28.6,-32.5,-37.0
2007-08-28,-13.4,-17.3,-27.3,-35.3
2007-08-29,-17.6,-28.3,-34.0,-39.2
2007-08-30,-9.6,-15.9,-25.8,-32.2
2007-08-31,-11.5,-12.9,-23.8,-29.1
2007-09-04,-11.9,-18.2,-29.1,-31.3
2007-09-05,-3.9,-8.7,-21.7,-27.6
2007-09-06,-11.7,-14.6,-27.0,-27.8
2007-09-07,-0.9,-2.8,-16.1,-20.6
2007-09-10,-1.8,-6.4,-19.0,-20.7
2007-09-11,-8.3,-13.8,-23.4,-19.8
2007-09-12,-3.9,-14.6,-24.7,-22.0
2007-09-13,-11.5,-18.7,-29.3,-27.6
2007-09-14,-11.0,-17.7,-30.1,-27.4
2007-09-17,-10.6,-17.4,-28.6,-25.4
2007-09-18,1.5,-11.0,-27.2,-28.0
2007-09-19,1.7,-8.2,-24.7,-27.8
2007-09-20,-4.3,-18.7,-34.5,-35.0
2007-09-21,-3.1,-14.9,-27.9,-26.5
2007-09-24,-2.7,-15.1,-26.8,-25.2
2007-09-25,-0.4,-14.1,-30.8,-29.6
2007-09-26,8.2,-7.9,-23.2,-24.4
2007-09-27,11.3,-3.0,-18.5,-20.6
2007-09-28,6.6,-7.6,-23.6,-23.6
2007-10-01,-1.5,-10.5,-21.0,-19.2
2007-10-02,2.6,-7.4,-20.5,-19.0
2007-10-03,-4.4,-15.1,-25.4,-24.5
2007-10-04,-2.5,-12.6,-24.2,-23.2
2007-10-05,-7.8,-19.6,-31.0,-28.9
2007-10-09,-13.5,-25.0,-35.5,-32.8
2007-10-10,-9.0,-19.0,-29.3,-28.2
2007-10-11,-4.4,-14.2,-27.2,-26.7
2007-10-12,-9.1,-17.5,-29.7,-29.3
2007-10-15,-2.5,-12.0,-26.3,-27.1
2007-10-16,4.7,-7.7,-22.9,-23.3
2007-10-17,14.4,1.8,-15.6,-16.6
2007-10-18,13.7,-2.7,-18.6,-20.8
2007-10-19,21.4,5.6,-12.5,-14.4
2007-10-22,12.7,-4.8,-20.1,-20.5
2007-10-23,18.4,-1.3,-18.1,-20.5
2007-10-24,20.1,1.4,-16.6,-19.1
2007-10-25,17.9,-2.5,-18.9,-22.0
2007-10-26,17.8,-2.4,-20.3,-22.1
2007-10-29,16.2,-3.0,-19.2,-20.6
2007-10-30,17.4,-2.3,-17.1,-20.6
2007-10-31,12.4,-5.5,-20.9,-23.7
2007-11-01,25.6,4.4,-11.4,-15.2
2007-11-02,31.1,7.1,-11.1,-15.9
2007-11-05,27.1,3.0,-15.9,-18.3
2007-11-06,28.9,4.1,-14.9,-16.8
2007-11-07,33.5,5.6,-15.4,-21.0
2007-11-08,43.7,13.9,-10.4,-20.8
2007-11-09,42.6,11.7,-9.4,-16.3
2007-11-13,33.0,7.4,-12.0,-16.6
2007-11-14,35.8,11.3,-9.5,-12.8
2007-11-15,53.1,21.2,-1.1,-6.9
2007-11-16,52.0,21.4,-0.6,-5.3
2007-11-19,63.5,29.1,5.6,-1.1
2007-11-20,66.0,32.7,6.0,-3.0
2007-11-21,75.0,38.4,9.5,-0.3
2007-11-23,67.2,38.3,10.7,6.8
2007-11-26,83.6,58.9,28.4,23.9
2007-11-27,67.5,40.3,13.8,10.9
2007-11-28,62.3,37.6,14.1,14.8
2007-11-29,71.7,44.2,21.5,18.8
2007-11-30,78.7,49.9,21.2,15.9
2007-12-03,89.1,59.3,26.6,20.0
2007-12-04,85.1,52.7,20.8,14.8
2007-12-05,86.4,55.0,19.7,10.2
2007-12-06,77.6,47.1,13.4,2.4
2007-12-07,77.8,44.9,11.6,0.2
2007-12-10,77.2,46.9,13.0,1.3
2007-12-11,101.6,69.8,30.3,12.7
2007-12-12,91.7,66.7,28.6,10.5
2007-12-13,80.4,53.9,14.9,2.0
2007-12-14,70.1,44.4,7.2,-7.0
2007-12-17,76.3,50.4,11.6,-2.0
2007-12-18,82.7,57.1,18.9,4.7
2007-12-19,85.7,60.8,24.6,10.6
2007-12-20,89.5,62.3,26.7,9.7
2007-12-21,80.3,50.1,13.9,-0.3
2007-12-24,75.7,43.0,8.8,-4.2
2007-12-27,80.1,49.6,15.5,0.6
2007-12-28,90.2,59.3,23.2,9.0
2007-12-31,97.0,66.5,30.8,15.4
2008-01-02,105.6,75.4,39.6,24.3
2008-01-03,103.0,68.1,32.0,18.4
2008-01-04,106.0,68.8,29.5,16.0
2008-01-07,106.8,71.5,31.4,18.4
2008-01-08,110.6,74.1,31.8,19.1
2008-01-09,111.6,74.2,32.8,19.7
2008-01-10,111.8,69.6,23.7,8.3
2008-01-11,120.5,77.1,32.0,13.5
2008-01-14,117.1,71.0,28.8,14.4
2008-01-15,118.3,75.9,36.2,22.0
2008-01-16,116.7,73.7,33.0,17.1
2008-01-17,116.9,78.8,38.9,23.6
2008-01-18,119.8,78.8,36.9,20.4
2008-01-22,132.1,94.4,49.5,22.3
2008-01-23,126.3,91.2,47.3,25.5
2008-01-24,128.0,81.2,37.3,18.5
2008-01-25,137.2,91.8,47.9,26.3
2008-01-28,127.8,80.9,40.2,19.8
2008-01-29,122.3,78.0,36.1,18.1
2008-01-30,124.1,72.8,30.9,12.6
2008-01-31,126.1,76.4,32.7,14.4
2008-02-01,135.5,83.8,37.0,16.0
2008-02-04,136.3,80.3,30.2,9.2
2008-02-05,138.7,80.3,30.0,7.6
2008-02-06,135.1,81.7,32.2,5.7
2008-02-07,122.0,63.1,17.7,-6.6
2008-02-08,123.3,71.7,27.0,2.3
2008-02-11,120.4,70.1,27.6,2.7
2008-02-12,125.4,72.9,30.7,5.4
2008-02-13,130.8,75.9,30.3,3.0
2008-02-14,133.8,71.4,19.1,-10.7
2008-02-15,129.9,70.6,24.9,-4.2
2008-02-19,123.1,60.9,17.8,-7.9
2008-02-20,118.8,54.7,14.9,-7.3
2008-02-21,145.0,84.2,34.3,5.3
2008-02-22,142.5,78.4,28.3,0.0
2008-02-25,126.1,60.8,17.1,-7.0
2008-02-26,139.9,72.8,25.6,-1.5
2008-02-27,137.0,71.2,27.4,0.6
2008-02-28,146.3,82.4,38.0,8.0
2008-02-29,156.1,92.6,46.1,14.5
2008-03-03,161.5,91.5,41.1,12.3
2008-03-04,161.5,88.5,32.7,3.4
2008-03-05,162.4,85.5,29.3,-1.3
2008-03-06,177.6,94.7,36.7,1.5
2008-03-07,177.1,98.0,41.2,4.3
2008-03-10,179.6,102.0,48.5,13.8
2008-03-11,162.7,84.2,35.6,6.7
2008-03-12,174.9,96.2,44.3,15.8
2008-03-13,167.5,85.8,34.4,7.4
2008-03-14,186.3,104.6,48.9,23.1
2008-03-17,188.3,112.1,57.2,29.3
2008-03-18,174.5,101.1,48.6,29.0
2008-03-19,185.7,112.3,57.4,35.3
2008-03-20,190.1,119.7,61.3,33.2
2008-03-25,180.5,105.3,51.3,23.2
2008-03-26,190.0,112.4,52.9,24.6
2008-03-27,185.3,106.6,52.1,27.3
2008-03-28,194.8,120.7,63.3,32.5
2008-03-31,198.3,123.6,63.3,32.9
2008-04-01,185.6,110.0,54.1,23.0
2008-04-02,177.9,103.6,51.2,21.2
2008-04-03,174.0,101.2,53.0,24.0
2008-04-04,179.3,109.2,59.3,27.1
2008-04-07,172.4,103.8,57.3,25.4
2008-04-08,180.3,106.9,57.2,25.8
2008-04-09,188.6,120.2,67.9,32.1
2008-04-10,176.8,105.5,55.1,25.2
2008-04-11,181.7,109.8,56.3,25.0
2008-04-14,182.6,109.9,55.3,23.2
2008-04-15,182.3,107.7,52.0,19.3
2008-04-16,172.0,97.6,43.0,10.7
2008-04-17,163.2,98.6,47.8,17.2
2008-04-18,169.4,105.2,51.1,24.9
2008-04-21,166.4,103.2,52.1,26.3
2008-04-22,177.0,105.1,55.9,25.8
2008-04-23,172.2,99.6,51.1,21.6
2008-04-24,151.5,83.4,44.0,17.3
2008-04-25,148.7,78.7,40.3,13.9
2008-04-28,155.2,86.6,48.6,21.1
2008-04-29,151.9,85.6,46.1,19.0
2008-04-30,157.4,91.6,50.7,18.4
2008-05-02,144.3,83.4,43.5,15.3
2008-05-05,148.3,84.4,41.7,8.6
2008-05-06,143.8,75.7,32.3,-0.4
2008-05-07,153.8,86.8,43.9,7.4
2008-05-08,156.0,89.8,45.3,11.4
2008-05-09,149.8,82.3,40.9,3.5
2008-05-12,149.9,83.6,40.0,4.9
2008-05-13,142.4,75.5,34.8,3.0
2008-05-14,142.6,76.5,37.0,8.3
2008-05-15,157.4,94.9,51.9,20.1
2008-05-16,156.9,93.7,47.1,14.6
2008-05-19,160.5,95.6,48.7,15.8
2008-05-20,170.0,103.1,53.5,18.2
2008-05-21,171.6,104.0,56.4,20.7
2008-05-22,162.9,93.2,48.3,15.1
2008-05-23,175.0,101.2,52.0,17.9
2008-05-27,165.1,93.2,47.6,12.3
2008-05-28,160.8,86.7,42.1,10.4
2008-05-29,164.2,91.2,46.0,13.5
2008-05-30,162.6,86.4,43.3,11.2
2008-06-02,174.3,96.5,49.6,14.4
2008-06-03,188.0,109.6,61.5,27.1
2008-06-04,180.4,99.3,50.9,13.9
2008-06-05,198.6,106.2,50.3,14.0
2008-06-06,219.2,125.0,61.1,10.2
2008-06-09,193.0,113.1,58.7,11.2
2008-06-10,168.6,100.6,54.2,10.9
2008-06-11,171.0,103.7,56.7,13.7
2008-06-12,154.9,91.0,48.9,13.0
2008-06-13,155.8,91.1,47.6,10.3
2008-06-16,169.7,100.2,52.7,9.6
2008-06-17,171.0,101.5,50.8,6.6
2008-06-18,175.0,109.8,55.5,6.5
2008-06-19,170.6,106.6,53.1,2.7
2008-06-20,174.6,107.9,54.0,6.8
2008-06-23,160.8,96.2,48.9,6.6
2008-06-24,167.5,106.8,59.6,17.1
2008-06-25,176.8,107.5,58.7,20.1
2008-06-26,186.4,111.7,59.9,23.1
2008-06-27,185.4,115.1,66.0,36.6
2008-06-30,199.4,129.4,73.4,39.2
2008-07-01,195.1,123.8,65.9,32.9
2008-07-02,205.0,135.8,75.1,40.2
2008-07-03,197.8,127.1,70.9,35.3
2008-07-07,196.8,119.0,62.0,33.7
2008-07-08,196.2,122.6,65.3,38.2
2008-07-09,205.1,131.8,69.4,40.3
2008-07-10,199.6,130.8,69.6,38.4
2008-07-11,182.2,113.3,55.9,29.9
2008-07-14,193.0,119.9,62.8,36.9
2008-07-15,193.8,120.6,61.7,32.9
2008-07-16,192.3,118.2,56.0,24.4
2008-07-17,182.5,109.4,50.4,19.9
2008-07-18,184.6,113.2,55.4,25.4
2008-07-21,195.8,123.7,64.2,28.0
2008-07-22,183.0,113.7,58.5,25.3
2008-07-23,178.6,114.5,59.4,25.3
2008-07-24,185.5,116.9,64.5,27.9
2008-07-25,175.0,106.2,53.2,19.5
2008-07-28,181.1,112.4,57.6,24.5
2008-07-29,173.6,103.7,51.4,22.4
2008-07-30,171.8,102.2,48.6,16.5
2008-07-31,180.1,106.7,51.6,17.1
2008-08-01,180.6,105.4,50.7,17.7
2008-08-04,177.3,104.3,48.9,15.5
2008-08-05,174.6,96.2,40.5,9.1
2008-08-06,172.6,94.2,38.9,5.7
2008-08-07,171.4,95.6,46.6,17.3
2008-08-08,159.6,87.0,42.2,20.8
2008-08-11,157.2,84.0,39.7,16.4
2008-08-12,165.3,90.7,42.7,16.9
2008-08-13,157.1,83.8,40.0,16.1
2008-08-14,160.6,88.4,43.7,20.8
2008-08-15,166.6,91.8,47.8,24.2
2008-08-18,168.7,92.0,46.5,24.7
2008-08-19,165.4,86.2,41.5,20.7
2008-08-20,175.8,95.6,45.6,23.2
2008-08-21,177.3,98.1,47.9,26.6
2008-08-22,173.1,98.2,48.2,27.0
2008-08-25,174.4,98.2,49.0,27.0
2008-08-26,166.2,90.2,46.0,27.1
2008-08-27,181.7,106.5,57.1,35.9
2008-08-28,181.9,105.9,55.9,31.6
2008-08-29,178.2,101.6,49.2,21.8
2008-09-02,186.7,111.0,61.3,33.3
2008-09-03,184.1,110.9,60.7,36.8
2008-09-04,188.0,113.4,64.8,41.2
2008-09-05,175.1,96.1,51.8,35.0
2008-09-08,173.3,99.1,59.5,41.3
2008-09-09,180.6,106.5,66.0,49.8
2008-09-10,179.7,104.8,61.8,46.7
2008-09-11,178.0,102.3,58.4,50.1
2008-09-12,177.6,100.7,55.8,43.8
2008-09-15,205.7,124.3,75.6,62.6
2008-09-16,186.8,115.9,70.5,59.5
2008-09-17,220.3,136.7,84.8,65.4
2008-09-18,209.3,124.5,75.5,68.2
2008-09-19,185.2,106.9,63.2,53.9
2008-09-22,198.2,113.9,65.4,56.4
2008-09-23,193.4,110.2,60.6,50.9
2008-09-24,190.3,113.9,59.7,46.0
2008-09-25,177.8,99.4,54.6,46.3
2008-09-26,173.0,96.5,54.1,48.6
2008-09-29,195.8,117.7,71.7,65.6
2008-09-30,159.2,88.7,43.2,37.8
2008-10-01,175.4,102.2,51.5,39.3
2008-10-02,185.2,116.0,59.2,40.7
2008-10-03,170.2,113.1,52.4,29.9
2008-10-06,171.3,120.9,59.6,36.8
2008-10-07,161.6,129.5,53.7,21.3
2008-10-08,136.1,96.3,24.8,7.4
2008-10-09,140.1,101.5,30.2,21.6
2008-10-10,136.6,102.9,29.5,28.0
2008-10-14,135.9,96.3,24.8,28.4
2008-10-15,156.5,100.8,35.4,46.8
2008-10-16,150.3,97.3,38.8,51.8
2008-10-17,127.7,91.4,26.8,25.0
2008-10-20,127.2,94.8,37.2,35.4
2008-10-21,137.1,106.5,48.1,40.0
2008-10-22,132.7,102.1,49.7,45.4
2008-10-23,129.4,98.2,44.8,43.6
2008-10-24,120.7,89.5,27.6,25.2
2008-10-27,111.7,83.5,27.0,30.2
2008-10-28,100.1,75.3,19.8,27.8
2008-10-29,110.1,75.2,18.7,24.5
2008-10-30,112.9,68.1,14.0,24.9
2008-10-31,112.1,74.1,15.3,22.0
2008-11-03,129.0,86.0,23.3,27.2
2008-11-04,132.8,99.1,36.8,39.0
2008-11-05,138.0,100.9,44.4,49.3
2008-11-06,144.9,98.0,39.4,45.5
2008-11-07,131.8,79.5,24.7,34.1
2008-11-10,138.0,84.5,24.6,36.1
2008-11-12,135.0,91.2,26.9,42.0
2008-11-13,125.9,80.6,17.5,28.4
2008-11-14,134.3,93.0,28.8,42.7
2008-11-17,128.4,90.9,30.8,42.6
2008-11-18,133.7,98.6,44.5,44.8
2008-11-19,135.5,109.8,53.5,55.6
2008-11-20,132.0,115.8,72.7,75.9
2008-11-21,126.6,110.0,62.0,67.0
2008-11-24,103.9,88.9,47.1,56.6
2008-11-25,128.1,110.0,67.8,63.9
2008-11-26,132.9,115.0,75.9,64.7
2008-11-28,137.4,120.3,76.9,66.1
2008-12-01,144.1,133.3,89.6,83.0
2008-12-02,144.1,139.3,89.5,78.5
2008-12-03,143.5,146.2,81.8,59.8
2008-12-04,147.6,151.2,97.4,32.8
2008-12-05,146.0,140.2,90.9,49.4
2008-12-08,149.5,137.0,86.3,51.1
2008-12-09,171.7,160.3,104.5,76.7
2008-12-10,167.9,160.2,105.2,82.3
2008-12-11,170.3,164.9,110.6,86.0
2008-12-12,167.5,161.9,113.3,86.4
2008-12-15,171.6,169.5,127.0,103.5
2008-12-16,178.2,182.1,137.8,105.4
2008-12-17,152.9,168.3,144.7,111.2
2008-12-18,155.2,174.6,155.2,115.8
2008-12-19,143.9,159.9,149.0,117.4
2008-12-22,129.4,153.4,144.0,110.0
2008-12-23,126.4,139.4,142.1,108.4
2008-12-24,125.7,138.6,140.0,108.7
2008-12-29,135.2,146.7,146.0,107.3
2008-12-30,139.0,145.3,149.1,113.4
2008-12-31,137.6,137.4,135.1,102.5
2009-01-02,121.9,118.6,112.4,86.5
2009-01-05,128.2,121.1,112.4,76.4
2009-01-06,130.4,126.3,120.2,89.4
2009-01-07,120.0,127.4,119.1,104.0
2009-01-08,113.0,130.4,120.6,101.2
2009-01-09,110.8,132.3,119.4,95.8
2009-01-12,111.5,138.1,128.1,100.9
2009-01-13,107.5,136.1,128.0,104.7
2009-01-14,109.2,142.2,136.9,120.3
2009-01-15,110.6,142.9,134.8,112.9
2009-01-16,113.8,138.5,127.2,119.8
2009-01-20,111.2,137.2,126.8,115.2
2009-01-21,104.3,126.9,114.0,100.6
2009-01-22,101.7,127.1,114.4,89.2
2009-01-23,89.7,119.4,110.7,103.1
2009-01-26,109.8,134.6,120.8,105.6
2009-01-27,110.7,148.3,134.5,108.3
2009-01-28,101.0,126.7,109.8,78.3
2009-01-29,89.4,108.7,95.3,50.2
2009-01-30,84.3,112.2,101.9,51.1
2009-02-02,85.5,116.4,111.6,64.8
2009-02-03,73.0,100.3,96.5,45.9
2009-02-04,76.9,103.5,95.9,54.9
2009-02-05,66.4,96.6,90.1,56.5
2009-02-06,65.6,90.9,84.1,50.1
2009-02-09,63.6,91.2,81.8,47.3
2009-02-10,74.1,106.6,96.6,60.4
2009-02-11,67.2,102.5,102.9,62.6
2009-02-12,66.6,97.6,92.5,57.0
2009-02-13,60.7,87.0,82.8,35.8
2009-02-17,59.0,100.6,103.5,53.5
2009-02-18,51.0,85.2,93.4,50.7
2009-02-19,61.4,89.9,91.3,49.8
2009-02-20,61.2,92.6,93.9,56.9
2009-02-23,62.3,88.1,90.0,61.0
2009-02-24,49.0,78.6,84.9,60.3
2009-02-25,39.9,60.1,70.0,49.3
2009-02-26,51.6,71.8,78.0,51.5
2009-02-27,55.3,75.7,69.8,42.7
2009-03-02,59.8,84.3,80.5,49.7
2009-03-03,55.9,83.9,81.0,48.9
2009-03-04,47.2,75.2,78.2,56.0
2009-03-05,54.4,85.7,87.7,64.0
2009-03-06,55.1,83.4,83.4,58.9
2009-03-09,57.4,78.6,75.5,46.1
2009-03-10,54.3,74.4,70.0,38.3
2009-03-11,59.2,84.5,81.6,50.5
2009-03-12,53.0,82.0,81.0,52.3
2009-03-13,60.1,89.9,84.7,59.8
2009-03-16,56.9,86.1,78.1,53.0
2009-03-17,54.2,81.6,78.5,51.1
2009-03-18,78.7,130.9,131.8,73.5
2009-03-19,73.2,115.6,112.2,60.6
2009-03-20,62.6,104.8,100.4,53.6
2009-03-23,60.8,103.1,98.5,47.1
2009-03-24,66.8,107.5,104.5,65.1
2009-03-25,65.5,94.6,91.6,54.6
2009-03-26,72.3,98.5,95.1,60.3
2009-03-27,62.0,92.3,89.1,51.7
2009-03-30,63.6,95.5,92.4,51.8
2009-03-31,64.7,99.2,93.0,53.3
2009-04-01,61.6,100.1,95.8,62.0
2009-04-02,69.3,101.6,93.9,65.9
2009-04-03,69.2,92.7,82.6,53.2
2009-04-06,75.3,91.8,79.5,56.5
2009-04-07,73.0,92.7,81.6,57.6
2009-04-08,69.3,96.2,89.2,58.9
2009-04-09,66.2,90.8,83.2,53.6
2009-04-14,71.6,103.9,93.9,60.8
2009-04-15,67.0,98.7,87.7,58.4
2009-04-16,67.5,96.1,88.1,54.0
2009-04-17,64.1,87.5,78.9,46.8
2009-04-20,66.6,91.7,84.0,51.6
2009-04-21,62.2,82.9,72.6,42.4
2009-04-22,62.6,82.9,72.3,38.1
2009-04-23,64.8,85.6,73.4,36.6
2009-04-24,58.9,77.4,67.6,28.2
2009-04-27,61.7,79.5,69.3,29.7
2009-04-28,56.2,69.8,60.0,14.7
2009-04-29,55.8,65.1,52.6,8.3
2009-04-30,61.2,66.2,49.4,1.7
2009-05-04,57.7,65.7,48.1,8.8
2009-05-05,53.7,63.2,45.8,6.4
2009-05-06,52.7,61.0,48.6,5.1
2009-05-07,54.2,62.9,49.8,2.7
2009-05-08,47.0,60.3,51.7,4.2
2009-05-11,52.7,66.5,58.1,8.2
2009-05-12,58.7,72.3,61.3,12.9
2009-05-13,52.0,68.3,62.3,20.6
2009-05-14,54.6,69.2,64.2,24.3
2009-05-15,52.9,68.9,63.4,20.4
2009-05-18,45.6,59.6,54.9,11.8
2009-05-19,52.9,63.2,58.3,12.5
2009-05-20,63.5,72.9,64.1,21.7
2009-05-21,55.1,56.1,43.8,3.6
2009-05-22,55.7,56.0,42.7,1.2
2009-05-26,60.7,59.6,42.1,3.8
2009-05-27,63.4,51.5,26.3,-8.4
2009-05-28,61.8,51.1,34.6,-2.5
2009-05-29,60.4,60.5,54.6,16.9
2009-06-01,56.4,39.3,32.1,-2.2
2009-06-02,54.1,40.4,38.3,5.3
2009-06-03,55.5,43.2,39.2,-1.3
2009-06-04,62.9,41.6,31.7,-9.9
2009-06-05,41.3,21.8,23.6,-16.1
2009-06-08,35.1,14.1,14.2,-19.9
2009-06-09,42.2,21.2,16.6,-21.4
2009-06-10,36.5,15.1,6.3,-31.4
2009-06-11,43.8,25.9,22.2,-16.9
2009-06-12,43.3,24.2,20.9,-18.3
2009-06-15,43.0,24.0,19.1,-15.1
2009-06-16,44.0,26.9,27.4,-0.2
2009-06-17,41.5,22.6,23.3,-3.4
2009-06-18,33.1,10.0,11.2,-13.3
2009-06-19,34.1,12.6,18.2,2.5
2009-06-22,36.9,12.8,17.6,0.4
2009-06-23,42.7,18.5,25.6,11.1
2009-06-24,29.6,10.7,17.0,4.5
2009-06-25,31.9,22.4,31.7,14.6
2009-06-26,32.2,24.4,31.7,13.4
2009-06-29,35.5,24.1,29.9,10.1
2009-06-30,38.6,26.6,30.8,7.7
2009-07-01,41.3,28.1,28.0,5.1
2009-07-02,38.1,28.6,26.9,3.6
2009-07-06,37.2,28.7,23.7,-9.1
2009-07-07,35.8,33.3,29.0,-3.2
2009-07-08,42.9,46.5,43.8,10.8
2009-07-09,42.4,37.9,33.0,-4.6
2009-07-10,42.7,44.2,40.6,5.3
2009-07-13,41.6,37.8,33.3,-10.2
2009-07-14,41.3,33.9,26.3,-21.7
2009-07-15,38.6,21.0,15.3,-28.2
2009-07-16,37.3,24.9,18.9,-25.2
2009-07-17,38.0,21.4,14.0,-27.6
2009-07-20,46.4,31.0,21.7,-16.3
2009-07-21,47.3,38.5,30.5,-7.4
2009-07-22,43.8,28.2,19.1,-15.6
2009-07-23,33.5,10.5,4.5,-28.3
2009-07-24,40.6,17.3,8.6,-25.6
2009-07-27,44.3,16.0,6.1,-27.9
2009-07-28,36.3,11.2,3.4,-28.2
2009-07-29,30.3,2.5,2.7,-26.5
2009-07-30,29.0,5.2,2.8,-23.9
2009-07-31,29.8,11.2,8.9,-21.9
2009-08-03,28.7,0.7,-3.1,-31.2
2009-08-04,30.2,0.7,-7.1,-34.7
2009-08-05,34.4,0.7,-14.5,-49.2
2009-08-06,38.7,3.3,-12.8,-45.0
2009-08-07,36.0,-0.7,-17.4,-47.1
2009-08-10,43.5,7.8,-8.6,-37.6
2009-08-11,37.3,8.7,-5.2,-26.7
2009-08-12,40.1,10.3,-2.6,-32.8
2009-08-13,40.4,17.5,6.9,-25.6
2009-08-14,39.8,17.8,5.5,-26.0
2009-08-17,42.0,23.7,9.5,-22.1
2009-08-18,41.2,19.1,6.5,-24.2
2009-08-19,43.1,21.1,9.4,-20.9
2009-08-20,41.8,20.5,13.0,-18.2
2009-08-21,38.6,10.0,-0.2,-28.2
2009-08-24,47.1,19.4,9.7,-17.5
2009-08-25,42.7,17.3,10.8,-12.0
2009-08-26,39.7,16.1,7.8,-12.8
2009-08-27,41.6,13.8,4.5,-15.9
2009-08-28,45.2,17.7,8.4,-10.4
2009-08-31,48.4,25.8,15.8,-7.2
2009-09-01,51.1,32.3,20.8,-6.6
2009-09-02,51.5,36.1,27.9,3.0
2009-09-03,46.0,34.3,27.9,2.6
2009-09-04,39.9,23.9,12.0,-14.6
2009-09-08,38.0,23.6,14.9,-10.7
2009-09-09,40.7,26.6,18.2,-5.3
2009-09-10,37.5,28.5,24.6,4.3
2009-09-11,36.5,26.8,23.7,0.4
2009-09-14,34.7,18.8,13.6,-7.8
2009-09-15,35.7,17.4,11.1,-10.3
2009-09-16,32.8,15.6,13.7,-6.2
2009-09-17,39.3,23.9,22.1,1.4
2009-09-18,34.4,14.7,14.0,0.0
2009-09-21,31.7,14.8,14.8,4.3
2009-09-22,32.0,17.1,17.7,6.3
2009-09-23,38.2,23.7,20.0,2.9
2009-09-24,36.1,20.8,19.5,5.6
2009-09-25,32.2,18.9,19.8,2.8
2009-09-28,31.1,20.5,20.7,3.8
2009-09-29,32.4,21.9,22.0,4.1
2009-09-30,37.3,23.9,19.9,0.1
2009-10-01,46.7,36.9,33.0,11.6
2009-10-02,41.5,27.3,24.7,-0.2
2009-10-05,41.3,28.2,24.2,-1.6
2009-10-06,40.9,26.7,24.0,-6.1
2009-10-07,45.4,33.9,27.7,-2.2
2009-10-08,41.3,25.3,19.2,-12.3
2009-10-09,46.4,21.6,13.7,-18.3
2009-10-13,46.3,25.3,18.3,-12.9
2009-10-14,44.3,21.0,11.4,-20.1
2009-10-15,48.6,23.0,14.6,-18.0
2009-10-16,51.5,27.3,18.9,-10.8
2009-10-19,49.2,27.3,20.3,-6.9
2009-10-20,49.9,28.0,21.1,-6.2
2009-10-21,47.0,22.9,17.8,-3.6
2009-10-22,49.2,20.5,13.9,-7.8
2009-10-23,44.7,17.8,11.9,-8.0
2009-10-26,42.0,12.0,5.9,-13.4
2009-10-27,41.2,15.5,7.6,-12.1
2009-10-28,43.3,17.1,9.5,-11.6
2009-10-29,48.0,17.5,6.2,-18.6
2009-10-30,52.4,26.5,13.9,-11.6
2009-11-02,48.5,21.3,7.8,-14.4
2009-11-03,46.1,17.0,3.1,-20.9
2009-11-04,51.3,19.5,1.6,-22.5
2009-11-05,52.7,25.9,4.7,-20.2
2009-11-06,56.7,32.2,9.0,-17.7
2009-11-09,49.3,25.0,6.1,-20.9
2009-11-10,50.2,21.9,4.3,-26.2
2009-11-12,53.6,28.1,13.0,-24.8
2009-11-13,51.2,26.4,14.1,-21.4
2009-11-16,55.0,35.5,23.8,-11.8
2009-11-17,55.2,33.5,20.7,-17.0
2009-11-18,56.0,32.1,18.1,-21.5
2009-11-19,57.7,33.2,17.4,-24.4
2009-11-20,61.6,35.6,19.1,-23.2
2009-11-23,62.1,36.3,18.3,-21.4
2009-11-24,63.3,36.8,20.0,-17.6
2009-11-25,67.2,42.0,23.7,-13.2
2009-11-27,63.9,43.2,26.6,-13.2
2009-11-30,66.4,44.1,23.3,-16.2
2009-12-01,64.3,39.5,14.5,-22.0
2009-12-02,59.6,34.4,11.8,-20.7
2009-12-03,61.3,33.3,7.2,-26.3
2009-12-04,56.8,29.1,3.1,-30.4
2009-12-07,59.4,28.8,0.9,-35.3
2009-12-08,55.6,29.4,2.0,-38.5
2009-12-09,53.4,28.4,-0.7,-39.1
2009-12-10,54.0,26.7,-1.8,-43.3
2009-12-11,52.2,22.9,-4.2,-38.1
2009-12-14,45.6,16.1,-7.9,-40.1
2009-12-15,45.2,12.4,-10.4,-43.8
2009-12-16,45.1,10.2,-13.6,-45.2
2009-12-17,46.9,15.9,-7.4,-41.4
2009-12-18,42.3,11.1,-11.8,-47.9
2009-12-21,36.1,1.6,-22.4,-49.7
2009-12-22,31.5,-1.4,-24.6,-48.1
2009-12-23,30.7,-1.7,-23.0,-46.0
2009-12-24,26.7,-7.1,-27.7,-53.2
2009-12-28,22.6,-7.6,-27.1,-50.7
2009-12-29,26.7,-4.9,-22.0,-44.3
2009-12-30,29.8,-1.5,-17.9,-40.3
2009-12-31,23.4,-9.5,-22.9,-42.4
2010-01-04,35.1,-0.9,-21.6,-43.9
2010-01-05,39.4,5.0,-16.1,-38.7
2010-01-06,38.7,1.9,-22.2,-46.9
2010-01-07,34.8,-2.4,-25.5,-49.9
2010-01-08,38.6,0.0,-24.9,-53.5
2010-01-11,36.4,-3.8,-29.3,-57.1
2010-01-12,38.8,3.3,-20.3,-47.6
2010-01-13,34.1,-2.3,-25.2,-53.9
2010-01-14,35.9,1.0,-19.7,-51.5
2010-01-15,36.7,4.4,-16.9,-50.3
2010-01-19,37.1,3.1,-18.3,-51.6
2010-01-20,35.5,1.2,-16.8,-44.1
2010-01-21,40.6,8.1,-9.5,-41.4
2010-01-22,37.1,4.7,-11.1,-47.5
2010-01-25,37.6,4.3,-15.5,-52.2
2010-01-26,35.8,3.1,-16.3,-54.7
2010-01-27,33.2,-2.9,-19.7,-57.6
2010-01-28,37.4,0.9,-19.5,-60.6
2010-01-29,42.4,10.1,-10.8,-55.8
2010-02-01,39.5,3.1,-22.0,-60.4
2010-02-02,42.5,6.6,-20.8,-59.4
2010-02-03,41.9,4.4,-25.9,-60.0
2010-02-04,48.4,14.1,-18.0,-54.4
2010-02-05,47.2,15.7,-18.7,-58.9
2010-02-08,40.4,11.5,-20.9,-65.1
2010-02-09,35.7,5.8,-24.6,-65.9
2010-02-10,28.5,-1.3,-29.1,-70.8
2010-02-11,31.5,0.9,-28.4,-73.9
2010-02-12,33.8,2.5,-25.5,-70.1
2010-02-16,36.4,5.9,-21.4,-64.5
2010-02-17,27.1,-3.5,-29.7,-73.4
2010-02-18,24.2,-9.3,-33.1,-74.1
2010-02-19,22.7,-7.9,-28.4,-70.8
2010-02-22,26.2,-6.3,-29.8,-73.4
2010-02-23,20.7,-6.3,-27.4,-70.2
2010-02-24,22.2,-9.2,-31.2,-74.2
2010-02-25,22.3,-6.0,-27.4,-69.7
2010-02-26,21.2,-4.7,-25.8,-68.6
2010-03-01,24.0,-2.7,-25.1,-68.2
2010-03-02,22.7,-2.5,-26.3,-69.0
2010-03-03,24.9,1.4,-23.9,-66.1
2010-03-04,19.6,-0.9,-22.9,-64.6
2010-03-05,17.2,-4.7,-28.6,-71.3
2010-03-08,17.0,-6.1,-31.9,-75.4
2010-03-09,15.8,-8.3,-34.8,-75.8
2010-03-10,15.4,-10.5,-34.5,-75.9
2010-03-11,13.1,-12.8,-33.6,-72.0
2010-03-12,16.8,-8.4,-28.7,-67.6
2010-03-15,15.6,-11.5,-32.5,-71.3
2010-03-16,17.5,-8.2,-28.9,-68.2
2010-03-17,8.8,-14.6,-30.9,-67.5
2010-03-18,9.0,-18.0,-32.1,-68.4
2010-03-19,6.2,-20.8,-33.6,-66.6
2010-03-22,5.8,-18.2,-33.9,-69.7
2010-03-23,2.5,-21.3,-37.9,-75.3
2010-03-24,-1.3,-36.3,-49.9,-86.8
2010-03-25,-3.5,-37.4,-54.4,-90.6
2010-03-26,4.3,-28.7,-46.4,-86.9
2010-03-29,1.9,-33.4,-52.0,-90.6
2010-03-30,0.9,-32.2,-50.7,-89.6
2010-03-31,3.0,-30.9,-51.1,-91.3
2010-04-01,0.7,-33.7,-54.7,-95.1
2010-04-06,-6.5,-42.5,-60.7,-95.8
2010-04-07,0.2,-35.1,-53.4,-87.3
2010-04-08,-5.8,-39.3,-56.4,-88.8
2010-04-09,0.7,-35.1,-50.9,-82.6
2010-04-12,3.3,-29.8,-48.2,-77.8
2010-04-13,-0.5,-32.4,-47.4,-77.8
2010-04-14,-1.2,-35.4,-51.1,-81.0
2010-04-15,1.4,-31.5,-48.4,-79.8
2010-04-16,3.5,-26.7,-44.7,-74.5
2010-04-19,-1.2,-34.4,-49.3,-81.5
2010-04-20,-2.4,-35.1,-48.2,-76.7
2010-04-21,-0.3,-31.8,-44.0,-69.7
2010-04-22,-1.4,-37.9,-50.6,-80.1
2010-04-23,-4.4,-40.1,-51.2,-80.2
2010-04-26,0.2,-38.4,-53.7,-81.7
2010-04-27,4.9,-23.3,-40.3,-76.0
2010-04-28,5.1,-30.2,-51.7,-87.2
2010-04-29,5.3,-28.2,-46.1,-80.4
2010-04-30,3.9,-28.1,-42.6,-78.1
2010-05-03,1.8,-30.3,-44.0,-59.8
2010-05-04,2.0,-26.8,-41.8,-56.8
2010-05-05,-1.9,-32.7,-44.8,-61.3
2010-05-06,5.0,-16.2,-24.2,-37.1
2010-05-07,-9.0,-27.7,-31.6,-49.3
2010-05-10,-5.4,-27.8,-33.7,-47.5
2010-05-11,-2.5,-26.9,-35.1,-46.3
2010-05-12,-7.7,-27.3,-34.6,-47.3
2010-05-13,-5.7,-28.5,-35.9,-51.6
2010-05-14,-3.3,-24.7,-31.8,-45.6
2010-05-17,0.7,-22.6,-32.3,-45.4
2010-05-18,11.3,-19.3,-29.7,-43.3
2010-05-19,5.9,-21.8,-30.2,-44.9
2010-05-20,6.2,-21.1,-28.1,-41.6
2010-05-21,7.1,-17.8,-25.7,-41.3
2010-05-24,5.5,-21.0,-30.6,-46.7
2010-05-25,2.6,-20.3,-31.5,-45.0
2010-05-26,7.2,-18.3,-27.6,-41.0
2010-05-27,6.2,-24.7,-37.5,-51.1
2010-05-28,-18.3,-35.2,-40.4,-70.5
2010-06-01,-22.0,-36.9,-42.1,-73.0
2010-06-02,-25.2,-41.3,-45.6,-78.9
2010-06-03,-21.9,-38.2,-41.9,-75.6
2010-06-04,-14.1,-22.6,-26.1,-63.2
2010-06-07,-15.0,-16.1,-18.2,-62.6
2010-06-08,-16.1,-20.5,-21.0,-64.4
2010-06-09,-17.8,-24.3,-24.6,-65.9
2010-06-10,-21.1,-34.6,-35.4,-77.2
2010-06-11,-20.5,-29.0,-30.3,-67.9
2010-06-14,-20.1,-31.0,-32.7,-70.8
2010-06-15,-18.6,-30.1,-33.1,-69.2
2010-06-16,-15.6,-26.9,-28.6,-66.0
2010-06-17,-10.3,-20.1,-21.8,-59.0
2010-06-18,-8.4,-19.3,-22.5,-59.0
2010-06-21,-4.1,-17.7,-23.1,-58.3
2010-06-22,-2.3,-13.0,-18.7,-56.7
2010-06-23,3.3,-10.5,-15.7,-53.4
2010-06-24,-1.2,-15.6,-19.6,-58.3
2010-06-25,3.8,-10.5,-16.0,-56.9
2010-06-28,7.0,-4.4,-10.9,-55.6
2010-06-29,4.4,-3.9,-7.1,-52.7
2010-06-30,8.2,-2.3,-6.2,-51.0
2010-07-01,9.6,-3.1,-6.5,-48.3
2010-07-02,9.5,-6.1,-11.3,-52.5
2010-07-06,10.5,-1.3,-7.7,-48.1
2010-07-07,7.7,-5.7,-13.3,-57.6
2010-07-08,14.4,-2.4,-15.1,-59.4
2010-07-09,17.0,-6.5,-20.2,-64.8
2010-07-12,11.0,-10.8,-23.8,-72.1
2010-07-13,9.5,-14.9,-29.4,-74.6
2010-07-14,19.7,-3.1,-21.2,-68.0
2010-07-15,23.5,7.1,-9.5,-57.5
2010-07-16,22.5,10.4,-8.1,-59.1
2010-07-19,28.1,11.7,-8.6,-60.4
2010-07-20,23.1,11.0,-10.0,-58.9
2010-07-21,22.2,13.9,-1.5,-49.2
2010-07-22,18.9,12.2,-4.4,-54.5
2010-07-23,20.7,9.2,-10.4,-56.0
2010-07-26,23.8,13.0,-8.5,-52.5
2010-07-27,27.8,11.7,-11.0,-56.7
2010-07-28,28.7,14.9,-8.3,-56.1
2010-07-29,31.4,19.9,-9.2,-56.4
2010-07-30,32.1,25.7,-3.9,-51.4
2010-08-02,33.1,25.2,-5.7,-57.2
2010-08-03,28.5,24.1,-8.7,-62.9
2010-08-04,25.5,15.9,-15.2,-69.5
2010-08-05,29.2,19.0,-15.0,-70.8
2010-08-06,32.5,22.1,-11.7,-68.8
2010-08-09,25.8,16.7,-12.6,-69.8
2010-08-10,27.1,25.7,-2.6,-64.7
2010-08-11,16.5,17.3,-3.8,-65.7
2010-08-12,13.0,11.8,-7.4,-69.2
2010-08-13,13.9,12.7,-1.0,-61.0
2010-08-16,15.1,16.0,2.2,-57.2
2010-08-17,16.5,15.9,-1.9,-64.7
2010-08-18,15.4,9.1,-7.0,-64.4
2010-08-19,17.2,13.3,-1.3,-56.3
2010-08-20,14.4,5.8,-8.5,-64.7
2010-08-23,15.2,10.8,-5.9,-62.6
2010-08-24,8.1,7.7,-6.4,-66.6
2010-08-25,7.7,5.8,-14.7,-76.4
2010-08-26,12.0,10.0,-7.7,-75.5
2010-08-27,7.6,-1.5,-26.1,-96.0
2010-08-30,11.6,7.0,-12.4,-82.6
2010-08-31,15.3,12.5,-7.0,-76.0
2010-09-01,14.7,11.7,-10.2,-75.5
2010-09-02,14.3,10.6,-10.7,-73.8
2010-09-03,15.4,9.0,-13.3,-71.0
2010-09-07,13.1,9.6,-9.6,-68.8
2010-09-08,15.2,9.8,-12.2,-71.2
2010-09-09,15.0,3.3,-21.4,-82.7
2010-09-10,17.4,6.2,-20.3,-80.5
2010-09-13,24.9,17.5,-8.8,-67.3
2010-09-14,25.9,21.9,-7.8,-70.6
2010-09-15,29.1,23.2,-9.2,-73.3
2010-09-16,37.6,29.8,-3.1,-66.9
2010-09-17,33.8,26.1,-7.5,-74.4
2010-09-20,37.6,33.2,-1.0,-68.6
2010-09-21,42.0,42.1,10.1,-63.9
2010-09-22,38.1,36.9,7.7,-64.8
2010-09-23,30.8,28.2,2.5,-68.1
2010-09-24,32.3,26.9,-0.9,-69.4
2010-09-27,33.2,29.3,2.3,-64.9
2010-09-28,40.9,35.1,5.8,-64.8
2010-09-29,39.6,37.0,2.8,-67.3
2010-09-30,47.8,42.7,6.2,-66.4
2010-10-01,50.8,47.2,9.5,-66.0
2010-10-04,46.5,43.2,5.6,-72.9
2010-10-05,45.4,44.3,6.0,-74.9
2010-10-06,45.5,45.5,12.4,-69.5
2010-10-07,49.4,49.7,14.9,-72.5
2010-10-08,51.1,53.6,16.2,-71.8
2010-10-12,44.5,44.7,8.7,-81.9
2010-10-13,45.5,48.5,10.6,-80.4
2010-10-14,45.7,43.9,6.3,-85.5
2010-10-15,48.7,45.7,4.3,-87.0
2010-10-18,55.0,57.5,13.4,-80.4
2010-10-19,58.8,63.3,17.3,-75.3
2010-10-20,64.6,67.1,17.7,-76.6
2010-10-21,64.9,66.6,14.7,-80.9
2010-10-22,70.0,66.3,13.0,-84.1
2010-10-25,65.6,61.2,11.6,-81.7
2010-10-26,68.0,59.7,7.4,-88.2
2010-10-27,69.9,57.4,5.6,-88.0
2010-10-28,71.7,65.5,9.0,-90.6
2010-10-29,72.1,69.7,14.1,-87.0
2010-11-01,71.9,68.2,8.3,-92.6
2010-11-02,71.9,69.3,9.0,-89.0
2010-11-03,69.8,68.7,-0.2,-112.1
2010-11-04,69.7,74.5,15.7,-101.7
2010-11-05,61.8,66.3,11.9,-105.1
2010-11-08,59.0,60.7,7.1,-109.5
2010-11-09,53.8,47.3,-4.1,-121.7
2010-11-10,56.6,52.8,4.3,-121.3
2010-11-12,52.7,48.1,1.9,-112.8
2010-11-15,54.8,37.9,-9.6,-119.5
2010-11-16,55.3,39.9,-0.4,-104.9
2010-11-17,56.7,43.1,-1.8,-106.6
2010-11-18,57.9,47.6,4.7,-97.2
2010-11-19,59.6,46.1,7.3,-94.7
2010-11-22,58.1,51.2,11.7,-91.2
2010-11-23,53.8,46.8,7.1,-96.9
2010-11-24,46.8,37.4,0.0,-102.2
2010-11-26,50.5,46.4,11.9,-84.4
2010-11-29,47.8,48.9,17.2,-79.1
2010-11-30,53.4,52.2,19.1,-79.4
2010-12-01,46.5,39.9,8.7,-84.5
2010-12-02,40.3,37.7,7.9,-81.9
2010-12-03,46.9,43.7,12.5,-80.9
2010-12-06,49.1,47.8,16.9,-77.1
2010-12-07,39.8,32.1,3.4,-83.9
2010-12-08,37.6,27.0,-2.8,-85.7
2010-12-09,41.7,25.8,-5.3,-90.2
2010-12-10,44.2,21.1,-12.7,-90.8
2010-12-13,48.5,29.1,-8.2,-82.6
2010-12-14,42.4,14.2,-24.5,-91.8
2010-12-15,41.0,13.5,-26.9,-94.9
2010-12-16,44.9,21.1,-17.4,-90.9
2010-12-17,48.9,27.2,-6.3,-75.7
2010-12-20,45.4,19.0,-15.6,-86.8
2010-12-21,45.5,19.7,-14.5,-85.0
2010-12-22,37.0,12.3,-17.3,-88.8
2010-12-23,31.6,4.9,-20.3,-88.7
2010-12-27,29.5,10.5,-9.9,-79.2
2010-12-28,18.7,-6.3,-29.6,-96.4
2010-12-29,31.2,13.5,-8.3,-78.5
2010-12-30,27.1,5.6,-15.0,-84.4
2010-12-31,31.7,10.5,-6.8,-75.9
2011-01-03,29.1,8.6,-13.7,-82.7
2011-01-04,28.4,7.3,-17.8,-90.7
2011-01-05,23.7,-4.3,-31.5,-100.9
2011-01-06,29.9,4.9,-20.2,-92.6
2011-01-07,35.3,14.3,-13.8,-91.0
2011-01-10,35.5,13.6,-16.8,-93.2
2011-01-11,34.4,8.1,-20.0,-93.7
2011-01-12,41.6,18.3,-13.4,-87.9
2011-01-13,53.2,30.9,-6.0,-88.4
2011-01-14,58.9,30.4,-10.7,-97.9
2011-01-18,65.2,36.9,-6.7,-95.9
2011-01-19,61.8,36.9,-5.6,-89.1
2011-01-20,66.1,34.8,-9.9,-89.9
2011-01-21,72.5,41.2,-5.7,-85.1
2011-01-24,69.7,39.2,-8.5,-87.6
2011-01-25,72.3,44.9,-0.2,-77.5
2011-01-26,76.5,44.2,-6.5,-83.9
2011-01-27,81.3,50.8,-2.6,-80.9
2011-01-28,95.8,62.2,4.5,-81.6
2011-01-31,89.8,56.2,-3.5,-88.1
2011-02-01,86.6,52.0,-3.7,-84.1
2011-02-02,81.9,42.8,-10.8,-87.3
2011-02-03,74.3,33.9,-13.1,-89.7
2011-02-04,70.7,26.2,-23.7,-96.5
2011-02-07,69.1,25.8,-20.7,-92.4
2011-02-08,63.9,16.4,-28.2,-95.9
2011-02-09,71.3,25.0,-15.9,-86.1
2011-02-10,68.9,20.2,-20.1,-89.3
2011-02-11,65.0,17.5,-17.0,-88.6
2011-02-14,63.9,21.0,-12.2,-81.0
2011-02-15,67.8,24.3,-10.2,-79.6
2011-02-16,61.9,16.1,-17.6,-87.5
2011-02-17,64.2,19.0,-16.1,-90.3
2011-02-18,70.1,23.0,-15.2,-89.5
2011-02-22,78.6,35.5,-8.4,-88.8
2011-02-23,79.5,30.2,-14.2,-91.2
2011-02-24,78.2,30.5,-10.8,-87.3
2011-02-25,80.8,35.5,-5.1,-84.3
2011-02-28,83.4,39.2,-3.6,-80.9
2011-03-01,88.1,44.3,1.0,-77.3
2011-03-02,84.1,38.4,-4.8,-84.2
2011-03-03,93.0,41.4,-6.9,-80.6
2011-03-04,105.4,55.8,0.1,-74.9
2011-03-07,104.4,55.9,0.5,-73.9
2011-03-08,98.6,49.7,-7.1,-79.7
2011-03-09,101.7,56.1,1.8,-74.2
2011-03-10,103.4,62.4,8.3,-72.7
2011-03-11,101.0,57.2,2.0,-77.1
2011-03-14,102.7,62.2,5.0,-76.4
2011-03-15,92.0,51.7,0.8,-81.6
2011-03-16,93.6,59.6,7.9,-72.3
2011-03-17,97.0,62.9,11.4,-69.5
2011-03-18,99.8,61.6,10.4,-63.9
2011-03-21,102.7,63.4,9.3,-59.7
2011-03-22,102.0,61.0,10.6,-58.9
2011-03-23,99.3,59.2,8.0,-61.9
2011-03-24,96.9,52.7,4.2,-62.9
2011-03-25,92.5,49.5,1.5,-62.5
2011-03-28,94.1,50.6,4.5,-59.3
2011-03-29,94.6,49.3,1.3,-64.4
2011-03-30,96.6,56.6,8.4,-59.4
2011-03-31,98.6,55.1,8.8,-59.7
2011-04-01,102.6,60.3,12.9,-50.7
2011-04-04,104.5,62.7,12.4,-52.3
2011-04-05,96.8,53.6,6.6,-54.2
2011-04-06,98.2,53.0,4.1,-56.2
2011-04-07,103.3,56.2,2.8,-59.3
2011-04-08,108.7,61.4,5.7,-53.6
2011-04-11,106.2,61.5,5.6,-53.1
2011-04-12,109.2,64.7,9.4,-51.2
2011-04-13,114.1,70.7,14.0,-47.6
2011-04-14,108.8,62.0,7.6,-51.7
2011-04-15,116.3,71.7,14.8,-46.4
2011-04-18,111.3,67.1,11.4,-53.5
2011-04-19,116.4,70.0,11.2,-50.2
2011-04-20,116.6,64.5,7.7,-53.6
2011-04-21,114.1,61.8,6.8,-56.7
2011-04-26,115.7,69.8,14.4,-48.7
2011-04-27,119.7,72.6,12.3,-53.3
2011-04-28,122.0,75.7,13.7,-53.1
2011-04-29,124.5,79.4,14.5,-52.4
2011-05-02,125.7,80.9,15.6,-50.6
2011-05-03,127.3,82.2,18.4,-44.9
2011-05-04,136.2,90.6,24.7,-34.3
2011-05-05,125.6,86.5,27.8,-33.2
2011-05-06,125.3,83.0,20.1,-43.5
2011-05-09,120.5,78.9,15.9,-51.1
2011-05-10,118.5,73.2,11.7,-51.8
2011-05-11,122.4,78.6,17.6,-46.8
2011-05-12,117.6,71.5,11.6,-57.9
2011-05-13,119.6,74.8,14.6,-52.6
2011-05-16,124.9,80.4,19.7,-45.3
2011-05-17,123.1,82.7,22.1,-40.9
2011-05-18,120.7,75.3,15.1,-48.0
2011-05-19,128.3,83.5,21.6,-43.6
2011-05-20,122.4,78.4,16.3,-51.6
2011-05-23,117.4,74.7,15.0,-54.0
2011-05-24,117.2,75.3,18.3,-49.9
2011-05-25,113.9,69.8,15.2,-55.9
2011-05-26,117.9,75.1,17.5,-54.8
2011-05-27,114.5,72.5,15.7,-58.4
2011-05-31,121.9,81.3,22.4,-51.2
2011-06-01,121.3,86.1,28.5,-47.7
2011-06-02,120.9,80.1,18.8,-57.5
2011-06-03,125.2,85.9,24.1,-53.6
2011-06-06,127.5,89.9,25.1,-54.4
2011-06-07,134.6,94.4,29.2,-51.4
2011-06-08,133.2,98.8,31.3,-46.9
2011-06-09,124.0,85.7,25.8,-48.7
2011-06-10,122.4,82.5,23.7,-48.3
2011-06-13,121.6,80.9,22.9,-49.2
2011-06-14,120.2,73.8,15.9,-54.2
2011-06-15,124.2,85.7,28.1,-42.2
2011-06-16,117.8,84.8,31.1,-39.1
2011-06-17,121.2,86.6,31.4,-40.6
2011-06-20,122.9,87.2,30.2,-38.9
2011-06-21,120.6,85.2,28.3,-36.3
2011-06-22,119.8,83.6,26.2,-34.1
2011-06-23,113.5,83.6,27.4,-38.7
2011-06-24,113.5,91.0,31.7,-38.1
2011-06-27,107.7,85.5,27.3,-46.3
2011-06-28,108.9,77.0,20.9,-45.9
2011-06-29,113.2,73.1,15.5,-48.1
2011-06-30,120.2,71.1,12.9,-44.5
2011-07-01,120.2,72.6,10.7,-48.8
2011-07-05,126.8,81.4,15.1,-53.0
2011-07-06,121.7,76.6,13.4,-57.1
2011-07-07,118.0,72.8,12.6,-56.4
2011-07-08,118.1,77.9,17.3,-57.1
2011-07-11,109.4,73.3,15.2,-65.3
2011-07-12,107.7,78.3,20.2,-58.8
2011-07-13,103.1,78.2,19.6,-50.1
2011-07-14,103.2,75.4,17.1,-52.2
2011-07-15,97.7,73.2,13.6,-62.4
2011-07-18,96.1,72.9,11.4,-69.3
2011-07-19,98.3,77.0,17.8,-53.5
2011-07-20,99.2,74.4,14.9,-53.7
2011-07-21,110.2,77.6,16.1,-49.9
2011-07-22,108.1,75.8,17.0,-51.8
2011-07-25,104.8,71.7,11.2,-57.6
2011-07-26,104.7,72.3,11.8,-61.5
2011-07-27,93.5,56.6,-0.1,-73.2
2011-07-28,95.0,61.4,4.3,-70.0
2011-07-29,95.9,72.0,14.5,-59.6
2011-08-01,91.7,70.7,16.6,-58.6
2011-08-02,91.3,75.3,24.0,-49.1
2011-08-03,90.5,74.1,27.2,-49.3
2011-08-04,87.8,80.9,39.2,-35.1
2011-08-05,74.0,66.3,29.3,-46.3
2011-08-08,65.9,75.2,45.2,-28.5
2011-08-09,72.9,96.8,64.0,-11.2
2011-08-10,58.0,76.8,57.3,-15.9
2011-08-11,58.5,69.7,39.4,-40.5
2011-08-12,65.1,78.3,53.1,-28.1
2011-08-15,69.2,73.9,47.1,-29.2
2011-08-16,68.0,76.4,53.2,-21.0
2011-08-17,68.4,75.7,54.2,-13.7
2011-08-18,50.8,61.9,47.5,-16.8
2011-08-19,59.4,69.7,51.6,-14.9
2011-08-22,60.8,69.7,51.6,-16.7
2011-08-23,57.1,61.4,42.5,-26.4
2011-08-24,62.7,61.6,36.5,-32.6
2011-08-25,60.5,66.6,42.2,-30.4
2011-08-26,56.7,64.7,40.0,-27.3
2011-08-29,70.9,72.9,40.9,-27.8
2011-08-30,61.5,67.6,42.3,-26.2
2011-08-31,65.9,71.7,44.1,-26.7
2011-09-01,66.4,79.9,53.0,-13.0
2011-09-02,53.6,67.7,54.8,-4.7
2011-09-06,45.3,59.1,49.3,-7.0
2011-09-07,46.6,57.9,44.7,-13.0
2011-09-08,42.3,53.6,37.3,-15.8
2011-09-09,38.7,55.6,41.3,-14.5
2011-09-12,37.7,50.2,32.7,-17.4
2011-09-13,46.6,55.7,36.2,-27.9
2011-09-14,53.0,59.2,37.8,-24.0
2011-09-15,61.8,69.1,43.7,-14.3
2011-09-16,57.1,59.5,33.9,-22.5
2011-09-19,50.0,61.7,36.0,-20.8
2011-09-20,48.0,62.4,38.6,-18.2
2011-09-21,45.7,61.6,47.8,0.1
2011-09-22,45.5,66.6,58.6,12.7
2011-09-23,39.1,51.6,44.0,-4.6
2011-09-26,37.8,50.9,41.0,-9.6
2011-09-27,52.7,63.4,48.8,-1.6
2011-09-28,51.1,60.6,45.3,-2.4
2011-09-29,51.5,62.9,50.5,6.1
2011-09-30,49.5,57.5,49.0,9.0
2011-10-03,47.3,61.6,56.6,17.9
2011-10-04,40.8,49.6,47.5,9.2
2011-10-05,48.0,55.5,48.6,10.6
2011-10-06,49.1,53.0,42.2,3.8
2011-10-07,51.8,54.3,42.9,9.7
2011-10-11,52.1,55.2,43.3,4.0
2011-10-12,59.6,59.8,45.8,7.6
2011-10-13,55.6,61.5,46.6,7.1
2011-10-14,59.9,69.3,50.5,11.1
2011-10-17,52.6,63.6,49.4,13.5
2011-10-18,55.7,65.5,47.7,7.3
2011-10-19,58.3,72.1,54.0,11.6
2011-10-20,64.1,74.4,52.7,12.3
2011-10-21,62.3,74.7,52.7,6.9
2011-10-24,58.9,68.9,49.2,7.4
2011-10-25,59.9,74.8,58.1,15.5
2011-10-26,49.9,58.7,44.0,0.6
2011-10-27,54.8,54.8,31.8,-14.3
2011-10-28,58.4,63.6,43.2,-0.6
2011-10-31,55.8,69.6,52.3,11.5
2011-11-01,47.7,62.4,50.7,9.7
2011-11-02,51.4,69.2,55.9,15.1
2011-11-03,45.0,67.4,56.2,16.0
2011-11-04,46.5,66.7,52.1,10.4
2011-11-07,45.2,66.3,54.3,13.2
2011-11-08,46.1,64.9,49.0,6.2
2011-11-09,46.9,67.7,53.7,4.5
2011-11-10,54.5,76.4,60.6,6.7
2011-11-14,60.2,83.8,69.1,16.8
2011-11-15,66.7,92.8,76.4,22.7
2011-11-16,70.8,101.9,85.1,26.5
2011-11-17,69.3,104.2,90.9,32.8
2011-11-18,68.9,100.9,87.1,29.4
2011-11-21,66.2,97.0,84.2,25.2
2011-11-22,68.9,103.0,93.7,36.7
2011-11-23,76.4,117.4,109.0,51.8
2011-11-25,78.9,124.4,111.3,58.9
2011-11-28,72.5,121.7,109.3,61.2
2011-11-29,68.1,118.2,106.2,57.3
2011-11-30,49.1,92.9,87.8,38.2
2011-12-01,40.8,85.0,76.3,27.5
2011-12-02,42.9,87.0,77.7,31.0
2011-12-05,40.4,82.5,75.5,23.9
2011-12-06,45.4,87.2,75.9,21.6
2011-12-07,42.5,89.0,75.4,18.4
2011-12-08,42.5,91.0,79.7,25.3
2011-12-09,44.5,88.7,69.3,9.8
2011-12-12,39.6,87.5,69.7,4.5
2011-12-13,41.0,89.4,77.4,9.9
2011-12-14,37.1,83.7,71.5,5.2
2011-12-15,26.7,78.6,66.7,0.3
2011-12-16,21.5,76.7,68.8,7.1
2011-12-19,27.2,78.7,74.7,20.0
2011-12-20,25.1,77.1,67.7,14.8
2011-12-21,23.2,71.7,61.7,6.2
2011-12-22,23.4,73.1,63.3,8.0
2011-12-23,18.4,61.3,55.3,-3.1
2011-12-27,12.3,60.4,54.3,-5.8
2011-12-28,13.4,64.3,62.7,5.4
2011-12-29,11.0,67.0,63.4,10.4
2011-12-30,15.5,70.2,66.3,9.1
2012-01-03,18.9,74.1,67.8,16.3
2012-01-04,21.1,78.0,67.9,15.4
2012-01-05,24.2,79.2,66.7,8.5
2012-01-06,28.5,84.7,71.3,15.3
2012-01-09,26.6,82.6,68.3,15.7
2012-01-10,29.3,79.2,65.2,10.1
2012-01-11,22.6,75.1,66.6,15.3
2012-01-12,18.5,61.5,57.4,5.1
2012-01-13,18.1,64.2,59.8,7.2
2012-01-17,24.1,64.4,63.2,11.5
2012-01-18,22.8,63.8,60.7,8.8
2012-01-19,21.5,59.7,55.0,1.4
2012-01-20,22.6,59.6,55.4,-1.2
2012-01-23,23.6,59.2,56.9,-8.4
2012-01-24,26.8,62.5,62.1,-7.4
2012-01-25,27.1,71.0,67.2,-7.9
2012-01-26,25.1,68.5,65.3,-8.5
2012-01-27,24.0,67.6,64.2,-8.4
2012-01-30,24.5,67.0,66.4,-6.9
2012-01-31,22.9,71.0,73.3,3.5
2012-02-01,19.3,67.8,66.3,-3.4
2012-02-02,16.4,67.3,66.7,-4.3
2012-02-03,16.9,63.4,57.8,-6.4
2012-02-06,14.2,63.0,60.6,-3.1
2012-02-07,14.7,60.0,56.3,-3.9
2012-02-08,14.6,61.5,56.5,-2.7
2012-02-09,16.2,58.2,54.0,-7.3
2012-02-10,14.8,61.8,59.8,-2.3
2012-02-13,13.1,56.1,54.2,-7.2
2012-02-14,14.1,62.3,62.3,-0.0
2012-02-15,13.9,62.8,60.8,-5.7
2012-02-16,16.2,59.2,55.8,-11.1
2012-02-17,18.1,62.2,57.4,-10.1
2012-02-21,16.8,57.8,54.5,-13.9
2012-02-22,17.5,59.5,56.5,-9.8
2012-02-23,13.7,56.3,54.7,-11.0
2012-02-24,11.9,53.7,55.3,-6.7
2012-02-27,10.0,55.4,58.3,-1.7
2012-02-28,8.9,54.4,55.6,-4.2
2012-02-29,7.2,50.6,51.4,-5.2
2012-03-01,6.4,47.0,43.6,-13.3
2012-03-02,5.6,48.8,44.8,-10.3
2012-03-05,3.1,46.5,46.1,-10.8
2012-03-06,4.4,51.0,50.8,-6.0
2012-03-07,3.8,47.8,47.5,-12.0
2012-03-08,0.3,41.8,41.0,-20.1
2012-03-09,0.8,41.5,40.1,-21.8
2012-03-12,0.5,39.3,39.3,-19.7
2012-03-13,0.6,34.0,32.4,-25.5
2012-03-14,-0.9,25.1,23.7,-36.5
2012-03-15,5.8,32.5,28.2,-32.4
2012-03-16,13.1,38.3,34.7,-31.4
2012-03-19,9.6,29.3,23.8,-42.3
2012-03-20,7.8,28.2,26.0,-41.5
2012-03-21,7.5,31.4,29.7,-36.8
2012-03-22,7.4,30.1,29.5,-40.1
2012-03-23,4.5,29.2,29.1,-35.2
2012-03-26,4.8,31.1,30.8,-36.4
2012-03-27,8.3,35.6,36.4,-33.1
2012-03-28,5.2,32.7,34.8,-35.1
2012-03-29,5.7,34.3,35.3,-34.0
2012-03-30,6.2,29.9,26.8,-44.6
2012-04-02,3.7,27.7,24.8,-45.9
2012-04-03,1.5,22.2,18.4,-48.8
2012-04-04,1.9,27.0,23.6,-44.9
2012-04-05,1.2,31.4,31.0,-36.6
2012-04-10,7.2,45.8,46.8,-20.4
2012-04-11,5.6,41.7,41.6,-24.8
2012-04-12,4.9,37.1,34.4,-30.2
2012-04-13,6.3,41.5,39.9,-21.9
2012-04-16,9.0,46.2,44.6,-17.2
2012-04-17,10.4,44.7,42.7,-19.0
2012-04-18,10.0,46.0,44.6,-19.4
2012-04-19,13.4,50.6,47.5,-18.3
2012-04-20,11.4,50.1,51.1,-19.5
2012-04-23,14.2,53.4,53.1,-15.6
2012-04-24,12.5,47.8,47.1,-19.0
2012-04-25,11.2,46.3,44.8,-19.6
2012-04-26,8.1,46.0,47.2,-21.1
2012-04-27,7.9,46.5,44.7,-14.8
2012-04-30,4.8,42.1,42.7,-20.9
2012-05-02,2.5,39.1,39.9,-21.5
2012-05-03,2.0,38.4,38.5,-23.3
2012-05-04,0.1,38.4,39.5,-23.1
2012-05-07,-1.3,34.7,35.9,-25.2
2012-05-08,-0.8,34.7,36.2,-26.9
2012-05-09,1.5,38.1,39.6,-25.5
2012-05-10,0.6,34.1,36.7,-31.0
2012-05-11,-0.0,37.1,37.2,-30.3
2012-05-14,-2.2,37.6,37.4,-30.2
2012-05-15,-0.8,39.9,42.0,-23.9
2012-05-16,-1.2,41.6,44.4,-18.8
2012-05-17,-7.1,38.0,46.1,-14.0
2012-05-18,-5.8,36.9,43.8,-13.7
2012-05-21,-4.7,36.9,40.6,-14.4
2012-05-22,-5.3,32.7,36.3,-24.4
2012-05-23,-5.8,32.4,36.5,-25.0
2012-05-24,-8.9,22.5,23.2,-40.4
2012-05-25,-10.7,21.8,23.5,-38.5
2012-05-29,-11.2,20.7,23.7,-41.5
2012-05-30,-8.3,26.5,30.8,-36.4
2012-05-31,-10.1,20.8,23.8,-38.3
2012-06-01,-11.3,16.4,24.1,-35.7
2012-06-04,-9.2,16.8,25.3,-36.1
2012-06-05,-9.5,17.2,21.6,-41.8
2012-06-06,-5.2,20.6,22.4,-41.1
2012-06-07,-2.6,31.4,35.3,-29.3
2012-06-08,-6.5,27.9,31.6,-34.2
2012-06-11,-3.1,33.5,40.8,-19.3
2012-06-12,-1.6,35.8,43.6,-16.3
2012-06-13,-1.1,41.7,53.7,-1.3
2012-06-14,-2.3,37.6,49.6,-3.2
2012-06-15,-5.1,38.0,48.1,-8.0
2012-06-18,-6.8,35.9,47.7,-5.5
2012-06-19,-5.0,39.4,49.8,-2.1
2012-06-20,-1.7,43.7,56.3,7.6
2012-06-21,-4.8,40.7,53.2,4.3
2012-06-22,-3.3,38.1,47.9,-1.4
2012-06-25,-7.1,35.6,47.9,0.2
2012-06-26,-5.4,35.8,49.3,4.3
2012-06-27,-4.9,39.3,52.3,6.9
2012-06-28,-5.6,41.7,56.5,10.9
2012-06-29,-6.2,43.8,56.3,8.3
2012-07-02,-6.1,42.4,55.8,10.3
2012-07-03,-9.8,34.6,47.9,8.7
2012-07-05,-15.3,27.0,41.2,3.3
2012-07-06,-22.4,19.0,36.1,3.3
2012-07-09,-23.1,19.5,41.1,3.4
2012-07-10,-22.7,18.2,40.5,4.6
2012-07-11,-25.7,12.9,33.9,-7.3
2012-07-12,-24.5,10.5,35.3,-8.8
2012-07-13,-26.1,8.7,31.7,-11.6
2012-07-16,-26.3,7.6,29.5,-12.6
2012-07-17,-26.7,4.9,24.1,-16.3
2012-07-18,-23.7,6.3,23.7,-19.1
2012-07-19,-23.4,5.7,21.2,-19.4
2012-07-20,-24.9,5.9,21.8,-17.3
2012-07-23,-20.5,14.2,28.7,-12.3
2012-07-24,-17.3,21.6,41.4,2.7
2012-07-25,-15.8,24.8,44.7,5.7
2012-07-26,-19.8,19.6,40.9,-0.4
2012-07-27,-21.4,14.5,31.4,-8.5
2012-07-30,-23.7,14.2,34.6,-5.6
2012-07-31,-25.3,9.9,29.4,-15.3
2012-08-01,-28.0,7.7,26.7,-13.6
2012-08-02,-27.5,5.5,25.4,-17.5
2012-08-03,-24.3,2.6,17.9,-21.3
2012-08-06,-25.9,6.5,24.3,-19.7
2012-08-07,-26.6,4.9,22.7,-20.4
2012-08-08,-30.6,-0.3,16.5,-28.6
2012-08-09,-30.3,-1.9,14.6,-28.9
2012-08-10,-30.3,-3.2,13.3,-29.5
2012-08-13,-28.2,2.2,20.8,-26.5
2012-08-14,-26.5,-0.8,13.0,-31.9
2012-08-15,-25.2,-0.6,11.6,-33.5
2012-08-16,-28.2,-3.8,8.2,-42.2
2012-08-17,-27.4,-1.1,11.1,-40.7
2012-08-20,-26.9,-0.3,9.7,-40.3
2012-08-21,-28.0,2.5,14.7,-33.8
2012-08-22,-22.8,8.7,18.6,-34.3
2012-08-23,-24.3,3.6,15.4,-37.7
2012-08-24,-27.5,-0.7,10.5,-42.6
2012-08-27,-26.8,2.4,15.4,-37.4
2012-08-28,-25.0,3.4,16.5,-36.4
2012-08-29,-24.0,6.7,18.9,-35.0
2012-08-30,-26.2,7.3,19.8,-34.2
2012-08-31,-20.5,15.2,27.6,-25.5
2012-09-04,-20.8,13.7,28.7,-24.3
2012-09-05,-23.6,14.6,29.5,-19.4
2012-09-06,-20.3,12.4,27.7,-24.7
2012-09-07,-17.5,16.2,27.6,-24.3
2012-09-10,-16.3,16.1,29.0,-22.2
2012-09-11,-16.7,13.3,24.8,-25.4
2012-09-12,-15.2,14.8,23.3,-25.3
2012-09-13,-15.6,14.8,18.5,-36.0
2012-09-14,-14.1,15.8,15.9,-39.1
2012-09-17,-11.9,15.6,18.7,-37.5
2012-09-18,-13.8,14.2,17.8,-39.5
2012-09-19,-16.3,14.7,20.8,-35.1
2012-09-20,-17.2,13.9,18.8,-34.7
2012-09-21,-17.1,15.9,22.5,-32.4
2012-09-24,-17.2,15.2,24.2,-28.8
2012-09-25,-17.2,16.1,26.7,-26.1
2012-09-26,-17.6,14.8,25.8,-28.1
2012-09-27,-17.0,12.7,22.7,-35.6
2012-09-28,-15.9,13.0,21.9,-35.3
2012-10-01,-16.1,15.9,25.7,-30.3
2012-10-02,-14.5,16.4,25.4,-29.0
2012-10-03,-15.3,15.2,24.2,-30.9
2012-10-04,-15.1,14.1,20.2,-38.4
2012-10-05,-18.2,12.9,18.6,-39.4
2012-10-09,-17.4,10.9,16.7,-39.3
2012-10-10,-20.6,9.7,16.4,-37.7
2012-10-11,-20.5,9.3,18.0,-34.3
2012-10-12,-20.9,7.0,16.1,-34.6
2012-10-15,-20.8,6.2,13.8,-37.4
2012-10-16,-18.0,8.7,15.5,-35.5
2012-10-17,-18.7,5.3,13.3,-36.1
2012-10-18,-16.1,5.6,10.0,-40.6
2012-10-19,-17.1,7.0,15.1,-35.3
2012-10-22,-17.2,6.6,11.2,-35.2
2012-10-23,-15.5,6.7,13.6,-32.5
2012-10-24,-17.0,6.5,12.8,-33.4
2012-10-25,-19.2,1.5,9.3,-35.9
2012-10-26,-20.4,3.2,12.4,-35.5
2012-10-29,-21.2,3.4,13.9,-34.0
2012-10-31,-21.4,5.5,15.9,-33.6
2012-11-01,-21.8,4.1,12.6,-38.8
2012-11-02,-21.4,2.0,10.7,-43.5
2012-11-05,-22.1,3.3,12.3,-42.2
2012-11-06,-24.9,-2.2,5.9,-44.9
2012-11-07,-25.1,1.2,11.4,-41.9
2012-11-08,-24.8,2.7,17.0,-34.6
2012-11-09,-25.5,0.6,14.9,-34.3
2012-11-13,-25.8,1.3,14.4,-32.4
2012-11-14,-22.3,3.2,16.7,-30.4
2012-11-15,-22.2,2.9,17.3,-27.2
2012-11-16,-22.7,1.8,16.4,-26.7
2012-11-19,-22.8,1.0,14.6,-29.4
2012-11-20,-22.8,1.8,13.8,-32.4
2012-11-21,-20.9,3.3,14.5,-29.5
2012-11-23,-24.0,1.0,13.3,-26.3
2012-11-26,-22.5,1.1,15.3,-24.0
2012-11-27,-21.3,4.4,17.2,-24.8
2012-11-28,-24.4,-0.1,9.8,-32.6
2012-11-29,-21.1,2.7,12.4,-30.2
2012-11-30,-21.4,3.9,11.2,-33.6
2012-12-03,-20.3,4.3,13.3,-29.3
2012-12-04,-20.0,4.0,12.9,-28.3
2012-12-05,-22.1,2.1,10.8,-33.0
2012-12-06,-24.1,0.8,10.5,-33.9
2012-12-07,-28.0,-7.4,3.0,-38.5
2012-12-10,-27.2,-6.8,3.5,-38.2
2012-12-11,-26.6,-7.0,2.9,-39.4
2012-12-12,-27.5,-9.3,-3.7,-48.2
2012-12-13,-29.6,-13.3,-5.6,-48.1
2012-12-14,-26.5,-13.0,-3.5,-47.2
2012-12-17,-25.6,-13.8,-6.7,-52.0
2012-12-18,-27.1,-15.3,-10.6,-56.9
2012-12-19,-26.0,-12.5,-6.8,-53.3
2012-12-20,-27.2,-14.6,-8.7,-58.4
2012-12-21,-25.5,-13.8,-6.2,-53.1
2012-12-24,-26.1,-16.3,-8.0,-54.7
2012-12-27,-25.5,-11.8,-5.1,-53.9
2012-12-28,-28.0,-14.1,-6.8,-56.4
2012-12-31,-26.3,-14.2,-11.8,-63.7
2013-01-02,-24.2,-9.6,-9.2,-60.2
2013-01-03,-21.5,-10.7,-10.9,-62.8
2013-01-04,-17.2,-5.2,-7.1,-53.2
2013-01-07,-17.2,-6.2,-7.8,-56.1
2013-01-08,-16.6,-5.4,-7.6,-55.4
2013-01-09,-16.6,-4.8,-7.1,-54.9
2013-01-10,-15.4,-2.9,-4.0,-50.0
2013-01-11,-12.8,2.5,0.3,-44.7
2013-01-14,-12.9,0.4,-4.0,-49.2
2013-01-15,-12.5,2.9,-2.5,-50.0
2013-01-16,-12.4,2.3,-0.8,-49.7
2013-01-17,-8.3,5.8,-1.1,-49.6
2013-01-18,-5.3,7.8,-2.5,-52.9
2013-01-22,-7.4,7.4,-1.6,-52.9
2013-01-23,-8.6,5.1,-3.3,-53.0
2013-01-24,-5.7,2.8,-4.8,-52.6
2013-01-25,-0.6,5.1,-8.6,-58.7
2013-01-28,3.8,10.3,-4.9,-57.6
2013-01-29,-0.1,6.8,-9.3,-63.4
2013-01-30,6.4,13.5,-5.2,-62.9
2013-01-31,4.5,10.5,-6.4,-64.5
2013-02-01,-0.9,4.0,-12.6,-71.4
2013-02-04,0.8,7.2,-7.5,-65.8
2013-02-05,0.5,6.9,-9.4,-66.3
2013-02-06,-0.6,8.9,-7.4,-63.3
2013-02-07,-2.5,5.4,-7.3,-62.7
2013-02-08,-3.1,3.9,-8.2,-62.5
2013-02-11,-5.3,2.5,-8.5,-60.3
2013-02-12,-5.5,2.6,-8.7,-62.4
2013-02-13,-4.1,1.4,-8.0,-62.8
2013-02-14,-5.1,3.7,-5.4,-57.7
2013-02-15,-7.4,2.2,-7.0,-58.9
2013-02-19,-7.4,-0.1,-9.0,-60.7
2013-02-20,-3.7,3.2,-5.8,-57.1
2013-02-21,-5.6,0.4,-8.0,-58.7
2013-02-22,-10.5,-1.7,-7.7,-58.2
2013-02-25,-5.9,8.5,5.4,-46.2
2013-02-26,-12.0,-0.8,-2.9,-55.2
2013-02-27,-16.8,-5.3,-10.9,-62.7
2013-02-28,-14.8,-3.8,-7.6,-61.0
2013-03-01,-16.9,-5.5,-8.6,-60.4
2013-03-04,-15.5,-7.1,-11.1,-62.5
2013-03-05,-15.2,-6.1,-11.7,-61.3
2013-03-06,-15.8,-9.9,-15.5,-64.6
2013-03-07,-12.6,-10.5,-18.5,-66.7
2013-03-08,-13.3,-13.9,-23.5,-69.9
2013-03-11,-14.9,-16.0,-25.4,-72.0
2013-03-12,-15.5,-15.2,-22.3,-68.3
2013-03-13,-15.9,-16.9,-23.9,-67.9
2013-03-14,-15.8,-16.1,-23.7,-70.6
2013-03-15,-15.0,-14.1,-22.4,-67.6
2013-03-18,-18.2,-15.0,-21.8,-67.6
2013-03-19,-16.7,-14.0,-19.5,-66.9
2013-03-20,-17.9,-14.2,-22.0,-72.6
2013-03-21,-18.5,-15.1,-24.3,-73.0
2013-03-22,-16.7,-12.6,-20.8,-70.0
2013-03-25,-16.0,-14.4,-21.7,-69.8
2013-03-26,-16.5,-11.6,-18.2,-66.3
2013-03-27,-18.6,-12.8,-18.6,-68.2
2013-03-28,-18.3,-13.0,-17.2,-66.5
2013-04-02,-16.2,-11.1,-16.2,-63.8
2013-04-03,-16.4,-9.4,-14.2,-60.0
2013-04-04,-16.2,-9.7,-14.2,-55.0
2013-04-05,-18.8,-13.6,-19.3,-56.5
2013-04-08,-18.1,-15.5,-22.9,-63.9
2013-04-09,-16.5,-10.4,-20.2,-63.4
2013-04-10,-14.3,-9.5,-19.8,-64.6
2013-04-11,-15.3,-11.3,-18.9,-63.7
2013-04-12,-14.3,-9.4,-14.0,-54.1
2013-04-15,-14.3,-9.3,-12.5,-51.2
2013-04-16,-15.9,-10.8,-15.5,-53.3
2013-04-17,-17.0,-12.0,-14.1,-50.5
2013-04-18,-18.0,-14.1,-15.7,-49.8
2013-04-19,-16.4,-12.7,-14.1,-49.4
2013-04-22,-18.6,-14.4,-17.4,-52.7
2013-04-23,-17.1,-14.6,-19.2,-55.5
2013-04-24,-18.3,-14.9,-18.5,-56.1
2013-04-25,-17.7,-14.7,-19.1,-59.5
2013-04-26,-17.2,-12.9,-16.4,-56.4
2013-04-29,-15.8,-13.7,-17.9,-60.2
2013-04-30,-17.7,-14.6,-19.8,-62.6
2013-05-02,-17.8,-13.6,-16.7,-60.7
2013-05-03,-19.7,-20.0,-24.2,-67.4
2013-05-06,-18.1,-18.9,-25.2,-67.3
2013-05-07,-16.8,-17.3,-24.4,-67.1
2013-05-08,-16.9,-17.6,-23.9,-67.3
2013-05-09,-18.0,-19.1,-24.5,-69.8
2013-05-10,-19.0,-19.2,-25.2,-70.6
2013-05-13,-17.5,-20.9,-26.6,-73.1
2013-05-14,-19.7,-23.4,-31.1,-78.4
2013-05-15,-19.8,-22.6,-28.8,-76.7
2013-05-16,-18.8,-21.0,-25.8,-71.9
2013-05-17,-23.2,-27.9,-35.0,-82.3
2013-05-20,-22.2,-27.7,-36.1,-81.3
2013-05-21,-20.2,-21.2,-26.1,-69.0
2013-05-22,-22.0,-32.4,-41.3,-80.8
2013-05-23,-20.3,-29.3,-36.8,-76.8
2013-05-24,-18.5,-25.6,-34.0,-75.5
2013-05-28,-20.9,-34.1,-42.0,-82.9
2013-05-29,-17.5,-28.2,-35.4,-75.9
2013-05-30,-17.2,-26.3,-36.1,-77.9
2013-05-31,-17.2,-30.8,-38.0,-77.5
2013-06-03,-15.1,-26.1,-32.9,-72.7
2013-06-04,-16.1,-26.7,-32.7,-75.3
2013-06-05,-14.4,-25.3,-31.7,-71.8
2013-06-06,-9.8,-18.6,-25.1,-66.4
2013-06-07,-10.7,-27.2,-35.6,-81.2
2013-06-10,-9.1,-27.9,-38.1,-81.7
2013-06-11,-5.9,-17.9,-28.4,-75.7
2013-06-12,-8.1,-24.1,-35.4,-79.0
2013-06-13,-9.6,-25.8,-34.2,-78.0
2013-06-14,-9.4,-24.2,-35.2,-76.9
2013-06-17,-7.8,-26.7,-40.2,-81.1
2013-06-18,-4.8,-22.9,-36.8,-76.9
2013-06-19,-9.5,-41.4,-51.3,-84.9
2013-06-20,-1.4,-31.9,-44.8,-85.1
2013-06-21,-5.0,-39.4,-50.5,-89.1
2013-06-24,-0.8,-30.1,-40.5,-79.2
2013-06-25,-5.8,-35.1,-45.3,-87.5
2013-06-26,-7.8,-39.6,-47.1,-88.3
2013-06-27,-8.2,-38.5,-47.9,-89.2
2013-06-28,-6.1,-37.1,-45.6,-84.5
2013-07-01,-6.3,-38.5,-46.8,-82.3
2013-07-02,-9.2,-41.3,-47.3,-83.7
2013-07-03,-11.5,-46.8,-53.8,-89.5
2013-07-05,-20.8,-67.1,-70.2,-101.4
2013-07-08,-21.4,-63.4,-65.4,-97.6
2013-07-09,-22.0,-64.2,-68.6,-102.7
2013-07-10,-22.6,-67.7,-72.9,-104.9
2013-07-11,-16.7,-53.1,-65.0,-103.3
2013-07-12,-21.5,-60.4,-71.8,-107.6
2013-07-15,-20.6,-63.2,-78.3,-118.5
2013-07-16,-21.8,-62.6,-76.6,-114.8
2013-07-17,-21.0,-59.1,-75.0,-114.8
2013-07-18,-21.7,-62.6,-80.5,-121.2
2013-07-19,-22.7,-61.0,-76.0,-113.4
2013-07-22,-21.0,-60.3,-76.5,-113.8
2013-07-23,-17.1,-54.7,-74.9,-113.9
2013-07-24,-15.9,-56.8,-77.4,-118.5
2013-07-25,-14.2,-53.3,-73.6,-114.9
2013-07-26,-13.5,-51.6,-71.1,-109.3
2013-07-29,-15.0,-51.3,-72.9,-114.9
2013-07-30,-15.3,-53.4,-75.6,-115.9
2013-07-31,-12.6,-50.9,-71.1,-113.0
2013-08-01,-16.5,-62.5,-86.5,-129.3
2013-08-02,-12.4,-51.0,-76.7,-121.9
2013-08-05,-13.9,-52.7,-78.3,-122.0
2013-08-06,-12.6,-50.6,-76.9,-121.3
2013-08-07,-12.6,-49.9,-71.2,-117.7
2013-08-08,-10.7,-48.4,-68.9,-114.3
2013-08-09,-12.9,-49.1,-68.6,-113.3
2013-08-12,-13.0,-51.6,-71.8,-115.5
2013-08-13,-10.3,-53.2,-72.9,-115.6
2013-08-14,-9.5,-50.8,-70.3,-112.1
2013-08-15,-9.7,-52.1,-69.9,-112.5
2013-08-16,-10.9,-59.4,-78.3,-118.3
2013-08-19,-9.0,-58.5,-77.4,-117.2
2013-08-20,-10.6,-55.5,-75.4,-118.2
2013-08-21,-10.9,-59.4,-76.4,-117.8
2013-08-22,-14.6,-64.7,-77.9,-114.2
2013-08-23,-8.0,-53.2,-65.0,-104.3
2013-08-26,-13.0,-54.5,-68.6,-107.1
2013-08-27,-10.8,-51.8,-64.5,-102.2
2013-08-28,-12.4,-57.0,-69.6,-107.1
2013-08-29,-12.2,-55.7,-66.6,-101.0
2013-08-30,-11.8,-56.9,-68.2,-99.4
2013-09-03,-14.1,-59.5,-72.0,-104.7
2013-09-04,-16.1,-64.3,-75.2,-105.0
2013-09-05,-16.7,-65.3,-72.4,-106.9
2013-09-06,-16.3,-66.1,-76.9,-112.1
2013-09-09,-15.1,-59.6,-71.6,-106.3
2013-09-10,-17.3,-60.3,-69.5,-103.8
2013-09-11,-16.9,-58.8,-70.9,-102.5
2013-09-12,-17.7,-64.4,-76.0,-106.9
2013-09-13,-17.1,-63.3,-75.3,-107.5
2013-09-16,-14.6,-60.9,-77.0,-112.0
2013-09-17,-11.7,-55.4,-72.2,-107.0
2013-09-18,-5.2,-33.6,-52.1,-95.2
2013-09-19,-9.9,-47.4,-65.5,-101.5
2013-09-20,-8.3,-45.6,-61.1,-94.5
2013-09-23,-11.5,-46.7,-61.0,-93.5
2013-09-24,-12.8,-47.3,-62.1,-94.3
2013-09-25,-12.5,-44.0,-60.2,-96.5
2013-09-26,-10.6,-46.0,-63.6,-101.4
2013-09-27,-13.0,-47.1,-65.8,-104.2
2013-09-30,-11.1,-45.4,-65.6,-105.3
2013-10-01,-11.7,-48.7,-67.4,-107.3
2013-10-02,-9.8,-44.7,-63.8,-104.4
2013-10-03,-11.4,-41.2,-60.8,-103.2
2013-10-04,-11.1,-44.8,-62.5,-99.8
2013-10-07,-16.7,-48.0,-64.8,-99.0
2013-10-08,-17.7,-47.9,-64.1,-97.6
2013-10-09,-14.9,-48.4,-66.9,-101.8
2013-10-10,-11.9,-45.9,-64.6,-98.9
2013-10-11,-12.8,-44.7,-64.1,-98.4
2013-10-15,-14.1,-46.2,-66.9,-99.7
2013-10-16,-7.8,-36.9,-55.9,-90.0
2013-10-17,-10.2,-36.0,-52.3,-88.1
2013-10-18,-12.1,-40.3,-56.2,-90.0
2013-10-21,-11.5,-42.7,-59.0,-93.2
2013-10-22,-11.6,-38.7,-54.4,-90.7
2013-10-23,-12.2,-40.4,-53.7,-88.9
2013-10-24,-13.5,-42.7,-57.3,-92.4
2013-10-25,-10.8,-39.6,-56.6,-93.1
2013-10-28,-11.0,-41.6,-59.1,-95.4
2013-10-29,-10.0,-39.5,-58.1,-95.2
2013-10-30,-14.4,-44.2,-63.4,-98.1
2013-10-31,-16.1,-50.2,-68.7,-101.3
2013-11-01,-19.1,-57.4,-76.3,-105.3
2013-11-04,-18.4,-57.0,-75.6,-108.3
2013-11-05,-14.3,-53.2,-75.5,-109.8
2013-11-06,-12.5,-47.4,-72.6,-109.3
2013-11-07,-17.6,-53.0,-74.0,-105.4
2013-11-08,-17.7,-58.1,-81.7,-114.8
2013-11-12,-20.8,-62.0,-81.6,-112.1
2013-11-13,-20.8,-59.4,-79.8,-110.9
2013-11-14,-17.2,-53.4,-76.9,-109.3
2013-11-15,-18.4,-54.5,-78.8,-110.5
2013-11-18,-18.8,-52.8,-76.3,-108.5
2013-11-19,-16.2,-55.4,-79.2,-111.5
2013-11-20,-14.7,-56.4,-86.6,-120.8
2013-11-21,-15.3,-53.4,-81.7,-116.4
2013-11-22,-15.9,-52.5,-79.7,-114.0
2013-11-25,-15.3,-54.4,-82.0,-117.1
2013-11-26,-14.9,-52.1,-79.5,-114.5
2013-11-27,-13.5,-54.0,-81.9,-115.0
2013-11-29,-13.8,-55.4,-83.5,-117.4
2013-12-02,-14.8,-59.0,-86.2,-120.3
2013-12-03,-13.0,-56.3,-84.9,-117.8
2013-12-04,-12.9,-57.5,-85.5,-120.3
2013-12-05,-8.8,-55.2,-84.2,-117.5
2013-12-06,-7.4,-55.5,-82.9,-116.6
2013-12-09,-7.4,-56.0,-82.7,-115.4
2013-12-10,-7.4,-52.2,-78.6,-110.1
2013-12-11,-7.0,-55.7,-83.2,-114.6
2013-12-12,-8.0,-58.6,-85.2,-118.7
2013-12-13,-7.8,-58.3,-84.4,-116.4
2013-12-16,-8.0,-59.0,-85.7,-119.0
2013-12-17,-9.0,-56.9,-81.8,-117.1
2013-12-18,-6.7,-58.5,-85.1,-120.5
2013-12-19,-9.3,-63.5,-86.4,-118.6
2013-12-20,-11.0,-65.2,-80.6,-108.8
2013-12-23,-12.8,-67.1,-85.5,-111.8
2013-12-24,-13.0,-72.2,-90.4,-116.9
2013-12-27,-12.8,-67.2,-86.5,-114.0
2013-12-30,-13.6,-64.9,-83.3,-110.0
2013-12-31,-13.2,-69.1,-88.1,-116.2
2014-01-02,-13.6,-66.3,-84.0,-111.0
2014-01-03,-16.1,-68.1,-85.6,-110.3
2014-01-06,-16.0,-67.8,-86.0,-110.3
2014-01-07,-15.7,-67.7,-85.9,-109.5
2014-01-08,-18.4,-75.4,-90.9,-111.3
2014-01-09,-19.3,-72.4,-85.1,-108.6
2014-01-10,-16.9,-66.0,-79.8,-100.9
2014-01-13,-17.5,-63.8,-78.8,-100.6
2014-01-14,-16.2,-68.6,-83.6,-104.3
2014-01-15,-16.4,-69.2,-83.5,-104.2
2014-01-16,-18.8,-72.1,-84.5,-103.5
2014-01-17,-19.4,-71.9,-84.0,-102.7
2014-01-21,-20.2,-77.7,-87.7,-106.8
2014-01-22,-23.2,-80.5,-87.3,-105.9
2014-01-23,-19.1,-73.4,-83.6,-102.5
2014-01-24,-19.7,-73.2,-83.7,-102.2
2014-01-27,-18.7,-75.7,-86.7,-106.1
2014-01-28,-20.1,-73.6,-85.1,-106.5
2014-01-29,-19.6,-69.0,-79.7,-102.6
2014-01-30,-22.0,-75.0,-84.5,-107.7
2014-01-31,-23.2,-73.2,-84.2,-107.1
2014-02-03,-19.4,-69.7,-79.6,-101.7
2014-02-04,-20.2,-71.3,-82.2,-105.5
2014-02-05,-21.0,-75.4,-88.6,-113.3
2014-02-06,-17.6,-71.5,-86.5,-110.3
2014-02-07,-17.6,-70.4,-87.1,-111.9
2014-02-10,-18.6,-69.9,-85.1,-108.7
2014-02-11,-21.4,-75.0,-88.7,-111.0
2014-02-12,-22.0,-80.0,-92.8,-113.9
2014-02-13,-20.4,-74.6,-88.3,-113.4
2014-02-14,-19.3,-74.8,-89.0,-111.0
2014-02-18,-18.1,-73.0,-85.7,-107.3
2014-02-19,-21.0,-77.2,-89.4,-112.1
2014-02-20,-20.7,-78.6,-89.8,-112.5
2014-02-21,-20.1,-79.2,-88.5,-109.8
2014-02-24,-20.9,-78.3,-88.6,-108.7
2014-02-25,-20.1,-76.1,-86.2,-108.5
2014-02-26,-21.5,-76.9,-87.3,-110.5
2014-02-27,-23.4,-79.9,-90.6,-111.9
2014-02-28,-17.5,-73.1,-84.3,-106.7
2014-03-03,-18.6,-72.9,-84.3,-107.5
2014-03-04,-20.6,-80.6,-92.4,-115.0
2014-03-05,-19.8,-79.7,-91.1,-114.5
2014-03-06,-19.6,-78.0,-91.2,-115.7
2014-03-07,-18.9,-84.7,-96.3,-119.3
2014-03-10,-19.2,-87.3,-99.0,-123.2
2014-03-11,-19.0,-83.7,-93.9,-115.5
2014-03-12,-20.4,-84.1,-95.0,-115.3
2014-03-13,-18.0,-79.9,-90.4,-110.8
2014-03-14,-21.1,-84.0,-92.3,-112.0
2014-03-17,-21.8,-85.8,-95.9,-114.6
2014-03-18,-19.2,-83.2,-92.7,-113.4
2014-03-19,-29.1,-99.5,-99.9,-115.1
2014-03-20,-22.6,-90.7,-95.2,-113.7
2014-03-21,-22.9,-92.5,-94.0,-109.6
2014-03-24,-26.7,-98.4,-96.3,-108.5
2014-03-25,-28.8,-100.4,-98.7,-112.2
2014-03-26,-28.7,-97.0,-96.7,-109.0
2014-03-27,-30.8,-99.7,-96.7,-107.6
2014-03-28,-29.8,-101.8,-99.4,-111.0
2014-03-31,-26.8,-97.7,-96.8,-110.0
2014-04-01,-26.3,-98.3,-100.4,-113.0
2014-04-02,-28.0,-102.0,-102.4,-115.4
2014-04-03,-27.1,-101.6,-100.6,-111.9
2014-04-04,-26.2,-98.7,-99.5,-113.1
2014-04-07,-25.2,-97.1,-98.5,-111.6
2014-04-08,-22.8,-93.7,-94.1,-107.9
2014-04-09,-18.3,-88.6,-94.5,-111.0
2014-04-10,-20.2,-86.3,-92.8,-108.5
2014-04-11,-21.1,-88.1,-94.1,-108.6
2014-04-14,-21.0,-90.6,-95.5,-108.9
2014-04-15,-23.7,-93.5,-95.3,-107.1
2014-04-16,-24.4,-98.9,-98.7,-108.7
2014-04-17,-26.5,-103.6,-105.0,-113.9
2014-04-22,-26.5,-101.8,-101.5,-108.8
2014-04-23,-23.8,-98.5,-98.8,-107.6
2014-04-24,-24.0,-100.8,-100.7,-108.4
2014-04-25,-24.7,-100.1,-101.5,-110.9
2014-04-28,-24.5,-99.0,-101.6,-112.1
2014-04-29,-26.6,-100.9,-101.5,-111.5
2014-04-30,-26.2,-98.9,-100.3,-111.2
2014-05-02,-27.3,-98.7,-94.7,-102.6
2014-05-05,-29.1,-101.3,-99.2,-108.3
2014-05-06,-27.4,-100.1,-96.6,-104.3
2014-05-07,-24.3,-94.3,-95.2,-105.3
2014-05-08,-26.3,-96.4,-97.4,-111.2
2014-05-09,-27.4,-97.6,-98.5,-111.0
2014-05-12,-27.6,-101.0,-101.5,-112.4
2014-05-13,-28.2,-100.0,-99.9,-111.6
2014-05-14,-30.3,-99.0,-98.4,-108.2
2014-05-15,-31.4,-100.5,-98.8,-108.4
2014-05-16,-29.7,-99.3,-99.4,-109.4
2014-05-19,-28.1,-98.7,-100.7,-113.8
2014-05-20,-27.1,-95.4,-96.2,-111.0
2014-05-21,-28.2,-95.4,-96.0,-113.5
2014-05-22,-29.8,-99.5,-101.3,-116.9
2014-05-23,-30.2,-98.1,-98.9,-113.3
2014-05-27,-33.8,-101.9,-99.6,-111.2
2014-05-28,-32.5,-98.0,-96.0,-106.4
2014-05-29,-31.9,-99.2,-96.9,-107.2
2014-05-30,-30.6,-98.8,-97.0,-106.5
2014-06-02,-33.9,-106.1,-103.2,-113.0
2014-06-03,-34.2,-106.8,-103.3,-113.7
2014-06-04,-35.3,-106.2,-102.9,-114.9
2014-06-05,-35.1,-105.4,-101.1,-111.5
2014-06-06,-38.9,-117.8,-112.4,-113.7
2014-06-09,-39.5,-117.7,-113.0,-114.4
2014-06-10,-40.7,-116.5,-111.5,-115.0
2014-06-11,-41.0,-116.5,-112.4,-115.5
2014-06-12,-40.3,-113.8,-104.9,-106.9
2014-06-13,-43.7,-118.0,-108.2,-109.3
2014-06-16,-48.0,-120.8,-112.0,-110.7
2014-06-17,-48.7,-124.0,-112.9,-112.8
2014-06-18,-46.0,-118.6,-109.5,-112.8
2014-06-19,-47.2,-123.1,-119.5,-120.6
2014-06-20,-47.7,-120.0,-114.2,-114.0
2014-06-23,-46.9,-122.9,-116.9,-116.3
2014-06-24,-47.5,-120.4,-112.6,-111.6
2014-06-25,-47.6,-121.9,-115.8,-113.3
2014-06-26,-45.8,-118.7,-114.6,-114.4
2014-06-27,-43.5,-117.0,-114.5,-115.1
2014-06-30,-45.4,-115.2,-113.5,-112.8
2014-07-01,-46.9,-121.4,-119.7,-118.2
2014-07-02,-48.0,-124.8,-123.0,-122.1
2014-07-03,-51.8,-127.4,-121.7,-119.5
2014-07-07,-52.4,-130.0,-124.0,-120.1
2014-07-08,-52.1,-128.2,-122.7,-116.5
2014-07-09,-51.7,-125.8,-122.0,-116.3
2014-07-10,-47.2,-125.4,-123.0,-121.2
2014-07-11,-49.0,-123.7,-120.3,-116.8
2014-07-14,-48.4,-125.9,-121.3,-119.4
2014-07-15,-50.3,-129.4,-125.0,-123.0
2014-07-16,-50.7,-129.8,-123.4,-122.3
2014-07-17,-48.1,-124.4,-117.8,-115.8
2014-07-18,-51.6,-129.4,-122.9,-121.4
2014-07-21,-51.4,-130.1,-122.4,-118.0
2014-07-22,-48.8,-126.5,-119.2,-115.6
2014-07-23,-50.2,-127.5,-122.1,-118.7
2014-07-24,-52.7,-130.0,-122.2,-119.7
2014-07-25,-53.6,-128.7,-121.1,-116.8
2014-07-28,-54.2,-133.1,-124.6,-121.1
2014-07-29,-54.5,-131.0,-123.8,-120.6
2014-07-30,-55.8,-136.1,-131.3,-127.1
2014-07-31,-52.4,-133.4,-127.9,-122.6
2014-08-01,-47.6,-126.2,-124.1,-120.9
2014-08-04,-47.5,-127.0,-126.2,-125.0
2014-08-05,-46.5,-124.3,-120.7,-121.2
2014-08-06,-49.5,-127.8,-126.6,-127.1
2014-08-07,-45.2,-122.8,-122.1,-124.5
2014-08-08,-46.5,-126.1,-126.9,-130.2
2014-08-11,-48.9,-126.0,-125.9,-129.4
2014-08-12,-46.7,-126.7,-127.5,-130.0
2014-08-13,-45.2,-124.3,-125.6,-126.6
2014-08-14,-44.3,-124.8,-126.0,-127.3
2014-08-15,-44.4,-122.1,-120.9,-121.6
2014-08-18,-46.4,-124.2,-124.3,-128.5
2014-08-19,-48.9,-126.2,-126.8,-131.3
2014-08-20,-52.5,-133.2,-131.9,-135.6
2014-08-21,-52.0,-131.7,-130.0,-133.7
2014-08-22,-55.3,-135.3,-129.6,-132.0
2014-08-25,-59.2,-140.8,-132.7,-131.4
2014-08-26,-56.6,-138.9,-133.9,-132.8
2014-08-27,-56.7,-139.2,-136.9,-131.0
2014-08-28,-54.6,-136.3,-134.9,-131.4
2014-08-29,-52.7,-135.5,-134.3,-131.8
2014-09-02,-58.4,-140.3,-135.8,-132.9
2014-09-03,-56.8,-139.5,-132.7,-127.6
2014-09-04,-63.8,-145.7,-137.7,-129.1
2014-09-05,-62.4,-145.6,-141.2,-130.2
2014-09-08,-64.5,-148.7,-143.9,-133.6
2014-09-09,-65.8,-148.9,-138.3,-127.4
2014-09-10,-67.0,-150.5,-140.5,-130.0
2014-09-11,-67.1,-150.6,-141.3,-133.4
2014-09-12,-65.3,-150.9,-144.5,-137.2
2014-09-15,-66.7,-150.6,-145.8,-138.8
2014-09-16,-62.8,-147.8,-144.6,-138.1
2014-09-17,-68.0,-153.0,-147.2,-137.7
2014-09-18,-65.7,-152.0,-144.1,-135.1
2014-09-19,-67.4,-153.7,-145.0,-130.8
2014-09-22,-66.9,-152.3,-145.8,-132.8
2014-09-23,-63.8,-148.6,-143.5,-132.9
2014-09-24,-66.7,-154.3,-148.7,-136.4
2014-09-25,-65.0,-149.3,-145.5,-131.0
2014-09-26,-68.4,-154.8,-147.8,-131.9
2014-09-29,-67.2,-152.1,-145.6,-131.4
2014-09-30,-67.7,-154.1,-148.8,-134.8
2014-10-01,-63.6,-147.8,-143.2,-129.4
2014-10-02,-62.7,-147.0,-143.0,-131.1
2014-10-03,-64.8,-147.3,-142.0,-129.6
2014-10-06,-62.7,-145.8,-141.8,-130.6
2014-10-07,-60.8,-140.1,-135.1,-123.7
2014-10-08,-54.7,-133.8,-135.9,-125.9
2014-10-09,-55.9,-136.3,-135.7,-125.4
2014-10-10,-53.6,-131.9,-132.4,-122.0
2014-10-14,-47.5,-123.3,-126.1,-117.1
2014-10-15,-43.5,-118.9,-127.7,-125.6
2014-10-16,-42.2,-117.0,-125.9,-128.1
2014-10-17,-45.3,-118.4,-123.6,-121.2
2014-10-20,-44.3,-117.4,-123.7,-120.9
2014-10-21,-44.6,-119.0,-124.5,-121.1
2014-10-22,-47.4,-120.8,-126.3,-120.8
2014-10-23,-47.5,-126.7,-129.5,-123.3
2014-10-24,-47.5,-126.5,-129.5,-125.5
2014-10-27,-47.0,-125.4,-128.5,-125.7
2014-10-28,-48.4,-127.4,-131.0,-128.6
2014-10-29,-54.1,-135.2,-134.9,-127.2
2014-10-30,-55.8,-135.3,-136.9,-129.6
2014-10-31,-58.3,-140.3,-140.9,-130.6
2014-11-03,-59.9,-141.1,-141.8,-128.5
2014-11-04,-59.8,-142.2,-144.0,-129.8
2014-11-05,-60.2,-142.3,-143.9,-128.7
2014-11-06,-62.7,-146.8,-146.5,-129.5
2014-11-07,-59.9,-140.0,-139.6,-124.5
2014-11-10,-63.3,-144.7,-146.5,-131.7
2014-11-12,-63.4,-145.5,-147.6,-134.8
2014-11-13,-61.2,-144.2,-145.5,-134.1
2014-11-14,-62.3,-142.8,-143.3,-131.1
2014-11-17,-61.3,-143.3,-144.2,-132.5
2014-11-18,-60.5,-142.9,-143.1,-131.9
2014-11-19,-58.6,-141.3,-142.4,-130.2
2014-11-20,-58.6,-141.5,-143.8,-130.9
2014-11-21,-59.8,-142.9,-144.0,-130.6
2014-11-24,-60.0,-142.0,-142.6,-128.5
2014-11-25,-58.3,-139.3,-142.2,-126.2
2014-11-26,-60.1,-137.7,-140.8,-127.3
2014-11-28,-53.7,-132.1,-139.4,-126.3
2014-12-01,-54.9,-134.1,-142.8,-130.9
2014-12-02,-60.1,-138.6,-144.3,-133.6
2014-12-03,-63.2,-141.3,-144.4,-130.8
2014-12-04,-61.1,-139.5,-141.2,-127.4
2014-12-05,-70.6,-148.4,-145.4,-129.0
2014-12-08,-70.4,-148.9,-145.3,-126.7
2014-12-09,-70.2,-145.3,-143.3,-128.9
2014-12-10,-65.0,-140.4,-140.1,-127.0
2014-12-11,-68.2,-145.0,-142.8,-132.4
2014-12-12,-62.7,-137.5,-136.8,-127.1
2014-12-15,-66.5,-142.2,-138.5,-125.8
2014-12-16,-65.0,-139.6,-139.0,-128.7
2014-12-17,-69.5,-148.0,-145.6,-133.0
2014-12-18,-75.0,-154.2,-149.8,-134.7
2014-12-19,-75.7,-153.4,-146.0,-130.0
2014-12-22,-80.0,-155.0,-146.7,-127.2
2014-12-23,-82.3,-164.6,-156.3,-137.8
2014-12-24,-82.6,-164.8,-157.2,-136.1
2014-12-29,-82.4,-163.1,-156.7,-135.2
2014-12-30,-80.4,-160.7,-156.4,-134.2
2014-12-31,-78.6,-157.9,-153.3,-133.5
2015-01-02,-77.6,-155.1,-151.9,-133.1
2015-01-05,-79.4,-151.5,-145.8,-127.7
2015-01-06,-75.8,-145.6,-144.7,-133.0
2015-01-07,-73.7,-141.0,-140.4,-124.2
2015-01-08,-73.8,-142.6,-144.1,-126.9
2015-01-09,-71.6,-137.9,-138.0,-121.8
2015-01-12,-68.8,-134.1,-137.3,-122.6
2015-01-13,-67.1,-132.4,-136.6,-123.1
2015-01-14,-64.6,-131.4,-137.4,-126.0
2015-01-15,-60.1,-122.5,-128.2,-120.1
2015-01-16,-65.5,-130.4,-135.2,-124.9
2015-01-20,-68.0,-130.0,-132.6,-120.1
2015-01-21,-64.2,-129.9,-133.3,-118.0
2015-01-22,-68.3,-135.3,-129.6,-108.3
2015-01-23,-66.3,-136.0,-139.4,-121.8
2015-01-26,-66.3,-136.2,-141.2,-126.5
2015-01-27,-65.8,-133.4,-139.7,-126.7
2015-01-28,-62.7,-124.9,-130.3,-119.0
2015-01-29,-65.5,-129.6,-136.1,-125.5
2015-01-30,-61.2,-119.9,-129.1,-122.2
2015-02-02,-64.4,-124.0,-133.1,-128.8
2015-02-03,-67.9,-131.8,-141.0,-136.8
2015-02-04,-69.1,-132.6,-140.7,-137.8
2015-02-05,-68.9,-132.8,-142.0,-141.7
2015-02-06,-82.8,-151.8,-154.6,-152.7
2015-02-09,-82.1,-151.7,-154.8,-153.0
2015-02-10,-84.6,-153.7,-157.4,-157.7
2015-02-11,-84.4,-155.1,-157.7,-158.5
2015-02-12,-79.2,-153.8,-159.4,-162.5
2015-02-13,-84.7,-158.1,-162.8,-166.3
2015-02-17,-87.8,-165.8,-173.0,-172.5
2015-02-18,-80.5,-155.9,-162.6,-162.2
2015-02-19,-85.5,-162.4,-166.8,-162.2
2015-02-20,-85.9,-167.9,-172.5,-165.1
2015-02-23,-82.3,-162.4,-163.5,-152.8
2015-02-24,-77.5,-152.4,-154.9,-146.0
2015-02-25,-79.8,-154.9,-157.2,-148.0
2015-02-26,-86.7,-164.3,-168.8,-162.0
2015-02-27,-83.1,-158.0,-163.6,-156.0
2015-03-02,-84.6,-164.5,-170.5,-161.5
2015-03-03,-86.2,-166.2,-171.1,-162.8
2015-03-04,-83.4,-164.7,-170.4,-164.0
2015-03-05,-82.7,-163.4,-172.2,-166.9
2015-03-06,-91.6,-174.8,-183.3,-180.3
2015-03-09,-89.2,-174.3,-185.2,-182.8
2015-03-10,-91.1,-174.0,-187.5,-191.7
2015-03-11,-90.7,-171.9,-187.3,-193.9
2015-03-12,-88.2,-169.3,-183.6,-192.4
2015-03-13,-89.0,-167.6,-183.5,-191.9
2015-03-16,-86.1,-163.4,-181.1,-193.8
2015-03-17,-87.8,-160.3,-174.5,-184.2
2015-03-18,-77.5,-150.5,-167.6,-179.8
2015-03-19,-84.3,-157.2,-173.8,-184.4
2015-03-20,-81.4,-151.9,-169.2,-180.1
2015-03-23,-79.7,-147.7,-164.6,-179.2
2015-03-24,-77.6,-142.5,-159.3,-175.0
2015-03-25,-79.2,-146.0,-163.5,-179.5
2015-03-26,-83.4,-153.9,-171.5,-187.4
2015-03-27,-80.4,-149.0,-166.4,-181.0
2015-03-30,-79.7,-148.6,-169.0,-186.1
2015-03-31,-78.4,-145.3,-167.9,-186.9
2015-04-01,-78.1,-142.5,-163.6,-183.1
2015-04-02,-77.7,-143.9,-166.0,-185.5
2015-04-07,-74.8,-141.5,-162.4,-179.6
2015-04-08,-79.6,-146.3,-166.7,-181.6
2015-04-09,-80.3,-152.7,-173.5,-190.5
2015-04-10,-81.2,-153.4,-172.7,-187.9
2015-04-13,-77.9,-150.6,-171.6,-190.5
2015-04-14,-76.8,-146.8,-169.2,-188.6
2015-04-15,-74.9,-146.9,-173.8,-195.0
2015-04-16,-74.3,-145.0,-174.8,-200.9
2015-04-17,-74.9,-145.6,-173.4,-197.6
2015-04-20,-77.8,-146.2,-176.7,-204.5
2015-04-21,-78.3,-147.7,-175.9,-201.0
2015-04-22,-79.2,-151.0,-179.2,-205.6
2015-04-23,-80.3,-146.1,-173.7,-196.4
2015-04-24,-78.8,-143.0,-170.5,-194.4
2015-04-27,-78.6,-144.5,-170.9,-191.7
2015-04-28,-81.8,-149.1,-178.0,-198.5
2015-04-29,-79.0,-146.1,-173.9,-193.5
2015-04-30,-78.7,-139.9,-163.8,-182.3
2015-05-04,-80.0,-144.3,-168.5,-185.8
2015-05-05,-82.1,-143.4,-165.7,-184.4
2015-05-06,-85.5,-145.9,-163.2,-178.8
2015-05-07,-83.4,-141.3,-153.4,-169.9
2015-05-08,-80.2,-139.5,-154.8,-171.9
2015-05-11,-82.7,-147.3,-163.4,-178.2
2015-05-12,-80.3,-140.5,-152.0,-162.4
2015-05-13,-78.1,-141.7,-154.5,-170.2
2015-05-14,-74.5,-133.7,-145.5,-156.6
2015-05-15,-74.2,-131.2,-141.6,-158.1
2015-05-18,-77.2,-138.9,-149.8,-163.4
2015-05-19,-83.3,-146.8,-157.4,-173.3
2015-05-20,-81.0,-144.5,-157.2,-175.5
2015-05-21,-81.8,-140.5,-147.9,-162.9
2015-05-22,-85.3,-145.0,-151.4,-165.9
2015-05-26,-86.0,-143.9,-147.5,-159.0
2015-05-27,-85.6,-144.8,-149.2,-160.2
2015-05-28,-84.7,-143.8,-151.3,-164.6
2015-05-29,-83.7,-143.2,-152.1,-166.2
2015-06-01,-86.8,-149.9,-160.8,-175.5
2015-06-02,-84.0,-145.9,-153.1,-165.6
2015-06-03,-86.6,-145.0,-146.9,-150.4
2015-06-04,-85.8,-141.8,-140.3,-143.9
2015-06-05,-91.6,-150.0,-147.7,-148.8
2015-06-08,-88.2,-146.0,-143.5,-145.1
2015-06-09,-88.3,-143.3,-138.8,-139.8
2015-06-10,-92.9,-150.0,-145.0,-143.4
2015-06-11,-91.7,-147.0,-139.7,-138.6
2015-06-12,-93.7,-150.3,-143.0,-143.1
2015-06-15,-91.0,-146.4,-143.5,-149.6
2015-06-16,-90.6,-143.6,-138.0,-143.6
2015-06-17,-86.4,-139.4,-138.1,-144.8
2015-06-18,-86.6,-142.3,-142.8,-151.4
2015-06-19,-85.6,-138.1,-136.6,-146.1
2015-06-22,-87.3,-141.6,-136.9,-142.2
2015-06-23,-90.2,-145.6,-141.8,-144.1
2015-06-24,-88.9,-146.9,-143.4,-146.2
2015-06-25,-89.1,-147.1,-142.1,-141.1
2015-06-26,-92.9,-148.9,-144.4,-140.4
2015-06-29,-85.5,-140.2,-136.7,-134.6
2015-06-30,-86.8,-144.0,-142.0,-139.3
2015-07-01,-92.3,-149.5,-144.3,-139.6
2015-07-02,-89.5,-143.9,-138.8,-134.7
2015-07-06,-86.7,-140.5,-137.9,-136.2
2015-07-07,-84.8,-144.3,-145.3,-147.8
2015-07-08,-81.7,-137.8,-139.8,-144.8
2015-07-09,-86.4,-144.8,-145.8,-149.9
2015-07-10,-87.6,-145.4,-140.8,-156.5
2015-07-13,-91.6,-149.1,-143.3,-154.0
2015-07-14,-89.5,-147.3,-143.4,-156.0
2015-07-15,-89.2,-148.3,-146.2,-157.7
2015-07-16,-90.3,-148.1,-143.4,-151.0
2015-07-17,-92.3,-153.1,-149.8,-157.7
2015-07-20,-94.8,-159.5,-156.6,-162.3
2015-07-21,-94.5,-155.3,-151.5,-157.6
2015-07-22,-98.9,-156.5,-151.6,-156.3
2015-07-23,-95.0,-153.2,-147.3,-152.1
2015-07-24,-94.9,-154.9,-151.2,-155.5
2015-07-27,-92.6,-149.6,-149.4,-154.2
2015-07-28,-93.8,-151.0,-149.5,-154.2
2015-07-29,-95.1,-152.5,-152.2,-156.8
2015-07-30,-98.2,-155.3,-155.3,-156.9
2015-07-31,-92.6,-146.5,-148.6,-157.1
2015-08-03,-93.8,-146.4,-147.4,-153.9
2015-08-04,-99.9,-153.8,-152.3,-154.2
2015-08-05,-97.8,-154.1,-147.4,-145.8
2015-08-06,-96.5,-152.9,-145.2,-144.9
2015-08-07,-100.3,-152.9,-144.6,-140.4
2015-08-10,-100.2,-155.5,-149.9,-147.5
2015-08-11,-95.5,-148.9,-145.6,-144.8
2015-08-12,-95.1,-148.8,-146.0,-151.2
2015-08-13,-99.4,-153.2,-148.7,-150.9
2015-08-14,-100.0,-155.4,-148.5,-149.3
2015-08-17,-98.6,-152.8,-147.0,-149.0
2015-08-18,-99.2,-153.1,-148.9,-151.7
2015-08-19,-91.9,-142.6,-139.5,-143.6
2015-08-20,-95.4,-146.5,-143.4,-146.1
2015-08-21,-89.8,-139.4,-138.3,-146.0
2015-08-24,-85.0,-136.2,-138.5,-154.0
2015-08-25,-90.4,-135.6,-132.5,-144.8
2015-08-26,-89.8,-136.8,-138.9,-153.8
2015-08-27,-90.9,-136.1,-136.9,-148.8
2015-08-28,-95.0,-140.4,-141.7,-153.1
2015-08-31,-95.9,-140.2,-140.8,-151.3
2015-09-01,-90.9,-130.5,-129.1,-142.3
2015-09-02,-93.6,-134.0,-132.0,-148.0
2015-09-03,-95.5,-136.9,-135.7,-148.6
2015-09-04,-95.9,-137.2,-136.7,-149.2
2015-09-08,-97.8,-143.4,-144.2,-154.1
2015-09-09,-99.3,-142.8,-141.5,-148.9
2015-09-10,-99.6,-145.8,-146.3,-153.5
2015-09-11,-96.0,-144.5,-145.6,-150.8
2015-09-14,-98.2,-144.8,-145.7,-153.1
2015-09-15,-106.4,-150.2,-147.9,-156.6
2015-09-16,-105.8,-149.0,-146.0,-156.1
2015-09-17,-92.0,-134.8,-135.7,-150.2
2015-09-18,-94.3,-137.3,-140.5,-155.6
2015-09-21,-96.4,-141.4,-144.0,-159.9
2015-09-22,-96.2,-139.7,-144.2,-156.3
2015-09-23,-96.3,-141.9,-147.2,-159.8
2015-09-24,-92.7,-139.8,-147.1,-163.0
2015-09-25,-95.2,-139.9,-143.6,-157.2
2015-09-28,-93.2,-136.1,-140.6,-151.8
2015-09-29,-91.2,-131.2,-136.6,-149.6
2015-09-30,-87.7,-133.0,-137.1,-142.1
2015-10-01,-90.6,-136.8,-141.3,-145.2
2015-10-02,-85.7,-131.3,-141.0,-147.1
2015-10-05,-87.3,-133.9,-142.9,-148.1
2015-10-06,-85.7,-129.1,-134.6,-137.7
2015-10-07,-89.9,-132.1,-138.3,-140.2
2015-10-08,-90.8,-136.7,-145.2,-150.8
2015-10-09,-90.4,-136.0,-142.4,-145.0
2015-10-13,-89.8,-132.8,-138.2,-141.1
2015-10-14,-83.2,-128.3,-134.5,-139.2
2015-10-15,-88.2,-133.4,-140.1,-143.0
2015-10-16,-88.0,-134.8,-139.9,-143.3
2015-10-19,-88.0,-133.8,-138.7,-143.6
2015-10-20,-90.3,-133.6,-136.2,-140.4
2015-10-21,-89.6,-133.6,-136.8,-139.7
2015-10-22,-94.9,-143.0,-147.5,-148.1
2015-10-23,-98.0,-148.0,-149.2,-149.3
2015-10-26,-98.7,-146.4,-148.6,-148.6
2015-10-27,-98.9,-146.2,-151.2,-152.8
2015-10-28,-106.7,-154.5,-154.3,-152.4
2015-10-29,-107.5,-157.3,-159.5,-159.3
2015-10-30,-106.3,-154.5,-154.3,-153.6
2015-11-02,-107.1,-157.1,-154.2,-150.3
2015-11-03,-110.9,-159.9,-157.1,-153.6
2015-11-04,-116.1,-166.2,-158.9,-150.7
2015-11-05,-116.5,-165.6,-156.7,-146.7
2015-11-06,-119.2,-168.2,-157.6,-145.9
2015-11-09,-120.0,-172.7,-157.9,-141.3
2015-11-10,-120.8,-174.3,-158.2,-143.1
2015-11-12,-123.6,-176.0,-161.1,-149.3
2015-11-13,-121.9,-173.1,-162.8,-151.7
2015-11-16,-124.0,-173.6,-163.6,-154.1
2015-11-17,-122.7,-173.7,-161.5,-151.2
2015-11-18,-126.5,-177.6,-164.8,-152.7
2015-11-19,-127.4,-177.9,-165.8,-156.4
2015-11-20,-130.8,-180.8,-169.6,-162.6
2015-11-23,-132.0,-178.2,-163.5,-156.3
2015-11-24,-129.9,-175.1,-163.9,-154.4
2015-11-25,-133.3,-178.8,-166.9,-157.5
2015-11-27,-132.8,-178.7,-167.6,-157.9
2015-11-30,-134.3,-178.0,-164.2,-152.1
2015-12-01,-132.5,-172.5,-157.8,-141.4
2015-12-02,-136.4,-178.3,-160.9,-141.4
2015-12-03,-127.1,-176.4,-163.7,-146.0
2015-12-04,-125.0,-166.4,-150.9,-138.5
2015-12-07,-124.1,-167.6,-153.3,-138.7
2015-12-08,-125.1,-169.5,-156.8,-145.8
2015-12-09,-125.3,-166.4,-153.9,-144.1
2015-12-10,-128.5,-171.8,-156.3,-144.0
2015-12-11,-123.1,-163.1,-149.9,-137.7
2015-12-14,-130.7,-169.9,-155.8,-144.3
2015-12-15,-131.3,-169.8,-153.1,-142.0
2015-12-16,-135.6,-173.2,-154.0,-143.1
2015-12-17,-134.7,-173.2,-152.5,-141.0
2015-12-18,-133.0,-170.7,-153.2,-144.3
2015-12-21,-132.4,-171.4,-154.6,-146.2
2015-12-22,-133.7,-172.1,-155.0,-146.0
2015-12-23,-134.9,-172.3,-153.4,-142.3
2015-12-28,-138.9,-171.9,-152.0,-140.3
2015-12-29,-142.3,-177.7,-156.9,-143.8
2015-12-30,-142.6,-178.3,-155.9,-141.7
2016-01-04,-138.6,-175.9,-155.3,-143.1
2016-01-05,-141.5,-177.2,-156.9,-145.6
2016-01-06,-137.6,-171.4,-153.1,-141.5
2016-01-07,-134.4,-165.1,-147.5,-135.1
2016-01-08,-133.3,-162.6,-146.9,-137.2
2016-01-11,-132.5,-161.4,-148.3,-141.2
2016-01-12,-130.6,-155.8,-141.0,-134.7
2016-01-13,-129.3,-154.9,-141.9,-136.5
2016-01-14,-129.3,-158.3,-146.8,-143.9
2016-01-15,-124.5,-153.9,-141.5,-135.7
2016-01-19,-126.2,-157.2,-142.9,-132.1
2016-01-20,-125.0,-154.8,-143.6,-136.5
2016-01-21,-128.0,-159.8,-149.5,-142.8
2016-01-22,-131.3,-162.9,-149.2,-138.2
2016-01-25,-131.1,-161.3,-147.2,-138.5
2016-01-26,-129.1,-161.3,-147.8,-141.1
2016-01-27,-126.8,-158.4,-148.1,-141.6
2016-01-28,-126.6,-158.2,-151.2,-146.9
2016-01-29,-122.6,-156.0,-151.0,-149.2
2016-02-01,-126.4,-161.0,-154.9,-152.2
2016-02-02,-121.2,-152.3,-147.3,-145.1
2016-02-03,-118.8,-151.3,-148.2,-148.3
2016-02-04,-117.1,-148.8,-147.7,-150.4
2016-02-05,-121.2,-148.3,-145.8,-147.8
2016-02-08,-115.4,-142.7,-141.0,-145.5
2016-02-09,-118.3,-139.9,-138.7,-144.6
2016-02-10,-120.3,-141.0,-135.9,-140.0
2016-02-11,-114.8,-139.1,-132.5,-144.6
2016-02-12,-120.8,-146.6,-141.0,-152.6
2016-02-16,-122.5,-147.8,-140.2,-147.4
2016-02-17,-122.5,-151.0,-144.0,-152.4
2016-02-18,-120.2,-148.4,-142.4,-150.7
2016-02-19,-126.3,-153.2,-146.7,-153.8
2016-02-22,-128.5,-154.9,-148.2,-155.3
2016-02-23,-125.0,-149.8,-142.1,-152.2
2016-02-24,-125.0,-152.6,-151.2,-162.5
2016-02-25,-122.3,-147.3,-145.7,-156.3
2016-02-26,-132.0,-155.9,-150.8,-159.7
2016-02-29,-131.6,-158.3,-152.5,-160.6
2016-03-01,-138.5,-166.3,-158.2,-161.8
2016-03-02,-137.4,-166.5,-153.7,-152.9
2016-03-03,-139.6,-166.9,-152.6,-150.8
2016-03-04,-141.0,-169.7,-156.0,-154.8
2016-03-07,-143.2,-174.2,-158.8,-154.0
2016-03-08,-142.4,-169.3,-154.7,-148.7
2016-03-09,-141.7,-169.1,-156.2,-150.5
2016-03-10,-144.5,-176.7,-161.5,-156.8
2016-03-11,-142.8,-173.3,-161.7,-157.1
2016-03-14,-143.2,-174.0,-162.0,-157.6
2016-03-15,-143.0,-171.3,-157.2,-151.2
2016-03-16,-132.5,-164.2,-157.1,-155.3
2016-03-17,-133.6,-164.6,-158.4,-158.0
2016-03-18,-132.1,-161.2,-158.3,-161.3
2016-03-21,-134.6,-164.5,-160.4,-162.8
2016-03-22,-139.1,-168.8,-162.7,-164.6
2016-03-23,-135.3,-163.1,-155.5,-156.5
2016-03-24,-137.4,-167.0,-162.9,-164.6
2016-03-29,-127.7,-159.4,-156.6,-162.3
2016-03-30,-125.0,-155.3,-156.8,-165.5
2016-03-31,-122.0,-150.4,-152.2,-161.9
2016-04-01,-125.1,-155.1,-156.8,-168.4
2016-04-04,-123.2,-151.6,-155.7,-168.7
2016-04-05,-121.3,-150.0,-155.1,-167.4
2016-04-06,-121.1,-152.6,-155.4,-167.5
2016-04-07,-120.3,-148.7,-151.7,-164.4
2016-04-08,-120.6,-151.0,-152.8,-164.7
2016-04-11,-120.3,-149.5,-150.0,-158.9
2016-04-12,-124.7,-158.8,-159.3,-163.0
2016-04-13,-125.8,-158.3,-157.0,-160.1
2016-04-14,-127.1,-161.7,-159.8,-164.0
2016-04-15,-125.5,-158.7,-157.7,-160.8
2016-04-18,-125.6,-159.5,-158.2,-161.5
2016-04-19,-128.0,-160.6,-156.6,-159.0
2016-04-20,-130.8,-167.8,-165.2,-168.1
2016-04-21,-131.5,-166.7,-162.4,-165.9
2016-04-22,-133.5,-167.7,-160.7,-161.7
2016-04-25,-134.6,-167.2,-158.9,-157.5
2016-04-26,-135.0,-167.6,-160.1,-160.9
2016-04-27,-132.1,-160.7,-152.0,-152.8
2016-04-28,-128.2,-158.2,-152.8,-153.1
2016-04-29,-127.2,-154.6,-149.3,-150.8
2016-05-02,-129.2,-158.2,-155.7,-158.9
2016-05-03,-126.4,-156.5,-156.1,-163.2
2016-05-04,-126.3,-153.4,-151.8,-157.8
2016-05-05,-124.7,-153.4,-152.3,-158.6
2016-05-06,-127.1,-157.4,-157.3,-163.2
2016-05-09,-125.1,-155.5,-157.6,-164.6
2016-05-10,-124.8,-156.0,-160.1,-167.9
2016-05-11,-127.1,-156.6,-156.3,-162.9
2016-05-12,-129.6,-159.8,-155.6,-160.8
2016-05-13,-129.3,-157.6,-152.3,-157.2
2016-05-16,-132.0,-160.6,-155.3,-160.8
2016-05-17,-134.9,-164.1,-157.6,-162.5
2016-05-18,-142.6,-173.3,-164.0,-164.3
2016-05-19,-141.6,-171.6,-164.5,-164.4
2016-05-20,-141.4,-170.3,-162.6,-161.1
2016-05-23,-143.4,-170.4,-161.5,-160.8
2016-05-24,-144.6,-173.8,-164.2,-163.0
2016-05-25,-145.7,-174.5,-167.0,-166.6
2016-05-26,-141.0,-169.4,-163.4,-165.3
2016-05-27,-144.2,-175.4,-168.2,-168.2
2016-05-31,-139.5,-169.5,-162.1,-163.7
2016-06-01,-145.1,-174.3,-167.7,-168.3
2016-06-02,-142.6,-170.5,-163.7,-164.5
2016-06-03,-132.9,-160.8,-158.8,-165.6
2016-06-06,-135.8,-162.6,-160.1,-169.7
2016-06-07,-133.4,-161.5,-161.6,-171.9
2016-06-08,-133.3,-161.3,-161.4,-172.0
2016-06-09,-133.3,-161.8,-162.1,-176.4
2016-06-10,-129.4,-157.1,-159.4,-177.0
2016-06-13,-128.7,-153.4,-156.3,-173.9
2016-06-14,-132.3,-157.0,-158.4,-179.2
2016-06-15,-128.3,-153.3,-157.0,-179.0
2016-06-16,-130.4,-153.9,-155.1,-180.2
2016-06-17,-130.7,-156.7,-157.2,-177.8
2016-06-20,-133.2,-159.0,-158.7,-174.8
2016-06-21,-135.5,-164.9,-163.7,-178.3
2016-06-22,-133.8,-161.5,-160.1,-176.3
2016-06-23,-135.9,-164.9,-163.0,-177.1
2016-06-24,-130.1,-158.2,-159.4,-183.9
2016-06-27,-126.4,-150.9,-152.9,-181.2
2016-06-28,-126.1,-151.1,-152.3,-175.8
2016-06-29,-127.9,-155.4,-159.2,-182.6
2016-06-30,-124.1,-153.1,-159.3,-185.2
2016-07-01,-125.2,-153.5,-156.8,-176.1
2016-07-05,-123.9,-151.1,-150.8,-168.8
2016-07-06,-127.4,-152.7,-153.3,-170.3
2016-07-07,-127.2,-153.8,-152.9,-166.3
2016-07-08,-130.9,-154.2,-152.8,-165.6
2016-07-11,-135.7,-162.3,-159.0,-168.6
2016-07-12,-137.0,-165.3,-162.3,-170.4
2016-07-13,-136.9,-163.9,-160.3,-167.9
2016-07-14,-135.3,-163.2,-159.4,-167.2
2016-07-15,-138.0,-167.7,-165.6,-170.8
2016-07-18,-135.3,-168.2,-166.4,-171.0
2016-07-19,-136.3,-164.9,-162.6,-167.1
2016-07-20,-138.0,-166.8,-164.9,-169.1
2016-07-21,-134.2,-160.7,-160.5,-166.4
2016-07-22,-135.2,-163.5,-162.2,-169.8
2016-07-25,-135.9,-166.3,-166.7,-175.6
2016-07-26,-138.7,-166.1,-165.3,-176.7
2016-07-27,-138.0,-162.7,-162.7,-173.8
2016-07-28,-136.7,-161.3,-164.0,-177.4
2016-07-29,-132.3,-157.7,-161.0,-175.6
2016-08-01,-132.0,-160.8,-166.2,-181.7
2016-08-02,-130.6,-157.2,-162.9,-178.4
2016-08-03,-130.4,-157.6,-164.2,-179.7
2016-08-04,-129.0,-157.5,-164.5,-178.6
2016-08-05,-137.3,-166.8,-170.2,-182.3
2016-08-08,-139.2,-167.6,-167.7,-176.3
2016-08-09,-136.6,-165.2,-166.2,-173.8
2016-08-10,-135.4,-163.4,-164.4,-175.4
2016-08-11,-142.4,-172.7,-171.5,-180.5
2016-08-12,-137.2,-166.3,-165.7,-174.9
2016-08-15,-136.4,-167.3,-166.2,-175.0
2016-08-16,-140.2,-168.3,-166.6,-175.0
2016-08-17,-138.6,-166.9,-165.3,-173.5
2016-08-18,-136.1,-166.4,-165.7,-176.7
2016-08-19,-140.1,-169.7,-168.7,-177.7
2016-08-22,-141.2,-168.7,-167.0,-174.6
2016-08-23,-139.2,-169.1,-168.6,-176.9
2016-08-24,-140.9,-166.7,-168.6,-174.8
2016-08-25,-142.2,-167.9,-167.7,-173.8
2016-08-26,-148.1,-175.8,-172.9,-177.3
2016-08-29,-145.4,-170.8,-167.2,-167.7
2016-08-30,-144.8,-171.8,-169.3,-173.0
2016-08-31,-145.3,-172.6,-169.6,-172.4
2016-09-01,-142.7,-169.3,-163.7,-165.2
2016-09-02,-145.6,-172.4,-167.1,-169.4
2016-09-06,-141.4,-168.5,-165.4,-167.5
2016-09-07,-142.7,-170.4,-169.4,-175.4
2016-09-08,-144.4,-174.2,-173.4,-180.0
2016-09-09,-144.1,-173.8,-169.5,-171.3
2016-09-12,-143.3,-169.9,-168.3,-172.6
2016-09-13,-144.2,-174.6,-173.2,-179.1
2016-09-14,-142.9,-171.1,-170.1,-174.2
2016-09-15,-139.6,-168.7,-168.1,-173.4
2016-09-16,-143.4,-172.3,-170.7,-172.3
2016-09-19,-145.1,-173.2,-170.3,-172.5
2016-09-20,-145.9,-172.7,-172.8,-178.3
2016-09-21,-145.8,-171.2,-168.5,-173.7
2016-09-22,-147.2,-173.6,-172.5,-178.1
2016-09-23,-145.7,-171.4,-172.1,-179.5
2016-09-26,-145.6,-170.3,-171.8,-179.8
2016-09-27,-147.0,-172.7,-172.1,-177.7
2016-09-28,-147.6,-173.1,-173.4,-178.0
2016-09-29,-145.0,-169.9,-170.0,-175.4
2016-09-30,-149.0,-173.3,-176.0,-180.7
2016-10-03,-151.5,-175.5,-176.6,-181.2
2016-10-04,-153.7,-178.9,-180.4,-183.5
2016-10-05,-155.9,-179.3,-177.9,-180.0
2016-10-06,-156.3,-178.6,-177.8,-177.1
2016-10-07,-153.6,-177.0,-175.5,-175.3
2016-10-11,-156.1,-178.4,-174.7,-174.7
2016-10-12,-156.1,-178.0,-175.3,-174.3
2016-10-13,-154.8,-175.5,-174.5,-176.1
2016-10-14,-153.7,-175.2,-176.8,-179.5
2016-10-17,-150.4,-173.5,-173.1,-175.3
2016-10-18,-152.7,-172.4,-172.5,-175.8
2016-10-19,-151.4,-174.2,-176.2,-177.6
2016-10-20,-154.8,-174.8,-176.7,-181.1
2016-10-21,-153.9,-174.8,-176.5,-180.1
2016-10-24,-153.7,-176.1,-177.7,-180.6
2016-10-25,-155.4,-176.6,-176.0,-177.1
2016-10-26,-153.9,-173.5,-172.1,-173.2
2016-10-27,-153.8,-172.4,-170.5,-170.3
2016-10-28,-152.5,-170.9,-170.7,-173.5
2016-10-31,-152.2,-169.0,-169.9,-172.1
2016-11-01,-147.7,-166.9,-165.6,-167.9
2016-11-02,-147.3,-166.0,-167.2,-172.6
2016-11-03,-148.3,-164.6,-166.1,-174.1
2016-11-04,-148.9,-165.4,-167.3,-175.5
2016-11-07,-150.0,-168.5,-169.0,-176.9
2016-11-08,-154.9,-173.3,-173.6,-179.2
2016-11-09,-159.7,-189.0,-190.8,-200.7
2016-11-10,-158.8,-186.7,-185.2,-191.1
2016-11-14,-165.3,-192.5,-187.5,-192.1
2016-11-15,-168.9,-197.0,-191.0,-196.0
2016-11-16,-166.7,-196.1,-188.8,-190.2
2016-11-17,-171.3,-202.7,-197.0,-202.2
2016-11-18,-176.8,-212.4,-205.3,-206.0
2016-11-21,-178.6,-211.5,-202.2,-201.7
2016-11-22,-181.8,-215.3,-204.8,-205.4
2016-11-23,-183.8,-216.5,-203.8,-200.1
2016-11-25,-189.5,-222.7,-208.0,-202.9
2016-11-28,-189.6,-222.5,-208.4,-207.1
2016-11-29,-187.0,-219.1,-203.4,-197.5
2016-11-30,-188.9,-224.4,-210.2,-203.6
2016-12-01,-191.2,-227.0,-211.0,-203.4
2016-12-02,-186.6,-217.8,-203.4,-198.7
2016-12-05,-186.3,-216.1,-201.4,-195.2
2016-12-06,-184.8,-215.8,-201.8,-199.4
2016-12-07,-181.4,-210.9,-195.6,-191.0
2016-12-08,-184.0,-212.7,-198.0,-194.3
2016-12-09,-192.9,-228.2,-208.7,-194.6
2016-12-12,-191.6,-224.9,-203.4,-185.0
2016-12-13,-192.6,-231.1,-207.9,-191.8
2016-12-14,-202.9,-242.5,-217.5,-197.0
2016-12-15,-207.0,-249.2,-219.9,-194.3
2016-12-16,-208.2,-248.4,-224.6,-206.7
2016-12-19,-204.2,-246.6,-220.6,-202.1
2016-12-20,-205.2,-249.2,-225.4,-208.3
2016-12-21,-200.8,-247.8,-224.8,-207.0
2016-12-22,-202.9,-247.1,-224.0,-206.6
2016-12-23,-203.3,-248.5,-227.2,-210.6
2016-12-27,-210.1,-252.2,-230.7,-217.2
2016-12-28,-209.1,-249.3,-226.0,-210.7
2016-12-29,-202.3,-241.7,-224.8,-212.0
2016-12-30,-200.0,-240.1,-219.8,-204.7
2017-01-03,-201.9,-238.6,-214.2,-195.6
2017-01-04,-203.6,-237.5,-214.0,-194.4
2017-01-05,-193.5,-226.4,-203.4,-185.0
2017-01-06,-195.9,-230.9,-208.2,-190.0
2017-01-09,-196.2,-229.2,-204.1,-184.1
2017-01-10,-194.9,-228.7,-204.1,-184.2
2017-01-11,-194.2,-228.8,-206.8,-186.4
2017-01-12,-192.5,-227.4,-204.8,-189.6
2017-01-13,-196.0,-230.5,-207.8,-183.3
2017-01-17,-193.2,-228.8,-204.8,-182.8
2017-01-18,-196.7,-232.7,-207.2,-182.1
2017-01-19,-198.3,-233.3,-207.7,-182.1
2017-01-20,-190.9,-230.0,-207.6,-181.0
2017-01-23,-184.6,-223.5,-199.8,-173.7
2017-01-24,-189.6,-229.7,-206.2,-180.9
2017-01-25,-189.5,-229.8,-205.3,-178.7
2017-01-26,-188.1,-223.9,-202.7,-179.5
2017-01-27,-189.2,-222.5,-200.5,-178.7
2017-01-30,-189.7,-221.5,-200.8,-182.8
2017-01-31,-188.2,-217.8,-196.5,-179.0
2017-02-01,-193.4,-221.6,-197.9,-178.2
2017-02-02,-196.0,-225.2,-203.4,-184.1
2017-02-03,-196.9,-226.0,-202.9,-182.8
2017-02-06,-193.8,-224.0,-202.2,-184.2
2017-02-07,-194.2,-222.6,-196.5,-175.7
2017-02-08,-196.3,-223.2,-197.1,-177.2
2017-02-09,-200.5,-230.7,-204.9,-185.7
2017-02-10,-199.3,-229.3,-202.1,-179.7
2017-02-13,-200.2,-232.7,-204.1,-179.8
2017-02-14,-205.4,-238.9,-208.2,-183.5
2017-02-15,-206.6,-239.9,-207.8,-178.4
2017-02-16,-200.8,-233.9,-204.3,-177.7
2017-02-17,-202.6,-235.2,-207.3,-184.6
2017-02-21,-206.7,-236.6,-205.2,-179.7
2017-02-22,-211.6,-242.6,-211.9,-188.0
2017-02-23,-207.8,-239.1,-209.3,-188.6
2017-02-24,-205.0,-235.2,-206.6,-187.3
2017-02-27,-211.7,-241.6,-212.6,-191.7
2017-02-28,-211.5,-242.7,-211.4,-187.5
2017-03-01,-214.8,-248.1,-216.2,-189.3
2017-03-02,-217.9,-249.2,-215.3,-188.4
2017-03-03,-215.4,-243.7,-211.4,-184.7
2017-03-06,-214.4,-243.3,-212.7,-189.8
2017-03-07,-219.6,-250.0,-215.8,-187.5
2017-03-08,-221.6,-248.5,-216.0,-187.9
2017-03-09,-222.2,-251.5,-217.9,-191.0
2017-03-10,-220.5,-244.3,-208.9,-181.5
2017-03-13,-221.8,-243.9,-212.4,-189.8
2017-03-14,-220.6,-243.3,-211.7,-189.2
2017-03-15,-215.1,-235.1,-205.4,-185.1
2017-03-16,-214.4,-234.7,-204.5,-185.8
2017-03-17,-211.7,-232.4,-202.3,-184.8
2017-03-20,-207.0,-229.8,-199.6,-181.8
2017-03-21,-200.5,-221.8,-193.2,-175.1
2017-03-22,-204.1,-226.4,-197.2,-181.7
2017-03-23,-201.8,-226.3,-198.0,-180.1
2017-03-24,-199.6,-222.4,-196.1,-177.2
2017-03-27,-198.4,-222.0,-196.6,-179.2
2017-03-28,-201.7,-226.6,-200.3,-182.3
2017-03-29,-202.1,-227.7,-199.9,-180.2
2017-03-30,-202.3,-231.0,-203.7,-185.0
2017-03-31,-199.8,-229.2,-202.7,-184.1
2017-04-03,-202.7,-228.4,-199.0,-181.0
2017-04-04,-205.8,-232.8,-206.3,-188.0
2017-04-05,-204.5,-227.8,-202.2,-183.8
2017-04-06,-203.6,-231.1,-203.9,-188.1
2017-04-07,-210.5,-238.9,-211.2,-193.7
2017-04-10,-212.2,-238.7,-209.9,-192.5
2017-04-11,-208.3,-231.8,-204.9,-187.7
2017-04-12,-208.2,-228.8,-201.7,-188.6
2017-04-13,-206.7,-227.1,-201.1,-189.3
2017-04-18,-202.6,-219.7,-194.2,-185.4
2017-04-19,-199.5,-218.6,-196.4,-188.6
2017-04-20,-199.6,-219.0,-194.7,-186.3
2017-04-21,-198.5,-217.1,-194.4,-186.6
2017-04-24,-194.9,-211.6,-188.9,-178.1
2017-04-25,-199.1,-217.1,-194.9,-181.5
2017-04-26,-198.6,-214.0,-191.2,-178.6
2017-04-27,-197.6,-214.4,-192.9,-180.3
2017-04-28,-201.2,-215.7,-191.7,-178.9
2017-05-02,-200.8,-216.1,-192.3,-180.7
2017-05-03,-203.2,-220.7,-196.5,-180.4
2017-05-04,-204.0,-218.5,-193.7,-177.3
2017-05-05,-201.7,-217.9,-191.7,-174.8
2017-05-08,-201.9,-218.5,-193.3,-176.5
2017-05-09,-204.5,-220.1,-193.6,-175.0
2017-05-10,-203.8,-221.6,-196.4,-177.4
2017-05-11,-202.2,-218.1,-191.2,-174.2
2017-05-12,-197.8,-212.6,-188.4,-172.2
2017-05-15,-198.4,-212.9,-187.1,-170.8
2017-05-16,-195.2,-213.4,-185.0,-169.9
2017-05-17,-194.8,-206.1,-177.9,-164.6
2017-05-18,-196.4,-211.0,-183.4,-167.6
2017-05-19,-195.9,-210.2,-180.4,-163.7
2017-05-22,-196.5,-209.0,-180.3,-161.9
2017-05-23,-197.2,-213.6,-183.6,-166.5
2017-05-24,-197.0,-208.6,-180.5,-163.9
2017-05-25,-199.4,-209.7,-182.7,-166.0
2017-05-26,-200.4,-213.2,-185.6,-169.8
2017-05-30,-201.5,-214.0,-184.9,-167.7
2017-05-31,-201.6,-214.0,-185.7,-166.6
2017-06-01,-201.3,-213.3,-183.1,-164.0
2017-06-02,-202.8,-210.5,-180.5,-160.6
2017-06-05,-205.1,-212.4,-182.2,-162.4
2017-06-06,-205.0,-211.2,-180.2,-161.8
2017-06-07,-207.6,-214.2,-184.8,-165.9
2017-06-08,-207.6,-214.6,-185.4,-166.9
2017-06-09,-210.5,-216.8,-186.6,-166.2
2017-06-12,-210.1,-218.5,-188.3,-168.5
2017-06-13,-210.1,-217.5,-187.3,-169.2
2017-06-14,-206.6,-212.6,-183.4,-165.3
2017-06-15,-200.9,-208.8,-179.5,-160.6
2017-06-16,-200.3,-209.8,-181.0,-160.0
2017-06-19,-202.9,-214.0,-183.2,-160.3
2017-06-20,-203.2,-211.8,-182.5,-159.4
2017-06-21,-202.0,-211.3,-182.7,-160.4
2017-06-22,-200.5,-210.6,-183.4,-160.9
2017-06-23,-199.0,-210.5,-182.6,-157.6
2017-06-26,-201.5,-211.5,-183.0,-157.9
2017-06-27,-199.0,-209.5,-182.2,-156.8
2017-06-28,-195.0,-204.4,-178.4,-156.0
2017-06-29,-197.8,-204.2,-177.3,-154.5
2017-06-30,-196.6,-206.1,-178.1,-152.7
2017-07-03,-201.6,-212.3,-183.3,-154.5
2017-07-05,-201.2,-210.9,-177.8,-149.3
2017-07-06,-199.2,-205.9,-175.0,-149.7
2017-07-07,-200.6,-207.6,-175.6,-150.7
2017-07-10,-201.6,-207.6,-176.2,-152.8
2017-07-11,-197.6,-205.0,-174.3,-150.6
2017-07-12,-196.9,-203.3,-173.3,-150.5
2017-07-13,-199.5,-204.3,-175.4,-152.5
2017-07-14,-198.2,-203.2,-174.9,-153.8
2017-07-17,-199.2,-201.9,-172.4,-151.1
2017-07-18,-199.9,-198.9,-169.7,-148.6
2017-07-19,-201.0,-201.5,-172.0,-150.7
2017-07-20,-201.3,-201.3,-172.4,-147.8
2017-07-21,-200.3,-202.1,-171.7,-146.7
2017-07-24,-202.5,-205.3,-174.5,-149.2
2017-07-25,-204.7,-208.2,-176.4,-152.3
2017-07-26,-201.2,-202.2,-172.3,-151.0
2017-07-27,-202.4,-205.4,-177.6,-156.4
2017-07-28,-199.8,-203.2,-172.8,-149.5
2017-07-31,-200.7,-205.2,-173.7,-151.5
2017-08-01,-201.1,-203.3,-172.8,-153.8
2017-08-02,-204.2,-207.6,-176.5,-155.4
2017-08-03,-201.6,-204.4,-175.0,-153.4
2017-08-04,-203.3,-206.6,-177.9,-155.6
2017-08-07,-203.5,-206.5,-177.2,-156.0
2017-08-08,-202.7,-209.0,-180.2,-158.0
2017-08-09,-201.1,-209.4,-179.7,-158.5
2017-08-10,-201.0,-206.8,-176.6,-156.7
2017-08-11,-200.3,-205.2,-178.3,-159.6
2017-08-14,-203.5,-206.6,-178.5,-157.9
2017-08-15,-203.9,-210.0,-180.8,-158.5
2017-08-16,-201.8,-205.9,-176.0,-153.8
2017-08-17,-200.0,-203.1,-172.8,-151.9
2017-08-18,-203.0,-207.1,-177.2,-157.2
2017-08-21,-202.2,-205.9,-175.9,-156.1
2017-08-22,-203.3,-209.7,-178.9,-155.9
2017-08-23,-203.8,-207.6,-176.1,-154.0
2017-08-24,-205.3,-211.2,-179.7,-158.3
2017-08-25,-206.1,-207.9,-175.6,-153.3
2017-08-28,-206.3,-207.8,-176.4,-154.2
2017-08-29,-207.2,-206.2,-176.9,-156.4
2017-08-30,-205.4,-205.5,-175.9,-155.8
2017-08-31,-206.4,-205.0,-174.4,-154.6
2017-09-01,-207.6,-206.3,-175.0,-154.1
2017-09-05,-205.9,-201.6,-168.7,-148.6
2017-09-06,-204.7,-205.5,-173.0,-154.2
2017-09-07,-203.0,-201.2,-169.9,-149.4
2017-09-08,-203.3,-202.2,-170.4,-149.1
2017-09-11,-208.0,-208.6,-177.4,-155.5
2017-09-12,-207.0,-209.0,-176.2,-154.2
2017-09-13,-208.0,-209.9,-176.3,-151.3
2017-09-14,-209.0,-209.8,-175.5,-148.6
2017-09-15,-209.5,-209.3,-173.4,-148.1
2017-09-18,-209.9,-209.5,-173.9,-147.7
2017-09-19,-209.6,-211.3,-176.5,-150.8
2017-09-20,-214.8,-216.9,-181.6,-153.0
2017-09-21,-214.5,-215.1,-178.9,-150.1
2017-09-22,-215.1,-213.4,-177.9,-151.0
2017-09-25,-211.7,-212.5,-176.6,-148.3
2017-09-26,-216.9,-216.5,-179.1,-151.1
2017-09-27,-217.2,-216.6,-180.5,-152.9
2017-09-28,-216.0,-214.0,-179.3,-152.8
2017-09-29,-217.0,-217.5,-182.6,-153.9
2017-10-02,-220.5,-221.2,-185.9,-157.8
2017-10-03,-218.2,-218.5,-182.7,-155.1
2017-10-04,-218.6,-220.2,-185.3,-157.8
2017-10-05,-219.3,-220.3,-186.6,-159.1
2017-10-06,-222.2,-218.7,-183.3,-156.0
2017-10-10,-221.1,-220.8,-186.0,-157.8
2017-10-11,-220.5,-220.2,-185.4,-157.0
2017-10-12,-222.2,-221.6,-184.2,-154.9
2017-10-13,-223.8,-220.7,-183.0,-152.6
2017-10-16,-228.6,-227.0,-187.4,-155.7
2017-10-17,-228.1,-229.4,-189.0,-155.9
2017-10-18,-232.0,-229.3,-190.9,-159.6
2017-10-19,-231.7,-228.4,-189.7,-157.1
2017-10-20,-231.8,-229.1,-189.7,-156.8
2017-10-23,-231.0,-229.2,-190.9,-158.6
2017-10-24,-230.5,-229.7,-190.8,-158.2
2017-10-25,-230.7,-229.1,-191.1,-159.2
2017-10-26,-235.9,-234.0,-197.0,-163.1
2017-10-27,-233.8,-233.8,-195.8,-159.9
2017-10-30,-233.7,-232.9,-194.3,-158.7
2017-10-31,-234.5,-233.2,-195.2,-160.9
2017-11-01,-236.1,-233.7,-194.4,-158.2
2017-11-02,-235.3,-231.9,-191.5,-154.9
2017-11-03,-238.6,-232.5,-193.1,-157.3
2017-11-06,-235.5,-233.8,-192.9,-156.2
2017-11-07,-239.3,-234.0,-192.4,-152.9
2017-11-08,-241.5,-237.5,-194.9,-157.7
2017-11-09,-237.6,-233.6,-190.4,-153.9
2017-11-10,-241.7,-237.3,-195.2,-157.9
2017-11-13,-244.0,-238.0,-193.6,-155.4
2017-11-14,-241.3,-235.7,-191.3,-152.1
2017-11-15,-242.9,-237.2,-191.6,-150.6
2017-11-16,-245.7,-238.6,-194.0,-153.3
2017-11-17,-246.7,-237.6,-192.1,-150.7
2017-11-20,-251.0,-241.0,-195.2,-152.9
2017-11-21,-250.9,-243.5,-195.3,-154.3
2017-11-22,-245.8,-235.1,-190.4,-154.0
2017-11-24,-246.1,-236.4,-192.2,-155.3
2017-11-27,-245.2,-237.0,-190.8,-156.7
2017-11-28,-247.2,-237.8,-193.6,-157.3
2017-11-29,-248.5,-235.6,-192.2,-157.5
2017-11-30,-248.2,-241.4,-199.3,-162.7
2017-12-01,-249.5,-242.5,-197.8,-158.4
2017-12-04,-252.1,-245.3,-198.1,-159.0
2017-12-05,-256.2,-246.2,-197.7,-155.3
2017-12-06,-253.5,-246.0,-198.2,-158.1
2017-12-07,-256.7,-249.0,-201.5,-161.6
2017-12-08,-256.2,-248.2,-201.7,-160.6
2017-12-11,-256.7,-249.2,-203.4,-162.9
2017-12-12,-257.3,-249.7,-202.8,-163.2
2017-12-13,-253.6,-243.7,-198.1,-156.8
2017-12-14,-255.8,-243.1,-195.5,-153.3
2017-12-15,-257.8,-246.3,-198.5,-154.6
2017-12-18,-256.3,-245.6,-202.3,-161.2
2017-12-19,-258.0,-247.5,-203.4,-161.2
2017-12-20,-256.1,-244.4,-201.3,-162.5
2017-12-21,-255.9,-244.3,-198.6,-157.7
2017-12-22,-257.4,-244.5,-199.8,-159.3
2017-12-27,-256.2,-243.1,-195.7,-152.0
2017-12-28,-254.7,-240.8,-194.1,-151.8
2017-12-29,-252.5,-236.5,-188.9,-147.0
2018-01-02,-253.8,-240.7,-193.4,-150.8
2018-01-03,-256.5,-242.1,-193.0,-150.5
2018-01-04,-256.9,-242.3,-193.9,-152.0
2018-01-05,-257.0,-245.3,-195.8,-153.9
2018-01-08,-258.0,-247.2,-199.4,-154.8
2018-01-09,-259.5,-249.4,-203.3,-159.7
2018-01-10,-259.5,-246.6,-199.5,-154.7
2018-01-11,-254.4,-240.0,-193.4,-156.4
2018-01-12,-254.9,-241.3,-194.4,-154.0
2018-01-16,-260.5,-244.8,-196.7,-154.6
2018-01-17,-262.0,-247.2,-199.7,-156.3
2018-01-18,-262.6,-250.3,-202.1,-159.0
2018-01-19,-264.5,-252.9,-203.8,-159.0
2018-01-22,-267.1,-254.2,-205.5,-160.7
2018-01-23,-264.3,-251.9,-204.6,-160.4
2018-01-24,-266.0,-249.7,-203.4,-160.7
2018-01-25,-262.5,-241.4,-197.7,-159.7
2018-01-26,-266.8,-246.7,-201.2,-164.3
2018-01-29,-261.7,-242.8,-199.1,-163.3
2018-01-30,-264.7,-245.6,-201.3,-163.1
2018-01-31,-266.4,-247.4,-202.5,-165.3
2018-02-01,-269.2,-249.7,-204.9,-167.3
2018-02-02,-267.1,-248.4,-206.8,-170.9
2018-02-05,-262.3,-243.6,-201.9,-166.2
2018-02-06,-264.7,-247.2,-206.0,-170.0
2018-02-07,-269.4,-250.9,-209.9,-176.7
2018-02-08,-264.4,-244.6,-203.4,-172.3
2018-02-09,-259.5,-243.7,-205.5,-176.3
2018-02-12,-264.9,-248.5,-208.1,-175.2
2018-02-13,-266.2,-247.9,-205.8,-170.7
2018-02-14,-271.7,-256.8,-211.8,-176.4
2018-02-15,-272.9,-256.1,-210.1,-172.7
2018-02-16,-276.5,-258.0,-212.0,-174.6
2018-02-20,-280.6,-259.3,-211.6,-174.6
2018-02-21,-280.8,-263.4,-218.6,-182.6
2018-02-22,-280.6,-261.1,-217.3,-182.3
2018-02-23,-282.0,-260.8,-218.1,-182.5
2018-02-26,-279.2,-259.1,-217.4,-184.0
2018-02-27,-283.4,-264.1,-219.5,-184.2
2018-02-28,-282.2,-263.8,-217.7,-180.2
2018-03-01,-280.1,-258.8,-213.9,-178.5
2018-03-02,-283.0,-264.3,-220.0,-184.0
2018-03-05,-282.0,-265.9,-221.4,-184.8
2018-03-06,-281.2,-261.7,-217.0,-179.3
2018-03-07,-280.8,-262.4,-219.3,-182.6
2018-03-08,-281.7,-261.3,-217.5,-182.9
2018-03-09,-284.1,-263.4,-221.4,-185.3
2018-03-12,-284.9,-264.6,-220.4,-183.3
2018-03-13,-284.8,-262.7,-217.0,-179.9
2018-03-14,-283.9,-262.7,-216.0,-175.8
2018-03-15,-287.6,-265.9,-220.7,-180.2
2018-03-16,-290.1,-268.6,-222.9,-182.8
2018-03-19,-289.5,-268.2,-222.9,-184.7
2018-03-20,-292.7,-272.4,-226.5,-187.5
2018-03-21,-289.6,-271.4,-225.6,-186.8
2018-03-22,-290.4,-271.1,-226.6,-187.4
2018-03-23,-288.1,-267.8,-224.5,-185.6
2018-03-26,-292.8,-270.9,-227.9,-188.4
2018-03-27,-286.7,-266.8,-223.0,-184.5
2018-03-28,-288.8,-268.6,-223.1,-183.5
2018-03-29,-287.9,-266.4,-220.3,-178.5
2018-04-03,-288.1,-269.7,-224.9,-183.8
2018-04-04,-288.3,-271.1,-225.4,-184.9
2018-04-05,-288.7,-272.2,-227.2,-185.7
2018-04-06,-286.0,-266.9,-222.2,-180.6
2018-04-09,-287.3,-268.5,-223.0,-181.7
2018-04-10,-289.0,-269.1,-224.7,-183.0
2018-04-11,-289.1,-269.9,-224.9,-181.1
2018-04-12,-291.5,-274.6,-227.5,-184.0
2018-04-13,-295.0,-274.5,-225.5,-180.8
2018-04-16,-296.9,-276.5,-226.6,-180.8
2018-04-17,-299.5,-276.3,-226.3,-178.9
2018-04-18,-299.5,-280.4,-231.1,-185.7
2018-04-19,-299.6,-279.3,-229.7,-185.8
2018-04-20,-301.7,-281.5,-231.6,-185.7
2018-04-23,-303.9,-282.9,-231.8,-185.0
2018-04-24,-302.5,-281.8,-232.0,-185.9
2018-04-25,-304.0,-283.2,-235.5,-190.1
2018-04-26,-304.3,-282.0,-234.3,-189.6
2018-04-27,-306.1,-284.1,-235.0,-188.4
2018-04-30,-306.1,-283.3,-233.5,-184.9
2018-05-02,-306.1,-283.9,-235.1,-187.3
2018-05-03,-306.7,-284.3,-234.7,-186.6
2018-05-04,-308.2,-284.3,-236.1,-187.8
2018-05-07,-306.7,-285.4,-237.6,-189.4
2018-05-08,-308.1,-286.8,-237.2,-187.8
2018-05-09,-310.4,-288.5,-238.5,-188.6
2018-05-10,-311.9,-289.5,-238.1,-187.7
2018-05-11,-310.8,-288.5,-236.1,-184.9
2018-05-14,-309.7,-285.4,-234.4,-184.1
2018-05-15,-311.7,-290.3,-239.6,-188.3
2018-05-16,-313.8,-295.5,-243.5,-191.5
2018-05-17,-312.9,-294.6,-244.1,-193.7
2018-05-18,-311.4,-291.7,-239.6,-188.4
2018-05-21,-317.1,-296.8,-245.2,-192.1
2018-05-22,-317.7,-296.3,-245.3,-194.9
2018-05-23,-313.4,-293.0,-243.9,-192.6
2018-05-24,-311.6,-295.1,-245.0,-193.4
2018-05-25,-313.3,-295.4,-246.7,-194.6
2018-05-29,-302.6,-284.5,-237.0,-186.3
2018-05-30,-312.4,-293.8,-244.8,-191.8
2018-05-31,-309.1,-292.8,-243.6,-194.3
2018-06-01,-310.6,-292.3,-243.9,-194.1
2018-06-04,-315.2,-295.0,-247.1,-196.7
2018-06-05,-314.6,-296.0,-247.2,-196.3
2018-06-06,-314.2,-294.4,-245.0,-197.3
2018-06-07,-311.8,-287.5,-237.2,-189.3
2018-06-08,-315.9,-292.5,-241.4,-193.1
2018-06-11,-314.3,-290.6,-239.4,-189.7
2018-06-12,-314.8,-290.9,-239.3,-188.5
2018-06-13,-320.2,-296.9,-244.6,-192.6
2018-06-14,-322.4,-296.6,-242.8,-185.4
2018-06-15,-319.4,-300.5,-246.4,-187.1
2018-06-18,-320.8,-300.1,-245.6,-185.1
2018-06-19,-320.1,-299.9,-246.2,-185.9
2018-06-20,-322.3,-302.2,-248.5,-187.9
2018-06-21,-324.5,-302.7,-248.8,-188.8
2018-06-22,-325.3,-303.3,-249.1,-189.2
2018-06-25,-322.6,-300.8,-246.8,-187.7
2018-06-26,-322.2,-300.4,-246.9,-189.0
2018-06-27,-320.7,-296.6,-243.5,-186.0
2018-06-28,-321.4,-300.1,-246.4,-189.4
2018-06-29,-320.2,-299.0,-247.9,-193.9
2018-07-02,-326.6,-302.2,-250.5,-195.9
2018-07-03,-321.1,-298.3,-247.0,-194.3
2018-07-05,-321.6,-298.7,-247.4,-192.7
2018-07-06,-320.3,-297.1,-246.5,-192.0
2018-07-09,-322.6,-299.4,-247.8,-189.5
2018-07-10,-324.2,-300.7,-248.7,-190.7
2018-07-11,-322.6,-297.7,-247.5,-191.1
2018-07-12,-325.5,-299.9,-248.9,-191.7
2018-07-13,-325.2,-299.5,-248.6,-191.5
2018-07-16,-324.0,-299.1,-247.7,-191.3
2018-07-17,-327.2,-300.8,-250.3,-193.7
2018-07-18,-325.2,-302.7,-253.4,-196.7
2018-07-19,-325.4,-299.8,-249.7,-193.3
2018-07-20,-324.5,-300.8,-252.4,-198.6
2018-07-23,-327.1,-304.0,-255.5,-202.0
2018-07-24,-326.2,-303.3,-253.5,-200.4
2018-07-25,-328.7,-302.5,-253.8,-199.6
2018-07-26,-332.1,-306.7,-257.9,-203.6
2018-07-27,-329.8,-303.5,-255.0,-201.2
2018-07-30,-326.5,-301.1,-252.3,-198.9
2018-07-31,-326.3,-301.1,-251.4,-197.7
2018-08-01,-324.9,-299.2,-251.0,-198.7
2018-08-02,-324.8,-298.9,-250.3,-198.8
2018-08-03,-324.4,-300.1,-252.6,-200.6
2018-08-06,-325.2,-299.4,-253.6,-202.2
2018-08-07,-329.1,-302.4,-255.6,-204.4
2018-08-08,-329.3,-302.4,-254.1,-204.5
2018-08-09,-327.3,-302.1,-253.8,-201.8
2018-08-10,-326.7,-301.2,-252.6,-201.9
2018-08-13,-327.1,-301.3,-253.5,-203.7
2018-08-14,-328.4,-303.2,-254.9,-204.9
2018-08-15,-327.2,-300.5,-253.2,-202.4
2018-08-16,-328.8,-302.3,-254.2,-202.7
2018-08-17,-327.1,-303.0,-255.2,-203.2
2018-08-20,-326.2,-297.9,-250.2,-198.9
2018-08-21,-325.3,-298.2,-250.2,-197.2
2018-08-22,-323.2,-294.1,-246.9,-196.1
2018-08-23,-323.4,-294.9,-245.7,-193.6
2018-08-24,-324.7,-293.8,-244.1,-192.1
2018-08-27,-328.0,-294.1,-245.2,-192.8
2018-08-28,-327.4,-296.6,-247.1,-194.3
2018-08-29,-326.4,-295.4,-245.6,-191.4
2018-08-30,-326.3,-296.7,-247.5,-194.0
2018-08-31,-324.7,-297.1,-249.5,-198.2
2018-09-04,-327.0,-300.1,-252.8,-202.6
2018-09-05,-324.5,-294.9,-248.0,-199.6
2018-09-06,-323.3,-295.5,-248.3,-199.6
2018-09-07,-329.2,-300.0,-252.8,-202.6
2018-09-10,-330.2,-299.8,-251.2,-198.5
2018-09-11,-332.1,-301.3,-252.4,-199.9
2018-09-12,-331.2,-303.8,-254.6,-200.5
2018-09-13,-332.8,-302.0,-251.7,-198.3
2018-09-14,-334.0,-303.4,-251.7,-199.4
2018-09-17,-333.1,-300.7,-250.9,-200.2
2018-09-18,-335.8,-304.7,-255.6,-206.3
2018-09-19,-335.5,-306.0,-257.1,-208.0
2018-09-20,-335.6,-305.8,-256.0,-205.2
2018-09-21,-336.7,-307.1,-258.6,-206.5
2018-09-24,-335.9,-302.9,-255.0,-205.2
2018-09-25,-335.1,-303.9,-254.6,-205.9
2018-09-26,-334.5,-300.4,-250.8,-203.0
2018-09-27,-334.7,-300.5,-252.2,-206.6
2018-09-28,-335.5,-303.0,-255.1,-209.5
2018-10-01,-336.6,-303.6,-256.1,-211.3
2018-10-02,-339.0,-306.9,-258.1,-211.8
2018-10-03,-340.7,-312.6,-266.1,-220.7
2018-10-04,-339.9,-309.6,-263.8,-220.8
2018-10-05,-341.0,-310.0,-264.6,-222.6
2018-10-09,-343.0,-310.1,-263.1,-218.5
2018-10-10,-341.4,-307.9,-263.0,-219.9
2018-10-11,-340.3,-304.9,-257.2,-215.7
2018-10-12,-341.8,-307.0,-260.4,-217.1
2018-10-15,-343.3,-309.3,-262.2,-218.5
2018-10-16,-345.5,-310.8,-263.5,-217.3
2018-10-17,-348.4,-314.7,-268.5,-222.1
2018-10-18,-347.6,-314.5,-266.9,-223.7
2018-10-19,-354.4,-318.6,-272.5,-229.0
2018-10-22,-352.9,-317.2,-271.8,-229.0
2018-10-23,-350.9,-315.1,-271.4,-230.4
2018-10-24,-347.4,-310.1,-265.6,-226.8
2018-10-25,-349.4,-314.1,-269.9,-228.7
2018-10-26,-345.8,-310.0,-267.7,-228.8
2018-10-29,-344.4,-307.3,-264.1,-225.0
2018-10-30,-348.3,-312.1,-270.3,-229.5
2018-10-31,-349.9,-315.0,-272.4,-232.5
2018-11-01,-346.6,-311.7,-269.2,-230.6
2018-11-02,-353.4,-318.4,-274.5,-236.9
2018-11-05,-353.1,-318.0,-272.8,-234.3
2018-11-06,-354.8,-319.3,-274.7,-232.7
2018-11-07,-355.6,-319.2,-273.2,-231.6
2018-11-08,-357.8,-320.9,-274.3,-231.2
2018-11-09,-355.0,-319.5,-272.6,-231.1
2018-11-13,-350.2,-314.9,-269.3,-227.0
2018-11-14,-347.1,-310.3,-265.7,-224.0
2018-11-15,-349.7,-314.1,-269.5,-228.0
2018-11-16,-344.3,-309.4,-265.7,-224.4
2018-11-19,-340.9,-304.2,-262.2,-221.1
2018-11-20,-342.0,-307.7,-265.4,-223.5
2018-11-21,-343.0,-306.9,-263.8,-222.2
2018-11-23,-343.4,-308.1,-265.4,-225.7
2018-11-26,-345.1,-307.8,-265.0,-224.6
2018-11-27,-345.4,-308.8,-265.8,-225.4
2018-11-28,-343.0,-306.1,-265.0,-226.1
2018-11-29,-344.4,-306.6,-264.9,-227.5
2018-11-30,-343.6,-307.3,-264.8,-226.3
2018-12-03,-346.4,-305.9,-261.5,-223.6
2018-12-04,-344.3,-303.5,-257.2,-216.3
2018-12-06,-340.9,-302.7,-258.1,-220.7
2018-12-07,-335.4,-293.9,-252.7,-217.2
2018-12-10,-333.0,-293.4,-254.6,-221.5
2018-12-11,-341.4,-299.6,-259.4,-222.5
2018-12-12,-338.7,-298.9,-259.6,-224.0
2018-12-13,-337.8,-298.0,-260.1,-223.7
2018-12-14,-337.4,-297.1,-257.6,-216.6
2018-12-17,-334.5,-292.1,-254.4,-214.1
2018-12-18,-329.8,-288.5,-251.5,-212.3
2018-12-19,-327.0,-285.3,-247.0,-206.5
2018-12-20,-331.1,-288.9,-251.0,-212.0
2018-12-21,-328.0,-287.9,-249.3,-211.2
2018-12-27,-321.7,-286.5,-247.2,-213.9
2018-12-28,-317.8,-282.1,-241.0,-210.7
2019-01-02,-316.9,-281.8,-243.6,-212.7
2019-01-03,-304.5,-268.5,-231.8,-205.0
2019-01-04,-313.5,-279.0,-240.0,-208.6
2019-01-07,-315.1,-281.6,-241.6,-208.3
2019-01-08,-319.0,-284.3,-242.5,-207.6
2019-01-09,-316.8,-284.1,-244.4,-211.1
2019-01-10,-317.9,-285.9,-247.7,-216.8
2019-01-11,-316.9,-283.3,-246.6,-216.4
2019-01-14,-315.2,-285.1,-247.2,-218.6
2019-01-15,-316.3,-286.2,-248.5,-219.8
2019-01-16,-317.3,-285.5,-247.7,-217.0
2019-01-17,-317.4,-288.2,-248.8,-216.9
2019-01-18,-323.3,-291.1,-251.4,-217.7
2019-01-22,-319.0,-286.6,-247.7,-216.3
2019-01-23,-318.8,-288.7,-249.9,-217.5
2019-01-24,-316.2,-287.8,-250.8,-219.0
2019-01-25,-320.1,-290.2,-253.9,-222.1
2019-01-28,-319.5,-288.2,-252.5,-219.7
2019-01-29,-314.6,-285.1,-249.7,-217.6
2019-01-30,-309.8,-279.0,-248.8,-221.9
2019-01-31,-303.2,-274.9,-244.5,-217.5
2019-02-01,-311.2,-283.7,-251.5,-220.8
2019-02-04,-311.4,-284.3,-252.8,-222.3
2019-02-05,-310.9,-281.2,-249.8,-219.0
2019-02-06,-308.3,-280.8,-250.8,-220.9
2019-02-07,-306.2,-281.3,-250.5,-220.6
2019-02-08,-303.5,-281.3,-251.1,-219.7
2019-02-11,-305.3,-282.2,-250.3,-219.0
2019-02-12,-307.0,-283.2,-250.5,-219.9
2019-02-13,-309.1,-286.4,-253.5,-221.9
2019-02-14,-306.9,-283.9,-252.7,-224.2
2019-02-15,-308.6,-284.0,-251.3,-221.4
2019-02-19,-307.8,-282.1,-249.8,-218.0
2019-02-20,-307.7,-282.5,-250.7,-220.3
2019-02-21,-309.2,-283.0,-250.9,-222.5
2019-02-22,-305.2,-281.8,-250.4,-222.1
2019-02-25,-307.0,-281.6,-251.4,-222.4
2019-02-26,-303.9,-278.2,-248.2,-220.3
2019-02-27,-304.7,-279.5,-249.6,-222.3
2019-02-28,-305.7,-279.7,-250.6,-221.9
2019-03-01,-307.8,-281.9,-250.9,-222.3
2019-03-04,-307.9,-280.9,-249.9,-221.2
2019-03-05,-308.5,-281.6,-250.7,-220.7
2019-03-06,-306.0,-280.3,-251.2,-221.4
2019-03-07,-303.6,-279.9,-251.1,-220.1
2019-03-08,-300.7,-277.1,-250.0,-220.8
2019-03-11,-302.9,-280.3,-253.3,-223.8
2019-03-12,-301.1,-277.0,-249.7,-220.3
2019-03-13,-301.1,-278.0,-249.7,-222.3
2019-03-14,-301.9,-277.7,-250.2,-223.2
2019-03-15,-298.3,-274.3,-246.1,-221.2
2019-03-18,-299.8,-275.8,-246.8,-220.4
2019-03-19,-300.0,-273.8,-245.5,-219.5
2019-03-20,-294.1,-267.0,-240.5,-217.2
2019-03-21,-296.6,-269.9,-244.9,-220.4
2019-03-22,-289.0,-264.4,-242.5,-223.1
2019-03-25,-284.1,-260.4,-239.8,-220.5
2019-03-26,-281.4,-257.1,-238.2,-221.3
2019-03-27,-285.4,-264.3,-242.3,-221.5
2019-03-28,-283.9,-264.2,-241.3,-219.1
2019-03-29,-289.0,-267.8,-242.3,-216.8
2019-04-01,-294.4,-274.5,-248.2,-221.2
2019-04-02,-292.1,-271.7,-246.9,-220.6
2019-04-03,-293.2,-272.4,-246.5,-219.7
2019-04-04,-293.0,-272.6,-246.6,-221.2
2019-04-05,-294.3,-270.9,-245.1,-220.0
2019-04-08,-295.3,-272.8,-246.9,-221.9
2019-04-09,-294.0,-271.4,-247.1,-222.3
2019-04-10,-291.7,-271.4,-246.7,-221.3
2019-04-11,-295.4,-273.2,-248.0,-223.8
2019-04-12,-298.0,-275.1,-247.1,-222.0
2019-04-15,-297.7,-273.1,-243.7,-216.4
2019-04-16,-299.4,-278.0,-249.4,-220.0
2019-04-17,-298.4,-275.4,-246.4,-219.6
2019-04-18,-296.8,-277.0,-249.8,-221.3
2019-04-23,-295.0,-274.4,-248.7,-222.6
2019-04-24,-292.4,-273.6,-249.1,-223.5
2019-04-25,-293.8,-274.8,-250.1,-223.6
2019-04-26,-289.0,-271.6,-248.0,-221.8
2019-04-29,-289.6,-272.3,-248.5,-222.8
2019-04-30,-286.4,-266.8,-243.5,-219.0
2019-05-02,-295.0,-275.0,-249.2,-222.2
2019-05-03,-293.3,-274.0,-247.6,-220.3
2019-05-06,-291.0,-271.1,-244.9,-218.5
2019-05-07,-289.7,-269.5,-243.1,-217.0
2019-05-08,-293.0,-273.7,-248.8,-222.7
2019-05-09,-290.2,-271.8,-245.5,-221.5
2019-05-10,-288.8,-270.7,-244.9,-220.2
2019-05-13,-281.7,-264.3,-240.1,-217.1
2019-05-14,-284.9,-267.5,-243.7,-222.9
2019-05-15,-282.7,-265.6,-242.3,-223.1
2019-05-16,-284.6,-266.0,-242.8,-222.3
2019-05-17,-284.3,-266.8,-243.4,-221.9
2019-05-20,-285.1,-270.0,-243.8,-220.8
2019-05-21,-289.2,-270.9,-244.1,-219.0
2019-05-22,-286.0,-267.2,-240.5,-217.2
2019-05-23,-276.5,-261.4,-236.0,-212.2
2019-05-24,-280.2,-261.8,-236.5,-212.5
2019-05-28,-277.4,-258.5,-234.4,-211.9
2019-05-29,-274.9,-258.9,-235.9,-214.0
2019-05-30,-271.8,-256.2,-231.7,-208.4
2019-05-31,-263.7,-249.3,-227.0,-205.7
2019-06-03,-248.8,-238.4,-221.2,-203.7
2019-06-04,-254.4,-243.9,-226.4,-212.3
2019-06-05,-250.9,-243.8,-228.5,-214.9
2019-06-06,-253.6,-243.7,-228.5,-216.3
2019-06-07,-252.5,-243.4,-229.3,-216.9
2019-06-10,-256.8,-247.5,-230.9,-214.1
2019-06-11,-260.3,-249.1,-232.1,-216.1
2019-06-12,-255.7,-245.3,-230.3,-217.1
2019-06-13,-250.7,-241.5,-228.2,-217.7
2019-06-14,-253.1,-243.2,-228.0,-218.7
2019-06-17,-254.6,-242.6,-226.8,-215.5
2019-06-18,-261.1,-248.3,-231.1,-219.0
2019-06-19,-247.3,-239.5,-225.5,-216.2
2019-06-20,-247.0,-238.2,-226.6,-220.3
2019-06-21,-250.1,-240.9,-228.8,-223.9
2019-06-24,-245.4,-237.2,-225.3,-220.1
2019-06-25,-245.2,-237.1,-226.4,-221.4
2019-06-26,-250.9,-243.5,-230.2,-223.5
2019-06-27,-247.3,-238.4,-225.5,-218.2
2019-06-28,-249.5,-240.3,-225.6,-217.9
2019-07-01,-253.5,-245.4,-230.9,-222.3
2019-07-02,-253.6,-242.1,-227.2,-217.0
2019-07-03,-252.9,-241.5,-228.0,-218.2
2019-07-05,-262.0,-248.5,-231.8,-221.1
2019-07-08,-263.4,-252.8,-236.5,-224.3
2019-07-09,-266.3,-252.4,-235.0,-220.5
2019-07-10,-255.5,-243.5,-229.9,-218.0
2019-07-11,-258.5,-248.1,-233.3,-220.9
2019-07-12,-257.9,-245.0,-229.8,-218.2
2019-07-15,-257.5,-245.4,-231.1,-220.4
2019-07-16,-262.0,-249.7,-235.7,-223.8
2019-07-17,-259.6,-247.8,-232.3,-221.5
2019-07-18,-253.8,-243.5,-231.0,-220.8
2019-07-19,-258.3,-247.5,-234.1,-222.1
2019-07-22,-259.2,-248.8,-235.5,-224.8
2019-07-23,-262.7,-252.8,-239.5,-227.6
2019-07-24,-262.7,-253.5,-240.2,-229.7
2019-07-25,-263.4,-252.0,-238.9,-230.9
2019-07-26,-263.3,-254.2,-242.0,-229.8
2019-07-29,-263.5,-255.0,-242.6,-233.8
2019-07-30,-262.6,-254.6,-242.9,-233.0
2019-07-31,-268.4,-256.3,-240.6,-230.8
2019-08-01,-252.4,-241.3,-231.5,-227.3
2019-08-02,-252.5,-241.0,-230.8,-228.1
2019-08-05,-241.7,-232.6,-223.6,-225.7
2019-08-06,-243.4,-231.8,-223.0,-221.0
2019-08-07,-246.5,-236.4,-228.3,-228.2
2019-08-08,-248.9,-236.0,-224.2,-223.8
2019-08-09,-251.4,-240.4,-227.4,-224.5
2019-08-12,-247.3,-233.7,-220.2,-215.8
2019-08-13,-254.3,-240.8,-224.2,-221.4
2019-08-14,-247.0,-237.5,-220.1,-214.2
2019-08-15,-239.1,-231.3,-217.1,-216.2
2019-08-16,-240.3,-232.4,-221.4,-221.5
2019-08-19,-245.0,-235.3,-219.8,-213.6
2019-08-20,-243.4,-233.8,-220.4,-214.8
2019-08-21,-247.7,-236.6,-221.7,-215.5
2019-08-22,-249.7,-235.9,-221.6,-216.7
2019-08-23,-241.6,-227.5,-212.2,-207.0
2019-08-26,-244.8,-230.7,-215.5,-212.1
2019-08-27,-243.8,-228.5,-212.7,-208.8
2019-08-28,-241.7,-227.1,-214.5,-213.4
2019-08-29,-245.9,-230.1,-215.2,-211.4
2019-08-30,-243.0,-230.6,-214.7,-211.2
2019-09-03,-239.0,-225.1,-212.1,-209.2
2019-09-04,-234.2,-219.4,-207.4,-206.4
2019-09-05,-244.7,-226.6,-210.5,-203.0
2019-09-06,-242.2,-227.6,-213.2,-206.0
2019-09-09,-245.4,-231.7,-215.5,-205.9
2019-09-10,-253.6,-240.3,-224.1,-213.6
2019-09-11,-254.4,-242.1,-226.7,-215.3
2019-09-12,-250.6,-243.6,-231.2,-223.7
2019-09-13,-254.6,-247.4,-233.9,-224.3
2019-09-16,-249.7,-240.6,-226.6,-217.9
2019-09-17,-247.1,-237.4,-224.2,-215.6
2019-09-18,-253.5,-240.4,-225.2,-217.5
2019-09-19,-248.3,-236.8,-224.3,-217.5
2019-09-20,-243.8,-232.8,-221.0,-214.3
2019-09-23,-244.9,-235.2,-225.5,-221.4
2019-09-24,-236.9,-227.8,-217.8,-216.7
2019-09-25,-244.9,-236.5,-228.9,-229.7
2019-09-26,-244.0,-234.4,-222.9,-223.3
2019-09-27,-243.0,-233.3,-222.7,-220.6
2019-09-30,-243.6,-232.0,-219.7,-214.8
2019-10-01,-235.1,-225.7,-213.7,-209.5
2019-10-02,-227.8,-217.8,-208.5,-208.3
2019-10-03,-219.9,-212.2,-208.1,-208.7
2019-10-04,-220.5,-212.2,-205.5,-205.6
2019-10-07,-226.3,-216.3,-209.2,-207.5
2019-10-08,-223.6,-216.1,-208.2,-207.6
2019-10-09,-226.6,-217.2,-210.5,-208.0
2019-10-10,-227.3,-217.6,-210.2,-208.2
2019-10-11,-236.7,-227.2,-216.1,-209.1
2019-10-15,-232.9,-226.9,-218.7,-211.7
2019-10-16,-228.0,-219.9,-208.8,-202.5
2019-10-17,-229.5,-219.9,-211.0,-205.9
2019-10-18,-226.9,-217.2,-208.9,-205.1
2019-10-21,-230.8,-221.0,-209.5,-203.8
2019-10-22,-228.7,-220.7,-210.3,-206.9
2019-10-23,-226.9,-220.0,-212.0,-209.9
2019-10-24,-227.6,-220.2,-212.1,-210.8
2019-10-25,-231.9,-222.3,-212.5,-210.5
2019-10-28,-231.5,-223.2,-212.8,-208.0
2019-10-29,-231.0,-223.6,-213.8,-210.5
2019-10-30,-227.3,-218.9,-208.8,-204.6
2019-10-31,-221.3,-213.0,-205.2,-202.5
2019-11-01,-225.4,-216.7,-207.1,-203.6
2019-11-04,-228.4,-219.6,-208.9,-204.6
2019-11-05,-229.8,-223.2,-212.8,-207.6
2019-11-06,-226.2,-219.5,-208.6,-205.2
2019-11-07,-232.4,-226.5,-213.8,-209.1
2019-11-08,-231.9,-225.6,-214.8,-211.0
2019-11-12,-230.2,-224.3,-211.6,-207.1
2019-11-13,-228.1,-223.4,-212.9,-210.7
2019-11-14,-224.3,-219.7,-210.4,-209.2
2019-11-15,-227.6,-221.7,-212.5,-209.3
2019-11-18,-226.0,-220.2,-209.7,-208.8
2019-11-19,-225.8,-219.5,-207.2,-204.0
2019-11-20,-222.6,-216.4,-203.8,-200.4
2019-11-21,-225.9,-217.8,-204.0,-200.3
2019-11-22,-226.3,-219.1,-206.5,-200.8
2019-11-25,-226.9,-219.7,-206.3,-200.8
2019-11-26,-224.2,-217.1,-206.4,-198.5
2019-11-27,-228.6,-220.8,-208.0,-199.5
2019-11-29,-225.7,-218.7,-207.5,-200.1
2019-12-02,-224.5,-216.8,-205.4,-200.7
2019-12-03,-218.8,-210.7,-199.1,-195.0
2019-12-04,-224.2,-217.5,-204.7,-199.9
2019-12-05,-221.9,-215.2,-202.7,-197.1
2019-12-06,-225.8,-220.8,-207.3,-203.1
2019-12-09,-228.4,-222.4,-207.7,-201.3
2019-12-10,-231.0,-222.5,-208.0,-199.2
2019-12-11,-227.4,-219.7,-203.8,-198.1
2019-12-12,-231.7,-227.5,-213.0,-204.4
2019-12-13,-225.5,-217.7,-202.7,-198.4
2019-12-16,-230.3,-225.7,-212.1,-204.4
2019-12-17,-228.7,-224.1,-211.4,-205.5
2019-12-18,-228.2,-225.0,-211.3,-206.0
2019-12-19,-226.5,-221.5,-207.7,-202.1
2019-12-20,-227.8,-222.9,-209.4,-202.4
2019-12-23,-229.9,-225.7,-211.2,-203.9
2019-12-27,-224.2,-217.8,-206.9,-203.4
2019-12-30,-219.8,-212.5,-204.0,-198.0
2020-01-02,-220.2,-214.8,-205.2,-198.3
2020-01-03,-216.8,-210.9,-202.1,-196.4
2020-01-06,-219.1,-215.1,-205.5,-200.5
2020-01-07,-219.0,-215.2,-206.0,-201.5
2020-01-08,-222.1,-218.4,-207.3,-202.0
2020-01-09,-219.5,-213.0,-201.9,-201.1
2020-01-10,-216.7,-210.6,-200.0,-190.7
2020-01-13,-217.6,-210.9,-198.9,-188.8
2020-01-14,-217.6,-209.4,-197.7,-187.9
2020-01-15,-216.7,-208.4,-197.3,-187.4
2020-01-16,-218.7,-211.8,-200.3,-191.3
2020-01-17,-218.7,-211.5,-202.6,-193.3
2020-01-21,-212.4,-205.6,-198.1,-190.1
2020-01-22,-213.6,-208.4,-200.9,-191.9
2020-01-23,-213.4,-209.1,-201.2,-191.1
2020-01-24,-211.3,-205.8,-198.7,-188.5
2020-01-27,-208.3,-203.3,-195.5,-185.9
2020-01-28,-209.4,-205.6,-198.2,-189.9
2020-01-29,-207.4,-200.5,-194.2,-186.3
2020-01-30,-207.8,-200.2,-193.1,-187.6
2020-01-31,-201.0,-195.5,-190.5,-185.7
2020-02-03,-205.1,-199.7,-194.0,-188.1
2020-02-04,-206.6,-204.2,-196.3,-192.3
2020-02-05,-208.7,-206.0,-198.2,-194.7
2020-02-06,-207.5,-203.6,-195.9,-190.2
2020-02-07,-206.1,-202.7,-194.4,-189.4
2020-02-10,-201.7,-199.8,-191.8,-187.3
2020-02-11,-206.1,-202.0,-194.6,-188.2
2020-02-12,-208.6,-205.7,-196.0,-190.7
2020-02-13,-208.7,-203.6,-195.5,-190.4
2020-02-14,-208.0,-204.7,-195.7,-189.4
2020-02-18,-205.8,-201.0,-191.0,-184.1
2020-02-19,-206.8,-203.3,-192.8,-186.3
2020-02-20,-203.9,-199.9,-191.0,-186.9
2020-02-21,-198.6,-192.9,-186.8,-183.8
2020-02-24,-194.2,-187.2,-181.7,-180.5
2020-02-25,-189.6,-183.7,-178.1,-178.4
2020-02-26,-186.1,-181.8,-177.6,-176.5
2020-02-27,-185.9,-184.0,-179.9,-179.8
2020-02-28,-164.6,-167.0,-169.8,-176.9
2020-03-02,-166.2,-168.8,-168.4,-181.5
2020-03-03,-149.4,-154.3,-157.2,-175.1
2020-03-04,-149.3,-156.4,-160.2,-179.1
2020-03-05,-143.8,-151.5,-153.6,-171.9
2020-03-06,-135.7,-145.6,-142.7,-151.0
2020-03-09,-134.6,-145.6,-135.0,-131.1
2020-03-10,-142.3,-155.1,-149.6,-170.5
2020-03-11,-143.3,-156.0,-151.8,-170.7
2020-03-12,-147.1,-157.3,-155.7,-190.3
2020-03-13,-138.0,-146.8,-143.2,-178.2
2020-03-16,-123.9,-115.9,-111.9,-145.9
2020-03-17,-133.6,-129.1,-137.4,-174.8
2020-03-18,-132.0,-128.1,-135.6,-168.7
2020-03-19,-110.3,-106.0,-122.6,-160.1
2020-03-20,-104.3,-101.9,-116.6,-149.3
2020-03-23,-97.3,-92.1,-104.9,-131.9
2020-03-24,-101.3,-102.5,-110.4,-132.7
2020-03-25,-93.9,-103.8,-111.6,-132.0
2020-03-26,-93.1,-104.1,-109.6,-125.2
2020-03-27,-95.4,-105.2,-111.2,-125.7
2020-03-30,-94.7,-107.8,-114.7,-131.1
2020-03-31,-93.6,-103.5,-111.1,-129.2
2020-04-01,-89.5,-99.0,-99.6,-120.7
2020-04-02,-88.5,-97.8,-98.9,-123.5
2020-04-03,-90.1,-98.7,-98.5,-123.0
2020-04-06,-92.5,-101.9,-100.0,-121.1
2020-04-07,-91.7,-100.2,-99.7,-116.5
2020-04-08,-88.4,-96.0,-98.7,-118.9
2020-04-09,-84.7,-92.0,-98.0,-120.6
2020-04-14,-87.3,-97.5,-105.6,-130.2
2020-04-15,-87.9,-95.2,-100.3,-126.1
2020-04-16,-86.0,-95.9,-98.1,-123.3
2020-04-17,-87.2,-98.4,-101.8,-126.7
2020-04-20,-86.7,-95.3,-97.4,-119.0
2020-04-21,-86.2,-95.1,-94.7,-116.1
2020-04-22,-87.0,-95.2,-96.1,-117.4
2020-04-23,-88.8,-96.1,-94.3,-114.9
2020-04-24,-88.8,-96.8,-96.0,-116.7
2020-04-27,-88.2,-100.4,-102.3,-123.3
2020-04-28,-85.4,-99.7,-99.0,-119.4
2020-04-29,-87.9,-102.0,-103.9,-127.6
2020-04-30,-90.6,-108.1,-109.4,-136.1
2020-05-04,-90.0,-107.7,-108.1,-135.2
2020-05-05,-94.3,-110.4,-110.6,-137.3
2020-05-06,-89.0,-108.1,-113.4,-141.6
2020-05-07,-84.5,-100.3,-104.1,-130.3
2020-05-08,-90.7,-105.7,-110.7,-139.4
2020-05-11,-88.2,-107.3,-113.4,-142.3
2020-05-12,-85.3,-101.6,-107.4,-136.5
2020-05-13,-85.8,-100.8,-105.9,-138.1
2020-05-14,-86.8,-103.1,-107.4,-134.1
2020-05-15,-87.1,-102.6,-109.5,-138.5
2020-05-18,-87.1,-106.2,-114.3,-144.4
2020-05-19,-81.5,-98.0,-107.3,-140.0
2020-05-20,-80.8,-97.2,-107.9,-137.7
2020-05-21,-83.1,-99.2,-108.7,-139.9
2020-05-22,-82.5,-98.3,-105.6,-135.3
2020-05-26,-79.7,-94.1,-103.5,-136.1
2020-05-27,-80.4,-92.0,-100.8,-134.8
2020-05-28,-78.7,-93.0,-103.8,-138.7
2020-05-29,-79.4,-90.8,-100.6,-135.0
2020-06-01,-77.7,-90.0,-97.6,-133.5
2020-06-02,-82.1,-92.6,-100.8,-136.9
2020-06-03,-81.7,-94.2,-105.5,-141.5
2020-06-04,-80.8,-94.3,-106.4,-138.2
2020-06-05,-81.8,-98.1,-110.9,-138.8
2020-06-08,-83.3,-99.3,-111.8,-139.8
2020-06-09,-81.5,-94.4,-109.5,-138.8
2020-06-10,-78.5,-86.5,-100.6,-129.2
2020-06-11,-83.8,-91.2,-99.8,-128.7
2020-06-12,-85.2,-94.0,-106.2,-133.6
2020-06-15,-85.7,-95.3,-108.2,-135.7
2020-06-16,-86.0,-94.2,-109.7,-140.8
2020-06-17,-84.6,-95.3,-110.0,-141.3
2020-06-18,-85.0,-95.9,-108.7,-139.4
2020-06-19,-85.9,-95.6,-108.4,-140.3
2020-06-22,-88.0,-100.3,-113.0,-141.7
2020-06-23,-83.7,-97.4,-110.2,-140.8
2020-06-24,-84.5,-96.5,-106.6,-136.0
2020-06-25,-85.9,-100.4,-110.8,-139.6
2020-06-26,-86.6,-98.0,-106.7,-135.4
2020-06-29,-85.4,-95.0,-105.7,-134.1
2020-06-30,-85.4,-97.7,-110.8,-139.7
2020-07-01,-82.8,-92.7,-105.2,-131.8
2020-07-02,-83.5,-93.2,-106.4,-132.7
2020-07-06,-83.8,-95.7,-108.0,-135.6
2020-07-07,-83.3,-93.3,-104.3,-130.7
2020-07-08,-83.3,-94.3,-107.2,-134.7
2020-07-09,-83.7,-93.7,-104.0,-128.8
2020-07-10,-85.6,-97.9,-109.9,-134.5
2020-07-13,-82.4,-92.4,-102.6,-127.1
2020-07-14,-80.9,-91.9,-104.0,-127.4
2020-07-15,-83.2,-93.2,-103.0,-121.7
2020-07-16,-83.6,-94.6,-105.0,-129.8
2020-07-17,-81.6,-95.5,-106.5,-130.9
2020-07-20,-83.6,-96.1,-106.2,-132.6
2020-07-21,-80.9,-93.6,-103.6,-127.6
2020-07-22,-83.8,-96.5,-106.2,-131.8
2020-07-23,-84.0,-94.6,-104.3,-126.8
2020-07-24,-80.7,-91.5,-101.2,-123.8
2020-07-27,-83.2,-97.8,-107.7,-127.9
2020-07-28,-83.9,-95.4,-106.1,-128.1
2020-07-29,-81.4,-94.6,-105.5,-128.9
2020-07-30,-82.4,-96.3,-107.2,-129.9
2020-07-31,-82.0,-92.5,-104.0,-125.5
2020-08-03,-81.7,-92.5,-103.6,-127.1
2020-08-04,-83.1,-92.8,-104.9,-129.6
2020-08-05,-81.4,-92.0,-103.0,-127.4
2020-08-06,-81.9,-93.7,-106.6,-127.3
2020-08-07,-83.2,-94.8,-107.4,-128.5
2020-08-10,-85.0,-96.0,-109.3,-132.2
2020-08-11,-85.1,-95.2,-108.9,-132.0
2020-08-12,-84.4,-96.6,-112.2,-135.6
2020-08-13,-81.6,-94.6,-109.8,-134.8
2020-08-14,-80.2,-91.9,-110.2,-139.6
2020-08-17,-81.0,-93.2,-108.9,-137.4
2020-08-18,-81.6,-92.7,-109.0,-136.6
2020-08-19,-82.6,-96.6,-112.3,-140.8
2020-08-20,-82.5,-95.8,-113.3,-141.9
2020-08-21,-85.6,-96.7,-111.3,-136.5
2020-08-24,-82.9,-97.3,-112.5,-137.9
2020-08-25,-80.9,-94.1,-109.9,-133.7
2020-08-26,-81.4,-90.6,-107.8,-133.4
2020-08-27,-82.6,-96.0,-110.7,-140.9
2020-08-28,-81.7,-92.6,-112.7,-141.4
2020-08-31,-80.3,-90.9,-108.8,-136.4
2020-09-01,-80.3,-89.7,-105.1,-130.7
2020-09-02,-83.1,-94.4,-108.4,-134.1
2020-09-03,-83.2,-94.1,-108.7,-135.6
2020-09-04,-83.7,-99.1,-115.9,-144.9
2020-09-08,-84.6,-99.1,-115.2,-144.5
2020-09-09,-82.8,-96.0,-114.2,-143.5
2020-09-10,-81.3,-91.4,-108.5,-138.7
2020-09-11,-81.7,-94.3,-110.2,-138.4
2020-09-14,-83.9,-96.9,-114.0,-144.0
2020-09-15,-82.9,-95.8,-113.0,-143.5
2020-09-16,-83.3,-97.5,-115.0,-146.4
2020-09-17,-82.5,-97.8,-116.0,-146.6
2020-09-18,-83.8,-99.2,-117.0,-147.8
2020-09-21,-85.6,-99.7,-117.8,-149.4
2020-09-22,-83.7,-98.4,-116.0,-145.3
2020-09-23,-84.6,-99.2,-115.7,-145.1
2020-09-24,-85.2,-98.5,-115.5,-144.5
2020-09-25,-82.7,-97.3,-115.3,-146.1
2020-09-28,-83.6,-97.2,-116.7,-147.8
2020-09-29,-80.0,-96.0,-115.8,-148.6
2020-09-30,-82.2,-99.4,-118.2,-153.6
2020-10-01,-82.9,-97.5,-116.2,-151.4
2020-10-02,-83.7,-100.8,-120.3,-155.9
2020-10-05,-84.5,-104.5,-126.4,-162.7
2020-10-06,-85.0,-103.8,-124.9,-162.6
2020-10-07,-86.2,-105.0,-127.3,-163.2
2020-10-08,-84.1,-104.5,-126.8,-163.1
2020-10-09,-89.0,-107.9,-130.2,-167.1
2020-10-13,-90.4,-106.1,-126.6,-162.7
2020-10-14,-89.2,-106.9,-128.0,-162.9
2020-10-15,-91.4,-111.6,-133.0,-170.3
2020-10-16,-92.0,-112.9,-134.9,-166.4
2020-10-19,-94.3,-114.3,-136.0,-171.3
2020-10-20,-92.5,-114.1,-138.9,-176.8
2020-10-21,-91.6,-114.6,-138.8,-175.7
2020-10-22,-93.6,-115.5,-141.5,-179.9
2020-10-23,-94.0,-112.6,-138.1,-175.5
2020-10-26,-91.7,-110.3,-135.0,-171.2
2020-10-27,-93.1,-112.3,-137.0,-172.5
2020-10-28,-95.4,-114.2,-138.8,-174.6
2020-10-29,-96.5,-119.4,-144.9,-179.7
2020-10-30,-94.1,-118.8,-148.0,-184.0
2020-11-02,-96.5,-119.2,-147.2,-182.1
2020-11-03,-96.9,-119.4,-149.4,-184.7
2020-11-04,-94.6,-114.7,-139.5,-176.0
2020-11-05,-93.3,-112.9,-138.6,-172.3
2020-11-06,-94.8,-115.1,-141.4,-176.8
2020-11-09,-91.6,-118.0,-146.2,-180.3
2020-11-10,-92.0,-115.8,-143.3,-178.0
2020-11-12,-90.7,-111.9,-138.4,-172.5
2020-11-13,-91.9,-114.8,-141.5,-175.5
2020-11-16,-93.7,-114.9,-143.7,-177.7
2020-11-17,-92.2,-113.1,-141.1,-175.5
2020-11-18,-90.4,-113.9,-141.6,-174.8
2020-11-19,-92.4,-113.7,-141.0,-173.5
2020-11-20,-92.0,-114.2,-139.1,-168.5
2020-11-23,-92.3,-115.0,-141.2,-169.7
2020-11-24,-92.4,-115.1,-143.3,-173.7
2020-11-25,-93.0,-115.2,-142.5,-175.9
2020-11-27,-92.2,-113.2,-139.4,-172.9
2020-11-30,-91.2,-111.2,-138.6,-173.0
2020-12-01,-90.7,-114.1,-143.2,-180.2
2020-12-02,-89.2,-112.2,-143.6,-177.8
2020-12-03,-90.9,-113.4,-144.5,-178.2
2020-12-04,-91.7,-116.0,-149.6,-183.8
2020-12-07,-91.7,-116.7,-149.8,-183.0
2020-12-08,-92.8,-117.7,-150.5,-184.0
2020-12-09,-95.3,-119.4,-152.6,-184.7
2020-12-10,-92.9,-117.3,-150.0,-181.6
2020-12-11,-91.6,-118.0,-151.1,-182.6
2020-12-14,-92.0,-115.5,-148.9,-181.0
2020-12-15,-90.0,-115.7,-151.6,-184.1
2020-12-16,-88.9,-110.8,-146.2,-179.7
2020-12-17,-89.6,-113.4,-150.7,-184.0
2020-12-18,-88.8,-113.5,-150.9,-185.7
2020-12-21,-89.8,-114.8,-152.2,-184.6
2020-12-22,-89.5,-112.2,-150.0,-182.5
2020-12-23,-87.5,-109.7,-148.9,-183.4
2020-12-28,-89.0,-108.0,-147.6,-178.1
2020-12-29,-88.6,-109.2,-149.7,-181.5
2020-12-30,-88.7,-109.3,-149.7,-178.4
2021-01-04,-85.2,-110.5,-149.9,-181.2
2021-01-05,-87.6,-112.8,-153.2,-185.6
2021-01-06,-87.5,-115.5,-157.7,-192.9
2021-01-07,-88.3,-119.1,-161.9,-196.8
2021-01-08,-88.6,-122.1,-167.1,-199.2
2021-01-11,-87.3,-121.4,-166.2,-196.4
2021-01-12,-86.3,-119.6,-163.8,-194.1
2021-01-13,-87.1,-119.5,-162.3,-191.7
2021-01-14,-91.3,-124.1,-171.0,-202.1
2021-01-15,-87.5,-120.1,-165.0,-196.3
2021-01-19,-87.2,-116.8,-161.6,-192.0
2021-01-20,-86.5,-117.7,-163.2,-193.8
2021-01-21,-85.6,-115.4,-161.7,-193.2
2021-01-22,-86.2,-115.9,-161.2,-191.9
2021-01-25,-87.7,-116.7,-159.8,-191.8
2021-01-26,-85.8,-116.4,-158.7,-190.0
2021-01-27,-87.9,-116.8,-159.4,-189.6
2021-01-28,-88.1,-117.4,-160.8,-189.5
2021-01-29,-86.3,-118.6,-161.9,-191.9
2021-02-01,-85.4,-114.7,-159.8,-188.2
2021-02-02,-84.5,-115.7,-160.2,-188.8
2021-02-03,-83.9,-115.8,-161.2,-191.0
2021-02-04,-83.2,-114.3,-159.6,-189.1
2021-02-05,-81.6,-116.3,-164.1,-193.8
2021-02-08,-83.3,-115.4,-160.7,-189.1
2021-02-09,-83.5,-116.5,-161.8,-190.4
2021-02-10,-83.9,-115.2,-159.5,-187.6
2021-02-11,-84.9,-116.8,-161.2,-190.0
2021-02-12,-83.7,-117.9,-161.3,-191.6
2021-02-16,-84.3,-121.1,-164.5,-193.0
2021-02-17,-82.0,-121.0,-163.7,-190.5
2021-02-18,-80.7,-117.3,-160.3,-189.5
2021-02-19,-81.0,-120.0,-163.8,-193.3
2021-02-22,-81.5,-123.8,-169.6,-200.3
2021-02-23,-80.9,-119.1,-164.9,-199.4
2021-02-24,-81.4,-120.7,-163.7,-201.2
2021-02-25,-83.9,-135.9,-176.5,-208.4
2021-02-26,-80.7,-130.2,-168.3,-198.2
2021-03-01,-83.6,-133.4,-177.1,-208.5
2021-03-02,-83.5,-129.0,-172.7,-203.9
2021-03-03,-84.1,-134.2,-176.1,-203.9
2021-03-04,-84.6,-138.9,-184.5,-208.9
2021-03-05,-84.0,-139.4,-184.1,-206.2
2021-03-08,-86.5,-145.8,-186.3,-209.3
2021-03-09,-87.3,-144.5,-185.1,-207.5
2021-03-10,-85.5,-140.7,-182.7,-205.6
2021-03-11,-84.6,-140.9,-186.1,-212.1
2021-03-12,-83.9,-145.7,-191.9,-217.7
2021-03-15,-85.1,-146.7,-191.2,-214.5
2021-03-16,-86.9,-147.4,-194.3,-218.6
2021-03-17,-84.1,-142.0,-190.8,-217.2
2021-03-18,-86.6,-146.1,-195.4,-216.0
2021-03-19,-87.9,-152.4,-201.1,-216.3
2021-03-22,-87.9,-150.9,-197.6,-210.4
2021-03-23,-88.6,-149.1,-194.9,-209.8
2021-03-24,-87.8,-149.3,-194.4,-208.5
2021-03-25,-88.8,-150.1,-198.6,-215.5
2021-03-26,-88.5,-151.6,-199.7,-215.0
2021-03-29,-88.2,-154.4,-203.6,-218.3
2021-03-30,-87.2,-150.9,-198.7,-209.7
2021-03-31,-88.2,-153.8,-201.6,-215.6
2021-04-01,-90.5,-154.5,-199.2,-209.9
2021-04-06,-89.0,-151.4,-195.7,-207.5
2021-04-07,-89.6,-151.3,-197.7,-211.1
2021-04-08,-88.4,-150.9,-196.4,-210.0
2021-04-09,-88.3,-148.8,-193.6,-208.3
2021-04-12,-90.9,-151.4,-195.9,-208.1
2021-04-13,-88.8,-147.5,-191.0,-206.3
2021-04-14,-88.3,-148.2,-189.7,-205.3
2021-04-15,-88.4,-141.7,-180.9,-195.4
2021-04-16,-88.4,-144.1,-181.9,-197.7
2021-04-19,-86.2,-141.9,-180.5,-198.1
2021-04-20,-85.9,-139.6,-179.4,-197.5
2021-04-21,-86.9,-141.9,-182.0,-200.1
2021-04-22,-87.7,-141.3,-181.8,-198.5
2021-04-23,-87.6,-142.4,-181.2,-197.5
2021-04-26,-89.4,-144.9,-181.7,-196.6
2021-04-27,-88.4,-147.1,-185.3,-201.1
2021-04-28,-88.1,-143.7,-183.6,-199.8
2021-04-29,-85.6,-140.6,-180.6,-195.9
2021-04-30,-86.5,-142.6,-182.8,-196.5
2021-05-03,-86.4,-140.5,-180.4,-196.2
2021-05-04,-87.6,-141.6,-182.6,-196.7
2021-05-05,-87.5,-138.8,-179.0,-193.3
2021-05-06,-87.7,-139.7,-177.4,-191.5
2021-05-07,-85.2,-135.3,-179.2,-195.5
2021-05-10,-87.0,-137.6,-180.7,-197.5
2021-05-11,-85.5,-133.9,-177.0,-196.2
2021-05-12,-84.1,-137.9,-178.1,-197.6
2021-05-13,-83.8,-133.6,-173.9,-196.6
2021-05-14,-83.5,-132.1,-172.4,-194.8
2021-05-17,-83.1,-132.9,-171.3,-193.2
2021-05-18,-83.4,-132.2,-171.6,-193.6
2021-05-19,-83.7,-136.4,-174.7,-194.9
2021-05-20,-82.0,-131.6,-170.0,-191.7
2021-05-21,-85.1,-135.1,-173.0,-192.9
2021-05-24,-82.9,-132.7,-170.4,-190.0
2021-05-25,-84.1,-132.7,-169.5,-188.2
2021-05-26,-84.2,-136.4,-175.6,-193.1
2021-05-27,-83.4,-135.2,-175.5,-192.1
2021-05-28,-83.8,-134.2,-173.2,-189.0
2021-06-01,-85.6,-135.5,-177.0,-193.5
2021-06-02,-83.5,-135.9,-175.6,-192.7
2021-06-03,-86.5,-139.5,-178.9,-194.1
2021-06-04,-85.2,-135.2,-174.4,-190.5
2021-06-07,-86.8,-135.1,-172.7,-190.9
2021-06-08,-84.9,-134.3,-172.1,-190.2
2021-06-09,-88.6,-135.1,-173.0,-188.5
2021-06-10,-86.1,-132.1,-166.0,-184.1
2021-06-11,-88.5,-137.1,-172.2,-186.0
2021-06-14,-88.0,-139.3,-173.1,-190.0
2021-06-15,-87.4,-137.2,-171.9,-190.0
2021-06-16,-92.7,-147.5,-178.0,-189.9
2021-06-17,-93.7,-146.4,-170.7,-181.6
2021-06-18,-96.4,-145.3,-165.1,-175.8
2021-06-21,-95.8,-143.8,-167.3,-183.4
2021-06-22,-94.2,-140.7,-164.3,-178.5
2021-06-23,-95.6,-145.2,-168.5,-181.4
2021-06-24,-95.7,-145.3,-167.6,-180.5
2021-06-25,-97.0,-145.6,-170.9,-183.2
2021-06-28,-94.2,-144.4,-166.5,-178.9
2021-06-29,-96.1,-142.9,-165.7,-178.0
2021-06-30,-94.7,-142.8,-165.1,-177.3
2021-07-01,-95.5,-146.0,-169.0,-178.6
2021-07-02,-95.2,-144.8,-167.5,-178.4
2021-07-06,-93.5,-141.2,-162.8,-175.4
2021-07-07,-94.5,-141.6,-163.6,-177.0
2021-07-08,-92.1,-137.8,-162.4,-175.8
2021-07-09,-95.2,-141.0,-166.5,-177.9
2021-07-12,-95.0,-143.5,-168.1,-179.3
2021-07-13,-97.8,-147.6,-173.6,-178.7
2021-07-14,-95.1,-143.0,-168.4,-178.2
2021-07-15,-96.1,-142.5,-164.8,-175.2
2021-07-16,-98.7,-144.4,-165.8,-180.2
2021-07-19,-94.9,-137.2,-157.7,-172.6
2021-07-20,-96.6,-140.2,-165.4,-181.9
2021-07-21,-98.4,-143.6,-169.6,-186.0
2021-07-22,-96.9,-141.3,-167.2,-180.9
2021-07-23,-99.5,-142.9,-171.2,-184.4
2021-07-26,-99.7,-144.0,-169.1,-184.7
2021-07-27,-99.2,-144.5,-168.3,-184.9
2021-07-28,-100.0,-146.4,-168.7,-185.2
2021-07-29,-100.0,-147.2,-170.8,-186.5
2021-07-30,-99.3,-143.7,-167.6,-185.7
2021-08-02,-97.7,-142.3,-165.5,-183.7
2021-08-03,-98.7,-143.2,-167.3,-186.4
2021-08-04,-99.2,-146.4,-169.1,-186.1
2021-08-05,-103.6,-151.1,-172.5,-190.5
2021-08-06,-101.3,-152.2,-176.1,-194.8
2021-08-09,-103.0,-154.5,-179.2,-197.8
2021-08-10,-103.9,-157.8,-182.6,-202.5
2021-08-11,-102.1,-154.6,-179.6,-198.8
2021-08-12,-102.1,-156.2,-180.3,-202.7
2021-08-13,-101.6,-152.1,-174.2,-195.2
2021-08-16,-100.0,-150.2,-174.0,-194.6
2021-08-17,-102.0,-150.9,-172.2,-193.2
2021-08-18,-102.4,-153.6,-174.1,-191.5
2021-08-19,-101.2,-152.5,-171.5,-189.3
2021-08-20,-102.6,-155.0,-174.3,-189.0
2021-08-23,-102.4,-152.7,-171.9,-187.3
2021-08-24,-103.0,-154.1,-175.6,-191.5
2021-08-25,-101.2,-155.8,-177.2,-192.3
2021-08-26,-102.5,-153.6,-173.4,-188.0
2021-08-27,-99.2,-148.5,-170.2,-184.8
2021-08-30,-97.5,-147.7,-170.2,-185.5
2021-08-31,-96.5,-145.4,-168.9,-184.7
2021-09-01,-96.5,-145.9,-168.1,-181.5
2021-09-02,-96.9,-146.7,-166.9,-178.5
2021-09-03,-97.0,-144.8,-167.6,-179.4
2021-09-07,-96.6,-145.4,-168.7,-181.2
2021-09-08,-96.1,-144.2,-165.8,-179.8
2021-09-09,-98.4,-144.4,-163.2,-175.8
2021-09-10,-98.0,-146.7,-167.7,-179.8
2021-09-13,-96.3,-145.6,-165.2,-176.1
2021-09-14,-96.6,-143.6,-159.9,-169.7
2021-09-15,-95.8,-144.2,-161.4,-169.3
2021-09-16,-97.5,-146.5,-161.9,-168.6
2021-09-17,-96.8,-149.2,-163.2,-170.2
2021-09-20,-98.9,-147.2,-160.6,-168.7
2021-09-21,-98.0,-149.3,-164.7,-171.7
2021-09-22,-100.3,-150.1,-162.3,-168.6
2021-09-23,-100.6,-153.6,-166.4,-173.5
2021-09-24,-101.3,-153.7,-167.1,-174.4
2021-09-27,-103.3,-154.1,-168.2,-175.7
2021-09-28,-102.4,-155.3,-170.2,-181.1
2021-09-29,-102.7,-157.6,-175.6,-187.0
2021-09-30,-100.0,-151.9,-168.8,-182.5
2021-10-01,-101.0,-150.8,-169.2,-181.2
2021-10-04,-100.6,-151.2,-167.2,-178.8
2021-10-05,-101.7,-154.4,-171.7,-184.5
2021-10-06,-102.9,-154.1,-169.7,-182.8
2021-10-07,-105.6,-157.7,-174.3,-186.2
2021-10-08,-104.8,-158.5,-174.4,-187.5
2021-10-12,-105.0,-156.6,-167.3,-176.7
2021-10-13,-106.9,-158.2,-167.4,-178.6
2021-10-14,-107.5,-157.6,-167.9,-179.8
2021-10-15,-111.6,-163.8,-173.1,-182.1
2021-10-18,-111.4,-163.2,-171.6,-183.2
2021-10-19,-105.8,-159.3,-173.2,-186.1
2021-10-20,-107.9,-162.8,-175.1,-189.0
2021-10-21,-111.7,-166.5,-175.0,-191.0
2021-10-22,-113.4,-164.2,-173.5,-188.9
2021-10-25,-114.3,-163.9,-173.5,-189.2
2021-10-26,-114.8,-165.6,-173.8,-186.4
2021-10-27,-118.4,-164.0,-170.1,-182.9
2021-10-28,-115.6,-162.1,-170.9,-184.6
2021-10-29,-110.0,-154.9,-161.9,-183.1
2021-11-01,-112.6,-158.6,-166.5,-186.6
2021-11-02,-115.4,-162.3,-170.6,-184.8
2021-11-03,-115.7,-165.6,-174.8,-188.8
2021-11-04,-117.1,-165.7,-174.2,-184.3
2021-11-05,-115.8,-162.5,-171.3,-182.1
2021-11-08,-122.0,-171.7,-175.8,-181.9
2021-11-09,-119.4,-167.4,-174.0,-182.9
2021-11-10,-128.4,-179.4,-181.5,-191.5
2021-11-12,-132.3,-180.6,-182.1,-191.7
2021-11-15,-130.8,-181.3,-186.3,-198.8
2021-11-16,-133.8,-183.1,-185.6,-194.3
2021-11-17,-131.5,-180.1,-182.9,-193.7
2021-11-18,-132.5,-178.8,-183.8,-194.1
2021-11-19,-135.5,-184.9,-185.7,-192.7
2021-11-22,-145.6,-195.1,-194.0,-198.2
2021-11-23,-140.6,-189.0,-189.8,-195.7
2021-11-24,-145.3,-189.4,-184.0,-181.4
2021-11-26,-132.3,-178.5,-179.7,-180.1
2021-11-29,-131.0,-177.8,-180.6,-182.2
2021-11-30,-133.5,-177.5,-177.7,-181.2
2021-12-01,-133.0,-172.9,-174.9,-181.0
2021-12-02,-142.6,-183.3,-180.4,-182.1
2021-12-03,-137.7,-173.5,-170.1,-174.9
2021-12-06,-143.0,-183.7,-180.3,-183.8
2021-12-07,-145.4,-185.9,-184.0,-189.3
2021-12-08,-141.3,-182.7,-183.7,-192.3
2021-12-09,-144.8,-185.8,-183.5,-192.6
2021-12-10,-140.8,-184.0,-181.7,-193.1
2021-12-13,-138.9,-181.4,-177.6,-186.8
2021-12-14,-138.9,-181.7,-178.4,-188.0
2021-12-15,-140.9,-185.0,-181.1,-190.5
2021-12-16,-136.7,-178.4,-176.9,-187.9
2021-12-17,-140.8,-179.7,-176.7,-186.4
2021-12-20,-140.2,-179.0,-177.9,-186.8
2021-12-21,-143.6,-182.3,-177.6,-183.3
2021-12-22,-140.3,-177.8,-173.1,-180.6
2021-12-23,-141.6,-177.6,-173.8,-180.8
2021-12-27,-145.7,-177.5,-171.1,-178.4
2021-12-28,-143.2,-178.2,-171.9,-180.1
2021-12-29,-144.1,-178.2,-174.8,-182.3
2021-12-30,-140.7,-174.6,-170.6,-179.0
2021-12-31,-140.9,-173.7,-170.7,-175.9
2022-01-03,-143.6,-180.6,-175.2,-178.3
2022-01-04,-143.4,-180.2,-177.5,-185.3
2022-01-05,-147.7,-185.1,-181.6,-185.8
2022-01-06,-151.1,-186.7,-181.5,-184.3
2022-01-07,-149.5,-188.1,-183.1,-186.1
2022-01-10,-153.3,-189.0,-182.5,-183.1
2022-01-11,-150.6,-186.3,-179.1,-180.3
2022-01-12,-154.5,-187.8,-181.0,-183.7
2022-01-13,-153.5,-185.2,-179.3,-185.4
2022-01-14,-161.3,-191.7,-185.4,-191.2
2022-01-18,-166.9,-198.7,-190.8,-192.6
2022-01-19,-164.4,-194.0,-184.2,-185.3
2022-01-20,-169.5,-195.9,-187.1,-189.3
2022-01-21,-165.1,-191.8,-182.9,-187.3
2022-01-24,-165.8,-194.2,-185.1,-189.1
2022-01-25,-169.6,-197.2,-187.2,-189.8
2022-01-26,-179.0,-204.6,-191.5,-190.0
2022-01-27,-181.6,-201.5,-186.2,-185.2
2022-01-28,-177.2,-194.6,-181.3,-181.6
2022-01-31,-175.2,-188.6,-176.3,-182.7
2022-02-01,-174.6,-187.9,-176.8,-183.0
2022-02-02,-171.2,-182.3,-172.6,-183.4
2022-02-03,-165.4,-175.6,-168.6,-184.3
2022-02-04,-167.2,-176.3,-173.6,-191.6
2022-02-07,-165.2,-171.2,-167.7,-184.5
2022-02-08,-171.5,-174.7,-167.4,-181.1
2022-02-09,-177.2,-181.1,-169.2,-183.6
2022-02-10,-200.6,-191.8,-175.1,-185.8
2022-02-11,-188.2,-178.7,-163.7,-179.9
2022-02-14,-200.7,-188.2,-170.6,-183.7
2022-02-15,-198.1,-187.2,-170.6,-183.2
2022-02-16,-195.0,-188.0,-172.5,-183.1
2022-02-17,-195.0,-186.6,-169.3,-182.1
2022-02-18,-197.4,-188.7,-167.3,-176.0
2022-02-22,-198.0,-182.4,-163.0,-172.5
2022-02-23,-198.5,-185.2,-169.4,-181.4
2022-02-24,-200.9,-188.9,-175.1,-188.8
2022-02-25,-199.3,-187.4,-170.8,-183.0
2022-02-28,-197.5,-182.2,-161.7,-170.7
2022-03-01,-200.6,-188.5,-168.8,-178.3
2022-03-02,-213.9,-203.7,-182.9,-193.2
2022-03-03,-210.8,-195.9,-176.2,-188.0
2022-03-04,-222.3,-203.2,-176.8,-193.2
2022-03-07,-223.0,-204.0,-175.5,-201.8
2022-03-08,-224.1,-202.1,-170.6,-191.5
2022-03-09,-221.6,-198.3,-169.8,-184.6
2022-03-10,-217.8,-192.7,-169.6,-188.7
2022-03-11,-216.9,-192.7,-169.4,-186.1
2022-03-14,-226.0,-201.4,-176.7,-189.5
2022-03-15,-228.7,-205.5,-178.1,-188.5
2022-03-16,-236.4,-209.1,-178.0,-182.0
2022-03-17,-233.1,-204.8,-178.7,-188.5
2022-03-18,-237.7,-204.0,-174.5,-182.1
2022-03-21,-250.9,-217.3,-185.5,-187.0
2022-03-22,-247.3,-213.4,-184.8,-188.1
2022-03-23,-243.9,-210.5,-180.9,-182.2
2022-03-24,-239.7,-209.0,-180.4,-180.2
2022-03-25,-251.0,-220.3,-189.0,-184.8
2022-03-28,-250.6,-216.0,-186.8,-183.7
2022-03-29,-244.5,-207.1,-178.8,-177.4
2022-03-30,-230.7,-190.7,-162.9,-163.5
2022-03-31,-236.6,-199.9,-170.7,-169.9
2022-04-01,-251.4,-211.3,-175.7,-167.8
2022-04-04,-255.0,-219.2,-186.1,-179.3
2022-04-05,-259.8,-226.4,-191.2,-180.8
2022-04-06,-255.0,-220.5,-190.2,-178.0
2022-04-07,-249.5,-217.8,-192.5,-181.4
2022-04-08,-253.0,-222.4,-198.4,-189.0
2022-04-11,-240.8,-214.6,-194.7,-186.5
2022-04-12,-234.8,-205.1,-189.8,-185.6
2022-04-13,-233.7,-206.6,-188.7,-185.1
2022-04-14,-247.5,-218.1,-196.8,-189.0
2022-04-19,-257.7,-221.6,-196.0,-185.6
2022-04-20,-258.1,-224.0,-196.9,-185.2
2022-04-21,-256.9,-226.9,-198.7,-188.0
2022-04-22,-249.4,-216.5,-193.1,-185.2
2022-04-25,-250.1,-215.9,-191.8,-184.9
2022-04-26,-242.7,-213.4,-190.8,-186.1
2022-04-27,-252.1,-219.3,-197.7,-191.7
2022-04-28,-248.7,-214.6,-191.6,-184.0
2022-04-29,-248.7,-218.1,-195.8,-190.0
2022-05-02,-254.7,-223.9,-198.7,-191.4
2022-05-03,-259.7,-227.4,-202.3,-194.3
2022-05-04,-240.8,-211.4,-190.6,-184.8
2022-05-05,-248.5,-220.4,-202.4,-197.8
2022-05-06,-241.8,-216.3,-200.2,-196.6
2022-05-09,-238.8,-207.9,-190.9,-186.9
2022-05-10,-247.4,-213.6,-194.5,-189.5
2022-05-11,-253.2,-211.5,-184.2,-178.7
2022-05-12,-254.0,-220.0,-191.8,-186.5
2022-05-13,-251.2,-219.5,-194.3,-191.6
2022-05-16,-248.4,-214.0,-188.9,-189.5
2022-05-17,-247.7,-212.8,-190.1,-192.6
2022-05-18,-238.0,-202.6,-181.2,-185.0
2022-05-19,-240.0,-206.9,-185.9,-192.9
2022-05-20,-239.6,-202.1,-175.5,-180.1
2022-05-23,-242.8,-208.7,-182.3,-188.0
2022-05-24,-225.2,-193.6,-169.8,-175.9
2022-05-25,-229.8,-194.8,-171.9,-175.8
2022-05-26,-232.2,-197.2,-168.8,-169.5
2022-05-27,-230.0,-198.4,-170.1,-171.1
2022-05-31,-217.3,-185.0,-164.2,-169.8
2022-06-01,-233.5,-200.3,-172.2,-168.4
2022-06-02,-218.5,-184.6,-161.0,-162.4
2022-06-03,-216.5,-184.3,-161.8,-161.3
2022-06-06,-220.0,-189.4,-167.1,-166.7
2022-06-07,-223.0,-186.4,-162.1,-161.6
2022-06-08,-217.4,-182.6,-160.8,-161.4
2022-06-09,-208.0,-178.0,-156.3,-158.0
2022-06-10,-219.0,-189.5,-163.2,-157.4
2022-06-13,-235.2,-206.3,-178.3,-167.4
2022-06-14,-234.6,-203.2,-175.3,-160.8
2022-06-15,-213.7,-184.2,-163.3,-158.8
2022-06-16,-199.7,-168.3,-143.4,-138.5
2022-06-17,-209.8,-180.3,-148.3,-131.2
2022-06-21,-213.3,-181.7,-149.7,-134.0
2022-06-22,-208.3,-178.9,-148.4,-131.4
2022-06-23,-222.9,-198.7,-161.8,-136.4
2022-06-24,-220.3,-193.7,-156.3,-136.3
2022-06-27,-223.3,-196.0,-161.6,-143.3
2022-06-28,-218.0,-185.2,-149.1,-133.0
2022-06-29,-216.3,-183.3,-146.2,-129.0
2022-06-30,-227.8,-191.1,-150.1,-137.2
2022-07-01,-233.7,-192.8,-149.6,-138.9
2022-07-05,-238.3,-192.8,-150.3,-141.0
2022-07-06,-261.4,-217.7,-169.7,-152.8
2022-07-07,-253.8,-212.9,-166.6,-149.5
2022-07-08,-264.9,-219.3,-173.6,-157.3
2022-07-11,-266.7,-219.1,-168.3,-151.1
2022-07-12,-273.7,-226.6,-178.9,-160.8
2022-07-13,-274.5,-218.7,-166.4,-150.4
2022-07-14,-264.8,-216.7,-171.1,-157.7
2022-07-15,-268.5,-221.5,-172.5,-157.8
2022-07-18,-266.2,-215.0,-168.5,-154.2
2022-07-19,-265.9,-217.0,-170.7,-157.6
2022-07-20,-271.0,-221.5,-175.3,-159.1
2022-07-21,-251.8,-198.5,-157.1,-146.2
2022-07-22,-259.3,-210.5,-168.2,-159.0
2022-07-25,-257.6,-210.1,-166.4,-156.4
2022-07-26,-271.1,-225.0,-181.2,-167.0
2022-07-27,-260.9,-215.5,-176.9,-166.6
2022-07-28,-262.2,-218.9,-179.5,-176.0
2022-07-29,-263.6,-215.1,-175.3,-173.3
2022-08-01,-269.4,-218.1,-176.0,-172.5
2022-08-02,-282.5,-238.9,-192.7,-184.1
2022-08-03,-275.4,-226.8,-181.4,-175.6
2022-08-04,-271.4,-222.9,-180.8,-177.8
2022-08-05,-281.0,-232.2,-187.4,-178.4
2022-08-08,-281.8,-229.9,-183.8,-174.6
2022-08-09,-282.1,-228.5,-179.9,-168.2
2022-08-10,-282.9,-231.6,-184.9,-178.8
2022-08-11,-280.1,-232.3,-187.5,-182.1
2022-08-12,-280.3,-229.0,-181.5,-173.9
2022-08-15,-276.3,-223.4,-182.3,-179.9
2022-08-16,-277.6,-224.0,-177.5,-170.4
2022-08-17,-264.4,-220.4,-176.3,-169.4
2022-08-18,-255.3,-215.1,-173.2,-169.1
2022-08-19,-251.8,-213.3,-169.8,-168.9
2022-08-22,-252.3,-212.6,-170.5,-166.8
2022-08-23,-246.7,-206.5,-165.0,-163.1
2022-08-24,-251.7,-205.5,-168.2,-167.2
2022-08-25,-257.8,-206.2,-162.2,-160.3
2022-08-26,-248.9,-201.8,-153.9,-145.8
2022-08-29,-245.3,-197.4,-153.0,-143.1
2022-08-30,-247.1,-197.8,-158.9,-151.5
2022-08-31,-237.7,-194.0,-159.0,-153.3
2022-09-01,-244.1,-201.4,-163.7,-152.0
2022-09-02,-242.4,-203.5,-167.0,-155.8
2022-09-06,-250.0,-209.5,-166.6,-152.8
2022-09-07,-256.9,-204.1,-167.0,-163.6
2022-09-08,-247.3,-199.6,-163.5,-161.6
2022-09-09,-236.7,-195.4,-159.6,-156.3
2022-09-12,-237.8,-201.0,-167.3,-165.1
2022-09-13,-246.3,-202.0,-165.4,-159.1
2022-09-14,-247.9,-200.6,-163.2,-156.5
2022-09-15,-249.6,-205.5,-169.3,-161.3
2022-09-16,-240.0,-192.0,-163.7,-163.2
2022-09-19,-249.0,-199.9,-165.4,-158.7
2022-09-20,-234.8,-191.5,-159.5,-152.1
2022-09-21,-240.0,-194.0,-160.3,-152.1
2022-09-22,-236.3,-201.0,-171.3,-160.5
2022-09-23,-238.7,-200.7,-167.9,-156.0
2022-09-26,-240.3,-212.7,-179.2,-158.9
2022-09-27,-241.5,-213.4,-179.4,-162.8
2022-09-28,-229.3,-188.9,-153.6,-141.3
2022-09-29,-236.5,-190.0,-152.0,-136.3
2022-09-30,-255.5,-211.3,-170.8,-155.0
2022-10-03,-251.8,-205.9,-163.8,-156.8
2022-10-04,-261.2,-211.8,-169.6,-163.8
2022-10-05,-259.1,-214.4,-173.5,-161.3
2022-10-06,-252.7,-215.8,-169.5,-166.5
2022-10-07,-250.6,-214.3,-163.0,-162.6
2022-10-11,-246.0,-204.6,-150.4,-149.7
2022-10-12,-247.3,-204.1,-144.5,-139.1
2022-10-13,-260.5,-212.3,-154.4,-149.0
2022-10-14,-264.8,-223.6,-163.5,-155.7
2022-10-17,-259.9,-223.0,-166.9,-165.3
2022-10-18,-252.7,-217.3,-166.7,-164.5
2022-10-19,-251.3,-218.9,-171.5,-171.7
2022-10-20,-252.6,-224.0,-175.3,-173.4
2022-10-21,-243.3,-213.3,-168.9,-177.6
2022-10-24,-250.9,-225.5,-185.1,-195.7
2022-10-25,-248.0,-223.2,-183.0,-195.9
2022-10-26,-245.0,-220.4,-178.9,-192.5
2022-10-27,-243.5,-220.3,-181.1,-192.1
2022-10-28,-253.9,-227.6,-185.1,-196.7
2022-10-31,-258.9,-229.1,-187.6,-200.2
2022-11-01,-265.2,-230.9,-183.4,-189.5
2022-11-02,-271.2,-232.8,-188.1,-197.7
2022-11-03,-274.3,-227.7,-181.4,-194.3
2022-11-04,-262.6,-220.6,-181.4,-201.7
2022-11-07,-261.6,-220.8,-180.9,-201.9
2022-11-08,-253.9,-212.2,-176.2,-198.9
2022-11-09,-247.9,-208.2,-174.2,-201.9
2022-11-10,-236.6,-191.5,-167.9,-193.8
2022-11-14,-231.1,-197.1,-168.0,-189.1
2022-11-15,-226.7,-189.5,-161.9,-182.8
2022-11-16,-226.5,-184.1,-157.4,-178.7
2022-11-17,-236.7,-193.8,-164.0,-182.3
2022-11-18,-249.0,-202.0,-171.5,-186.3
2022-11-21,-247.4,-203.0,-177.4,-189.8
2022-11-22,-242.3,-195.6,-168.7,-180.7
2022-11-23,-240.1,-191.1,-170.5,-179.5
2022-11-25,-232.3,-187.2,-164.7,-180.3
2022-11-28,-238.0,-188.5,-163.1,-178.7
2022-11-29,-247.8,-198.7,-175.8,-191.2
2022-11-30,-234.1,-185.8,-168.6,-191.7
2022-12-01,-232.6,-184.5,-164.9,-184.1
2022-12-02,-232.1,-180.2,-160.5,-177.8
2022-12-05,-241.8,-191.0,-168.2,-186.5
2022-12-06,-239.8,-189.7,-164.9,-181.2
2022-12-07,-235.2,-181.7,-157.0,-172.0
2022-12-08,-237.8,-188.1,-160.0,-172.6
2022-12-09,-229.6,-182.1,-159.3,-180.3
2022-12-12,-235.3,-187.7,-166.0,-184.0
2022-12-13,-224.1,-177.5,-157.6,-178.9
2022-12-14,-224.0,-170.7,-148.3,-169.3
2022-12-15,-207.4,-163.7,-136.2,-151.9
2022-12-16,-181.6,-139.3,-123.7,-155.2
2022-12-19,-193.1,-148.8,-129.6,-155.9
2022-12-20,-186.5,-149.6,-133.1,-154.9
2022-12-21,-182.7,-148.0,-132.1,-156.3
2022-12-22,-179.0,-141.2,-123.0,-149.3
2022-12-23,-182.2,-144.2,-128.6,-155.7
2022-12-27,-182.8,-150.6,-134.1,-157.0
2022-12-28,-181.4,-153.5,-136.2,-157.4
2022-12-29,-182.8,-151.4,-130.8,-150.8
2022-12-30,-184.4,-153.5,-132.9,-150.6
2023-01-03,-185.2,-155.5,-135.2,-159.5
2023-01-04,-187.3,-155.3,-133.6,-158.4
2023-01-05,-190.8,-153.2,-129.4,-149.8
2023-01-06,-171.7,-137.2,-118.5,-144.2
2023-01-09,-171.8,-135.3,-117.9,-146.0
2023-01-10,-172.0,-138.6,-124.9,-150.1
2023-01-11,-170.5,-139.9,-127.2,-151.0
2023-01-12,-168.0,-131.6,-122.2,-141.1
2023-01-13,-179.8,-141.2,-131.5,-150.4
2023-01-17,-175.8,-142.0,-134.0,-147.5
2023-01-18,-177.1,-135.7,-133.2,-160.2
2023-01-19,-171.2,-137.2,-129.7,-153.7
2023-01-20,-169.3,-136.8,-128.0,-153.0
2023-01-23,-175.4,-138.6,-127.5,-151.1
2023-01-24,-164.7,-134.5,-121.7,-143.0
2023-01-25,-172.2,-138.9,-129.3,-149.4
2023-01-26,-173.5,-135.9,-126.0,-146.6
2023-01-27,-171.4,-134.9,-122.5,-143.2
2023-01-30,-170.2,-135.0,-122.4,-146.2
2023-01-31,-169.8,-133.3,-119.6,-141.7
2023-02-01,-156.2,-116.0,-106.5,-134.6
2023-02-02,-167.3,-128.3,-119.1,-143.9
2023-02-03,-188.0,-145.3,-130.3,-147.6
2023-02-06,-196.7,-152.3,-130.7,-140.2
2023-02-07,-196.9,-152.1,-132.8,-141.2
2023-02-08,-185.6,-143.7,-124.1,-133.1
2023-02-09,-192.4,-154.5,-134.2,-144.8
2023-02-10,-187.0,-154.2,-134.0,-150.8
2023-02-13,-183.9,-150.8,-130.7,-147.6
2023-02-14,-184.4,-151.3,-130.1,-145.0
2023-02-15,-186.8,-152.4,-130.3,-146.4
2023-02-16,-183.3,-148.1,-127.9,-145.1
2023-02-17,-184.1,-150.9,-130.4,-146.4
2023-02-21,-181.5,-152.4,-134.7,-147.1
2023-02-22,-183.4,-153.1,-134.8,-145.1
2023-02-23,-184.2,-151.9,-132.7,-142.4
2023-02-24,-183.5,-152.4,-134.6,-144.1
2023-02-27,-181.8,-149.3,-129.0,-139.1
2023-02-28,-172.3,-136.7,-115.1,-127.8
2023-03-01,-177.8,-145.7,-125.5,-132.5
2023-03-02,-179.2,-149.8,-128.3,-136.9
2023-03-03,-173.1,-144.1,-119.8,-126.3
2023-03-06,-167.3,-137.4,-116.1,-125.8
2023-03-07,-182.9,-149.4,-121.8,-126.9
2023-03-08,-185.1,-151.2,-126.2,-134.1
2023-03-09,-172.7,-139.9,-119.7,-130.2
2023-03-10,-165.4,-134.4,-116.2,-127.2
2023-03-13,-144.2,-137.7,-124.7,-144.3
2023-03-14,-134.5,-123.4,-111.6,-136.2
2023-03-15,-151.0,-136.1,-125.6,-149.7
2023-03-16,-166.2,-146.4,-128.6,-146.5
2023-03-17,-143.5,-126.5,-119.3,-146.0
2023-03-20,-164.2,-144.6,-126.6,-147.1
2023-03-21,-170.9,-145.6,-125.7,-146.0
2023-03-22,-131.6,-112.9,-104.0,-133.5
2023-03-23,-127.0,-113.5,-106.0,-135.9
2023-03-24,-144.9,-130.4,-117.8,-144.2
2023-03-27,-145.6,-132.6,-118.3,-143.3
2023-03-28,-152.8,-135.9,-120.0,-142.0
2023-03-29,-153.3,-134.6,-117.5,-139.3
2023-03-30,-142.9,-125.6,-109.9,-131.2
2023-03-31,-143.6,-123.7,-107.3,-128.8
2023-04-03,-133.7,-117.0,-104.1,-129.7
2023-04-04,-119.8,-102.3,-93.3,-122.4
2023-04-05,-128.2,-111.5,-99.6,-125.7
2023-04-06,-134.4,-117.2,-104.8,-128.6
2023-04-11,-140.2,-119.6,-104.3,-125.7
2023-04-12,-125.4,-106.0,-97.2,-120.1
2023-04-13,-127.8,-111.2,-100.5,-127.5
2023-04-14,-130.1,-114.7,-104.4,-128.6
2023-04-17,-137.9,-119.7,-105.1,-126.3
2023-04-18,-138.0,-120.2,-102.8,-129.0
2023-04-19,-135.7,-116.3,-100.7,-127.5
2023-04-20,-129.6,-111.7,-96.5,-125.0
2023-04-21,-131.8,-113.8,-98.5,-126.2
2023-04-24,-124.0,-106.5,-93.1,-120.7
2023-04-25,-108.8,-98.4,-89.3,-119.4
2023-04-26,-119.7,-107.9,-96.6,-125.6
2023-04-27,-131.2,-114.6,-100.3,-125.2
2023-04-28,-134.8,-112.9,-99.5,-124.1
2023-05-02,-127.0,-108.0,-99.1,-130.3
2023-05-03,-131.9,-111.1,-103.6,-133.6
2023-05-04,-118.7,-102.4,-101.2,-133.1
2023-05-05,-140.9,-115.5,-105.9,-130.6
2023-05-08,-142.4,-118.9,-109.9,-136.0
2023-05-09,-142.9,-120.9,-110.9,-135.6
2023-05-10,-137.9,-111.9,-105.1,-133.9
2023-05-11,-141.9,-117.6,-108.7,-134.9
2023-05-12,-145.6,-122.6,-111.9,-135.6
2023-05-15,-143.7,-119.2,-110.0,-136.0
2023-05-16,-149.0,-123.7,-112.3,-135.4
2023-05-17,-151.2,-127.2,-114.5,-136.8
2023-05-18,-155.2,-130.8,-113.7,-129.3
2023-05-19,-152.8,-130.4,-113.1,-128.7
2023-05-22,-155.8,-131.7,-117.0,-137.0
2023-05-23,-146.9,-125.5,-114.4,-131.4
2023-05-24,-155.9,-131.0,-119.8,-140.1
2023-05-25,-168.6,-140.8,-124.9,-142.1
2023-05-26,-168.6,-138.3,-118.1,-131.6
2023-05-30,-167.8,-140.2,-123.0,-137.5
2023-05-31,-175.0,-144.5,-125.9,-140.0
2023-06-01,-170.2,-142.5,-125.9,-141.5
2023-06-02,-178.4,-151.0,-129.2,-140.3
2023-06-05,-164.4,-139.3,-121.0,-135.1
2023-06-06,-172.6,-146.6,-123.5,-131.8
2023-06-07,-173.9,-150.4,-131.2,-141.8
2023-06-08,-169.8,-143.4,-123.0,-131.0
2023-06-09,-173.2,-147.3,-125.2,-134.7
2023-06-12,-171.6,-146.3,-125.6,-133.7
2023-06-13,-178.4,-154.5,-133.9,-139.4
2023-06-14,-180.7,-153.6,-128.0,-132.1
2023-06-15,-163.3,-136.1,-117.9,-132.0
2023-06-16,-164.8,-140.5,-121.1,-134.0
2023-06-20,-161.6,-138.4,-122.4,-135.9
2023-06-21,-158.7,-137.5,-119.4,-131.5
2023-06-22,-163.1,-140.9,-123.8,-140.9
2023-06-23,-167.7,-150.2,-131.6,-143.9
2023-06-26,-161.9,-147.7,-129.7,-144.6
2023-06-27,-171.5,-155.7,-138.4,-149.4
2023-06-28,-166.0,-146.9,-129.5,-143.5
2023-06-29,-176.9,-159.6,-138.1,-149.0
2023-06-30,-174.4,-153.8,-129.2,-141.5
2023-07-03,-180.6,-160.0,-136.3,-150.3
2023-07-05,-183.1,-164.7,-142.1,-149.8
2023-07-06,-175.6,-163.5,-139.1,-142.9
2023-07-07,-175.6,-160.8,-136.1,-142.2
2023-07-10,-166.5,-149.3,-127.7,-141.6
2023-07-11,-166.8,-147.2,-125.1,-138.7
2023-07-12,-152.1,-132.1,-116.8,-134.3
2023-07-13,-148.7,-128.7,-117.8,-139.6
2023-07-14,-164.9,-145.2,-129.4,-141.3
2023-07-17,-161.8,-141.7,-126.2,-142.1
2023-07-18,-173.3,-151.1,-135.2,-148.6
2023-07-19,-171.9,-148.1,-128.2,-141.0
2023-07-20,-168.4,-148.2,-130.8,-143.8
2023-07-21,-174.3,-154.1,-132.7,-144.9
2023-07-24,-178.9,-159.3,-134.7,-150.1
2023-07-25,-181.6,-162.2,-140.7,-147.5
2023-07-26,-171.0,-149.7,-131.8,-143.9
2023-07-27,-189.0,-171.0,-150.9,-158.9
2023-07-28,-183.1,-162.8,-141.2,-146.5
2023-07-31,-185.7,-163.1,-142.1,-145.4
2023-08-01,-187.5,-168.5,-149.9,-148.9
2023-08-02,-191.3,-170.6,-150.8,-155.5
2023-08-03,-195.6,-172.5,-153.9,-165.8
2023-08-04,-177.3,-152.8,-138.5,-157.5
2023-08-07,-180.3,-157.8,-143.2,-160.6
2023-08-08,-185.6,-161.8,-149.5,-165.9
2023-08-09,-185.6,-159.7,-143.1,-159.4
2023-08-10,-187.5,-167.5,-151.1,-165.3
2023-08-11,-191.4,-170.3,-147.4,-159.7
2023-08-14,-195.3,-173.7,-149.9,-158.7
2023-08-15,-185.4,-167.4,-146.2,-159.4
2023-08-16,-193.3,-175.9,-155.5,-167.3
2023-08-17,-188.4,-173.2,-154.2,-165.9
2023-08-18,-194.9,-175.9,-154.8,-172.1
2023-08-21,-192.4,-178.8,-159.2,-168.1
2023-08-22,-196.9,-182.7,-160.6,-168.9
2023-08-23,-200.7,-183.6,-159.5,-166.0
2023-08-24,-202.1,-184.4,-162.9,-171.0
2023-08-25,-203.1,-186.7,-162.7,-167.3
2023-08-28,-196.3,-179.5,-156.4,-164.9
2023-08-29,-181.7,-165.2,-147.8,-158.9
2023-08-30,-188.4,-171.2,-151.1,-161.0
2023-08-31,-188.7,-170.1,-151.8,-162.9
2023-09-01,-194.6,-173.9,-155.4,-166.8
2023-09-05,-195.7,-177.9,-160.3,-165.3
2023-09-06,-198.5,-182.0,-162.2,-164.0
2023-09-07,-187.9,-170.6,-155.6,-164.9
2023-09-08,-194.3,-173.9,-157.3,-165.1
2023-09-11,-193.8,-176.8,-160.0,-163.0
2023-09-12,-192.6,-176.3,-156.8,-160.0
2023-09-13,-186.6,-172.0,-153.5,-160.3
2023-09-14,-190.5,-177.1,-160.3,-167.4
2023-09-15,-187.1,-175.8,-159.3,-162.2
2023-09-18,-184.9,-170.1,-152.9,-158.1
2023-09-19,-185.6,-173.3,-156.0,-160.2
2023-09-20,-191.5,-176.9,-158.1,-155.7
2023-09-21,-190.2,-183.2,-166.6,-169.2
2023-09-22,-190.6,-181.6,-162.1,-165.2
2023-09-25,-188.3,-182.9,-168.5,-173.8
2023-09-26,-184.4,-183.0,-169.1,-176.1
2023-09-27,-191.9,-189.3,-175.2,-179.3
2023-09-28,-177.7,-169.7,-156.2,-158.6
2023-09-29,-186.6,-180.9,-171.7,-175.3
2023-10-02,-194.2,-189.4,-176.2,-175.7
2023-10-03,-197.8,-195.5,-185.2,-182.5
2023-10-04,-184.8,-184.5,-174.4,-171.6
2023-10-05,-190.4,-186.2,-178.0,-177.8
2023-10-06,-197.0,-192.3,-182.8,-182.0
2023-10-10,-190.1,-186.5,-180.1,-179.2
2023-10-11,-192.1,-188.9,-182.4,-181.7
2023-10-12,-195.9,-196.6,-190.8,-189.0
2023-10-13,-197.9,-188.6,-175.2,-189.3
2023-10-16,-199.3,-197.4,-185.3,-187.8
2023-10-17,-202.0,-205.4,-190.0,-185.8
2023-10-18,-201.2,-210.3,-196.5,-190.0
2023-10-19,-193.2,-206.8,-198.5,-204.2
2023-10-20,-194.6,-205.0,-198.9,-200.2
2023-10-23,-189.4,-196.9,-189.1,-189.7
2023-10-24,-191.7,-204.5,-194.3,-191.2
2023-10-25,-197.1,-210.1,-203.8,-198.7
2023-10-26,-195.5,-203.2,-196.5,-190.6
2023-10-27,-194.3,-201.3,-195.1,-191.6
2023-10-30,-199.3,-204.9,-198.8,-192.5
2023-10-31,-207.4,-212.9,-206.5,-198.8
2023-11-01,-196.6,-198.7,-195.8,-190.0
2023-11-02,-201.9,-201.8,-192.6,-183.1
2023-11-03,-186.8,-189.1,-187.3,-182.3
2023-11-06,-191.7,-194.7,-190.6,-180.5
2023-11-07,-188.8,-190.5,-186.5,-178.1
2023-11-08,-193.6,-191.5,-180.9,-179.3
2023-11-09,-202.1,-204.7,-192.3,-189.6
2023-11-10,-198.4,-201.3,-186.0,-177.9
2023-11-13,-194.0,-198.9,-184.7,-176.6
2023-11-14,-177.5,-182.5,-175.8,-175.0
2023-11-15,-191.5,-194.1,-184.7,-180.5
2023-11-16,-188.3,-189.2,-181.8,-181.7
2023-11-17,-194.6,-192.2,-180.3,-175.6
2023-11-20,-191.0,-187.8,-176.3,-172.8
2023-11-21,-188.9,-187.2,-178.8,-177.0
2023-11-22,-193.4,-192.8,-183.5,-179.9
2023-11-24,-189.1,-188.4,-178.5,-174.1
2023-11-27,-185.7,-182.5,-176.2,-173.6
2023-11-28,-181.0,-178.0,-175.2,-176.4
2023-11-29,-183.9,-182.2,-178.9,-176.1
2023-11-30,-191.5,-188.6,-184.5,-179.5
2023-12-01,-185.0,-179.0,-174.6,-169.1
2023-12-04,-199.3,-197.3,-189.6,-179.6
2023-12-05,-193.1,-191.4,-185.6,-175.4
2023-12-06,-195.2,-190.3,-184.2,-174.5
2023-12-07,-196.0,-196.0,-190.6,-177.8
2023-12-08,-201.5,-197.7,-187.9,-180.4
2023-12-11,-202.0,-202.5,-189.6,-185.8
2023-12-12,-203.6,-201.9,-189.5,-186.8
2023-12-13,-178.3,-183.7,-178.9,-180.2
2023-12-14,-178.1,-182.1,-171.2,-165.1
2023-12-15,-186.4,-188.4,-179.6,-173.3
2023-12-18,-184.8,-189.7,-179.7,-173.1
2023-12-19,-186.5,-194.4,-184.0,-178.0
2023-12-20,-181.6,-190.2,-181.4,-177.3
2023-12-21,-184.1,-193.4,-184.5,-181.7
2023-12-22,-187.6,-199.7,-188.5,-180.6
2023-12-27,-176.6,-192.1,-180.5,-174.7
2023-12-28,-183.6,-198.0,-184.1,-175.1
2023-12-29,-178.4,-194.3,-180.6,-169.9
2024-01-02,-188.2,-199.6,-183.7,-174.5
2024-01-03,-187.3,-196.1,-179.5,-170.8
2024-01-04,-187.5,-194.7,-179.0,-171.9
2024-01-05,-181.2,-192.6,-180.8,-177.6
2024-01-08,-178.8,-190.1,-178.5,-173.6
2024-01-09,-179.0,-187.8,-176.9,-174.2
2024-01-10,-178.2,-187.1,-177.2,-176.2
2024-01-11,-168.5,-179.4,-172.7,-174.9
2024-01-12,-160.5,-178.9,-174.1,-176.3
2024-01-16,-165.2,-186.9,-181.7,-182.8
2024-01-17,-166.4,-183.2,-176.6,-178.9
2024-01-18,-165.3,-183.1,-178.3,-182.0
2024-01-19,-172.0,-185.5,-177.2,-182.3
2024-01-22,-171.5,-184.4,-178.0,-184.1
2024-01-23,-162.8,-183.3,-175.8,-184.0
2024-01-24,-166.7,-184.0,-180.2,-187.6
2024-01-25,-167.5,-182.9,-178.0,-185.9
2024-01-26,-174.3,-185.3,-177.1,-184.8
2024-01-29,-175.0,-185.5,-176.4,-182.9
2024-01-30,-182.7,-187.7,-173.7,-178.9
2024-01-31,-178.7,-185.2,-173.3,-178.9
2024-02-01,-171.8,-174.4,-162.4,-169.0
2024-02-02,-178.4,-187.6,-176.1,-178.7
2024-02-05,-182.8,-192.0,-179.6,-183.1
2024-02-06,-175.0,-181.5,-171.0,-175.3
2024-02-07,-178.6,-186.0,-172.3,-178.3
2024-02-08,-178.0,-185.7,-173.0,-179.8
2024-02-09,-175.1,-182.5,-171.5,-178.5
2024-02-12,-173.6,-182.6,-172.4,-179.3
2024-02-13,-187.4,-197.4,-185.3,-188.2
2024-02-14,-176.9,-191.6,-182.8,-187.7
2024-02-15,-179.0,-192.9,-185.5,-189.4
2024-02-16,-179.7,-190.2,-183.0,-187.3
2024-02-20,-178.6,-190.2,-183.1,-188.3
2024-02-21,-180.7,-191.4,-184.8,-189.7
2024-02-22,-181.1,-190.5,-185.0,-190.3
2024-02-23,-181.0,-188.9,-182.0,-184.0
2024-02-26,-177.8,-185.9,-181.1,-183.2
2024-02-27,-178.5,-187.5,-181.6,-183.6
2024-02-28,-172.0,-179.7,-175.3,-178.1
2024-02-29,-173.0,-181.9,-176.8,-181.0
2024-03-01,-163.2,-172.5,-168.6,-172.0
2024-03-04,-172.1,-181.5,-178.5,-179.2
2024-03-05,-167.9,-178.3,-176.3,-177.6
2024-03-06,-169.4,-178.1,-174.7,-174.5
2024-03-07,-163.8,-173.8,-174.6,-176.7
2024-03-08,-169.7,-180.2,-178.5,-179.8
2024-03-11,-169.7,-177.0,-174.0,-176.1
2024-03-12,-172.9,-180.6,-178.0,-181.5
2024-03-13,-176.2,-183.0,-178.5,-184.6
2024-03-14,-180.0,-186.6,-180.4,-186.9
2024-03-15,-180.7,-188.1,-181.4,-185.4
2024-03-18,-182.0,-190.3,-182.9,-186.6
2024-03-19,-179.1,-188.9,-181.6,-183.7
2024-03-20,-169.3,-181.6,-178.3,-187.0
2024-03-21,-174.9,-186.0,-180.1,-184.7
2024-03-22,-176.7,-187.6,-184.2,-186.7
2024-03-25,-168.8,-185.2,-182.3,-188.6
2024-03-26,-170.7,-185.6,-183.4,-186.6
2024-03-27,-173.7,-187.7,-184.8,-188.3
2024-03-28,-178.3,-189.7,-183.9,-187.8
2024-04-02,-187.5,-196.2,-187.7,-191.3
2024-04-03,-183.8,-194.6,-187.8,-191.6
2024-04-04,-183.9,-196.5,-190.0,-194.6
2024-04-05,-189.1,-201.7,-195.5,-198.2
2024-04-08,-192.7,-201.4,-192.9,-197.7
2024-04-09,-188.7,-199.1,-192.7,-198.1
2024-04-10,-207.1,-218.8,-206.6,-214.0
2024-04-11,-202.2,-216.4,-204.0,-210.3
2024-04-12,-206.2,-221.2,-209.4,-215.8
2024-04-15,-209.1,-224.3,-212.9,-220.5
2024-04-16,-210.4,-223.7,-210.9,-217.1
2024-04-17,-205.3,-217.1,-204.8,-213.9
2024-04-18,-209.0,-220.8,-208.7,-216.0
2024-04-19,-204.2,-214.7,-204.4,-212.2
2024-04-22,-207.6,-217.9,-205.3,-211.5
2024-04-23,-197.3,-215.0,-205.1,-214.2
2024-04-24,-194.8,-208.5,-200.9,-210.0
2024-04-25,-196.6,-208.4,-200.6,-208.8
2024-04-26,-200.1,-212.1,-204.8,-212.2
2024-04-29,-204.0,-212.6,-203.8,-211.5
2024-04-30,-203.6,-212.6,-205.3,-212.1
2024-05-02,-189.4,-200.1,-196.1,-207.7
2024-05-03,-189.8,-198.5,-195.4,-207.3
2024-05-06,-190.3,-200.8,-197.6,-204.9
2024-05-07,-191.4,-203.2,-199.1,-205.5
2024-05-08,-191.8,-201.8,-196.3,-206.3
2024-05-09,-186.7,-196.8,-190.1,-197.0
2024-05-10,-191.9,-199.7,-193.8,-201.6
2024-05-13,-191.2,-199.0,-192.6,-200.5
2024-05-14,-186.3,-192.5,-186.3,-194.5
2024-05-15,-182.8,-189.5,-186.0,-193.2
2024-05-16,-187.7,-193.5,-187.3,-194.2
2024-05-17,-188.4,-191.1,-184.6,-193.1
2024-05-20,-188.0,-191.9,-184.8,-194.3
2024-05-21,-189.4,-191.3,-184.6,-193.7
2024-05-22,-190.0,-191.9,-183.6,-191.1
2024-05-23,-190.1,-189.6,-182.6,-189.5
2024-05-24,-189.0,-188.7,-180.5,-187.7
2024-05-28,-196.1,-196.5,-191.4,-199.0
2024-05-29,-192.7,-196.0,-189.1,-197.4
2024-05-30,-189.7,-189.7,-181.5,-191.1
2024-05-31,-186.4,-186.5,-180.9,-190.3
2024-06-03,-183.6,-180.8,-174.9,-184.3
2024-06-04,-183.6,-179.6,-173.3,-183.9
2024-06-05,-177.8,-177.4,-172.1,-181.9
2024-06-06,-174.7,-169.6,-165.7,-176.5
2024-06-07,-184.1,-179.6,-174.2,-184.1
2024-06-10,-184.5,-179.6,-173.3,-182.3
2024-06-11,-184.1,-178.1,-168.6,-175.8
2024-06-12,-181.6,-177.2,-171.4,-178.2
2024-06-13,-177.5,-171.1,-165.6,-172.3
2024-06-14,-190.1,-186.9,-179.2,-179.8
2024-06-17,-195.2,-188.3,-179.5,-181.9
2024-06-18,-189.0,-182.8,-174.5,-179.4
2024-06-20,-187.8,-180.9,-174.2,-177.9
2024-06-21,-192.7,-187.2,-180.1,-179.8
2024-06-24,-189.7,-184.7,-177.2,-175.2
2024-06-25,-184.5,-185.0,-178.6,-174.0
2024-06-26,-189.7,-188.8,-183.3,-181.2
2024-06-27,-188.5,-185.3,-180.2,-178.8
2024-06-28,-190.5,-189.5,-186.0,-186.0
2024-07-01,-189.1,-188.7,-184.9,-189.7
2024-07-02,-185.0,-183.7,-180.7,-183.7
2024-07-03,-180.3,-176.9,-173.5,-177.0
2024-07-05,-172.0,-168.4,-168.3,-174.5
2024-07-08,-177.1,-172.8,-171.2,-177.7
2024-07-09,-175.3,-171.5,-170.8,-180.0
2024-07-10,-175.6,-174.1,-172.5,-179.6
2024-07-11,-170.0,-170.4,-170.4,-176.7
2024-07-12,-161.3,-164.7,-166.5,-172.4
2024-07-15,-165.9,-170.9,-172.0,-180.8
2024-07-16,-166.3,-170.5,-170.8,-177.3
2024-07-17,-165.1,-168.8,-170.2,-177.8
2024-07-18,-170.8,-175.5,-176.6,-182.3
2024-07-19,-171.6,-176.0,-175.8,-179.5
2024-07-22,-172.8,-176.0,-175.4,-185.0
2024-07-23,-164.0,-177.5,-177.7,-185.7
2024-07-24,-164.2,-177.6,-181.5,-189.9
2024-07-25,-170.1,-182.2,-184.2,-186.7
2024-07-26,-166.3,-175.4,-178.1,-184.3
2024-07-29,-168.5,-175.8,-178.4,-187.1
2024-07-30,-173.3,-180.1,-180.1,-184.8
2024-07-31,-170.2,-177.2,-176.7,-182.8
2024-08-01,-159.3,-168.7,-171.4,-177.9
2024-08-02,-140.3,-155.9,-160.9,-168.4
2024-08-05,-157.4,-161.4,-155.7,-171.7
2024-08-06,-164.7,-168.4,-165.1,-182.6
2024-08-07,-157.0,-164.5,-160.7,-179.1
2024-08-08,-160.2,-169.8,-164.0,-181.3
2024-08-09,-164.3,-170.5,-163.4,-180.6
2024-08-12,-160.1,-165.0,-158.5,-176.0
2024-08-13,-155.5,-161.7,-157.0,-175.8
2024-08-14,-156.8,-160.9,-155.7,-173.4
2024-08-15,-163.4,-164.8,-157.9,-172.8
2024-08-16,-163.2,-162.9,-156.5,-171.2
2024-08-19,-163.0,-159.9,-152.0,-166.5
2024-08-20,-159.3,-157.6,-150.5,-164.2
2024-08-21,-156.4,-153.6,-149.5,-163.6
2024-08-22,-163.0,-160.0,-154.9,-169.5
2024-08-23,-151.3,-152.0,-146.8,-167.1
2024-08-26,-153.4,-153.1,-147.2,-167.3
2024-08-27,-143.1,-150.6,-144.7,-165.0
2024-08-28,-146.9,-149.5,-148.7,-168.1
2024-08-29,-154.6,-152.8,-150.5,-168.2
2024-08-30,-154.5,-156.4,-153.6,-174.1
2024-09-03,-149.3,-150.4,-148.1,-167.9
2024-09-04,-141.6,-147.6,-146.0,-161.5
2024-09-05,-148.1,-147.5,-143.8,-158.9
2024-09-06,-137.2,-145.4,-142.4,-162.2
2024-09-09,-144.6,-146.7,-142.0,-157.1
2024-09-10,-137.0,-141.5,-138.2,-153.6
2024-09-11,-147.4,-150.4,-145.1,-158.6
2024-09-12,-145.8,-149.7,-145.5,-161.1
2024-09-13,-140.0,-143.3,-141.5,-155.8
2024-09-16,-137.6,-141.8,-139.6,-153.2
2024-09-17,-142.3,-143.5,-141.5,-156.5
2024-09-18,-139.9,-142.2,-141.6,-158.1
2024-09-19,-139.2,-145.1,-144.1,-157.7
2024-09-20,-133.4,-142.7,-141.8,-157.4
2024-09-23,-141.3,-150.0,-146.5,-158.8
2024-09-24,-138.9,-150.5,-147.0,-159.4
2024-09-25,-142.7,-153.4,-151.7,-164.9
2024-09-26,-155.3,-160.7,-155.5,-166.2
2024-09-27,-153.2,-156.0,-151.7,-166.3
2024-09-30,-162.0,-164.9,-159.1,-170.8
2024-10-01,-165.9,-166.5,-161.3,-173.2
2024-10-02,-162.4,-163.8,-157.9,-171.3
2024-10-03,-167.3,-165.5,-158.1,-173.0
2024-10-04,-182.2,-179.2,-167.8,-178.7
2024-10-07,-182.7,-178.7,-168.1,-178.7
2024-10-08,-179.9,-177.4,-168.0,-179.0
2024-10-09,-180.8,-183.1,-171.1,-182.7
2024-10-10,-178.7,-181.6,-172.6,-185.0
2024-10-11,-175.3,-176.8,-169.0,-184.1
2024-10-15,-179.7,-180.1,-170.8,-181.6
2024-10-16,-181.7,-182.9,-174.8,-184.9
2024-10-17,-185.4,-188.0,-179.4,-189.9
2024-10-18,-191.2,-189.6,-180.6,-190.2
2024-10-21,-189.0,-190.9,-183.0,-193.2
2024-10-22,-189.8,-192.1,-182.2,-191.1
2024-10-23,-198.8,-196.7,-183.1,-189.7
2024-10-24,-200.5,-198.8,-186.0,-191.0
2024-10-25,-201.7,-199.4,-187.4,-195.2
2024-10-28,-206.9,-205.4,-192.1,-198.2
2024-10-29,-201.6,-200.0,-186.9,-193.3
2024-10-30,-198.3,-196.1,-183.8,-189.7
2024-10-31,-191.3,-190.5,-177.9,-188.0
2024-11-01,-201.1,-201.8,-190.1,-197.8
2024-11-04,-194.4,-195.3,-184.2,-194.5
2024-11-05,-196.0,-193.5,-178.1,-187.2
2024-11-06,-211.2,-207.6,-193.2,-198.2
2024-11-07,-204.8,-196.8,-180.9,-188.6
2024-11-08,-210.8,-202.9,-185.1,-189.8
2024-11-12,-226.7,-220.2,-202.3,-211.0
2024-11-13,-216.7,-213.7,-198.8,-213.5
2024-11-14,-227.1,-218.3,-200.4,-207.0
2024-11-15,-221.8,-214.7,-199.4,-206.2
2024-11-18,-214.7,-209.9,-196.6,-206.2
2024-11-19,-216.6,-211.5,-198.0,-206.2
2024-11-20,-220.4,-213.1,-198.4,-207.7
2024-11-21,-227.4,-220.3,-205.2,-212.5
2024-11-22,-237.5,-224.6,-207.4,-212.1
2024-11-25,-223.8,-215.6,-198.7,-206.5
2024-11-26,-219.9,-214.1,-201.9,-209.8
2024-11-27,-219.4,-211.1,-200.5,-212.3
2024-11-29,-221.4,-212.8,-201.1,-208.7
2024-12-02,-231.0,-222.5,-206.9,-211.8
2024-12-03,-229.1,-223.1,-212.0,-217.6
2024-12-04,-222.2,-215.5,-204.4,-208.9
2024-12-05,-218.3,-211.3,-198.9,-206.8
2024-12-06,-213.4,-209.5,-200.0,-207.8
2024-12-09,-217.8,-213.7,-203.0,-211.2
2024-12-10,-220.2,-218.6,-204.1,-213.9
2024-12-11,-223.3,-222.8,-207.2,-219.1
2024-12-12,-221.0,-219.8,-207.9,-217.6
2024-12-13,-224.7,-223.5,-209.0,-222.0
2024-12-16,-224.7,-223.9,-207.9,-220.7
2024-12-17,-226.2,-224.8,-210.6,-220.9
2024-12-18,-237.1,-236.9,-218.2,-224.3
2024-12-19,-230.4,-233.9,-218.7,-227.6
2024-12-20,-233.6,-232.3,-216.8,-226.9
2024-12-23,-229.9,-235.8,-221.0,-231.5
2024-12-24,-228.4,-234.2,-220.7,-229.5
2024-12-27,-230.0,-232.7,-221.0,-232.0
2024-12-30,-222.6,-224.3,-212.6,-225.1
2025-01-02,-224.0,-226.9,-216.0,-226.9
2025-01-03,-218.9,-224.0,-213.4,-226.6
2025-01-06,-211.8,-219.0,-210.2,-225.0
2025-01-07,-219.4,-224.3,-214.7,-230.4
2025-01-08,-212.8,-219.4,-209.1,-222.7
2025-01-09,-210.3,-219.1,-209.1,-223.7
2025-01-10,-217.8,-226.7,-214.0,-223.3
2025-01-13,-215.4,-225.8,-213.4,-222.8
2025-01-14,-210.0,-219.9,-208.8,-218.8
2025-01-15,-206.7,-215.0,-205.5,-216.0
2025-01-16,-199.2,-207.5,-197.9,-210.2
2025-01-17,-206.1,-215.8,-203.5,-217.3
2025-01-21,-211.3,-213.9,-200.3,-212.7
2025-01-22,-211.3,-216.9,-203.3,-214.7
2025-01-23,-210.1,-214.8,-205.7,-215.9
2025-01-24,-202.8,-208.4,-200.2,-211.7
2025-01-27,-196.7,-202.4,-194.4,-207.1
2025-01-28,-198.6,-202.5,-195.0,-208.6
2025-01-29,-201.4,-205.2,-196.2,-206.7
2025-01-30,-205.5,-206.2,-197.4,-209.2
2025-01-31,-216.3,-215.9,-207.5,-218.7
2025-02-03,-227.1,-222.4,-211.7,-220.5
2025-02-04,-221.1,-215.1,-206.7,-215.6
2025-02-05,-217.0,-211.3,-203.0,-210.3
2025-02-06,-220.2,-214.9,-204.6,-209.5
2025-02-07,-227.5,-219.0,-205.1,-211.7
2025-02-10,-230.2,-224.4,-210.1,-216.9
2025-02-11,-226.7,-220.5,-206.5,-213.7
2025-02-12,-228.6,-225.7,-209.4,-216.7
2025-02-13,-227.4,-222.6,-205.5,-212.3
2025-02-14,-219.6,-216.1,-199.4,-210.1
2025-02-18,-221.5,-217.6,-201.8,-210.5
2025-02-19,-215.1,-209.3,-194.7,-204.6
2025-02-20,-217.3,-207.7,-192.5,-202.2
2025-02-21,-214.6,-206.2,-190.8,-202.5
2025-02-24,-210.2,-204.5,-189.2,-200.4
2025-02-25,-205.4,-194.4,-180.0,-189.7
2025-02-26,-203.5,-189.7,-177.1,-187.1
2025-02-27,-207.6,-196.9,-182.2,-194.7
2025-02-28,-201.4,-192.7,-179.8,-190.0
2025-03-03,-192.7,-178.4,-161.2,-171.6
2025-03-04,-198.4,-188.5,-169.1,-178.0
2025-03-05,-184.8,-169.8,-151.8,-163.6
2025-03-06,-173.4,-154.5,-138.5,-155.4
2025-03-07,-181.0,-164.1,-148.5,-162.1
2025-03-10,-174.2,-155.5,-139.1,-153.6
2025-03-11,-179.1,-156.5,-138.9,-153.8
2025-03-12,-183.3,-161.0,-142.7,-156.2
2025-03-13,-179.8,-156.9,-139.9,-152.0
2025-03-14,-184.8,-163.7,-140.9,-153.4
2025-03-17,-191.8,-168.6,-148.4,-158.7
2025-03-18,-187.5,-161.9,-143.4,-151.1
2025-03-19,-185.3,-161.0,-143.1,-155.9
2025-03-20,-184.0,-161.7,-145.2,-157.2
2025-03-21,-183.2,-163.9,-144.7,-160.2
2025-03-24,-193.6,-172.2,-152.1,-165.9
2025-03-25,-184.7,-168.7,-147.6,-163.5
2025-03-26,-189.3,-170.1,-152.8,-165.8
2025-03-27,-192.1,-174.3,-156.3,-170.9
2025-03-28,-186.8,-168.6,-150.3,-165.7
2025-03-31,-189.5,-169.7,-149.3,-163.3
2025-04-01,-187.4,-166.0,-145.4,-161.6
2025-04-02,-192.0,-169.3,-148.2,-161.4
2025-04-03,-176.5,-155.8,-137.1,-155.6
2025-04-04,-185.7,-164.7,-140.9,-155.3
2025-04-07,-194.1,-174.4,-151.8,-168.6
2025-04-08,-180.4,-171.2,-155.6,-175.5
2025-04-09,-215.8,-198.7,-170.4,-182.5
2025-04-10,-200.8,-192.7,-176.9,-200.5
2025-04-11,-222.9,-209.2,-192.0,-207.2
2025-04-14,-210.0,-193.7,-182.3,-201.1
2025-04-15,-206.5,-190.0,-176.4,-196.8
2025-04-16,-204.0,-186.5,-173.5,-196.0
2025-04-17,-210.5,-193.5,-181.0,-198.9
2025-04-22,-208.7,-198.1,-190.2,-210.8
2025-04-23,-206.6,-194.5,-184.4,-201.0
2025-04-24,-209.2,-191.8,-181.5,-198.5
2025-04-25,-202.3,-186.9,-177.1,-194.9
2025-04-28,-193.3,-177.4,-166.8,-185.0
2025-04-29,-190.4,-175.0,-164.6,-182.8
2025-04-30,-190.0,-173.5,-165.8,-186.9
2025-05-02,-207.9,-189.0,-177.9,-196.2
2025-05-05,-208.8,-191.0,-178.7,-195.5
2025-05-06,-201.2,-183.8,-169.4,-190.7
2025-05-07,-204.7,-185.8,-171.3,-193.5
2025-05-08,-215.8,-196.8,-180.7,-197.4
2025-05-09,-210.6,-191.8,-175.2,-193.2
2025-05-12,-210.0,-187.4,-176.9,-191.7
2025-05-13,-214.1,-189.7,-178.8,-194.4
2025-05-14,-216.3,-194.7,-180.7,-197.2
2025-05-15,-209.2,-188.6,-176.0,-194.2
2025-05-16,-214.4,-192.3,-180.0,-198.0
2025-05-19,-215.5,-193.1,-181.7,-198.4
2025-05-20,-213.0,-192.2,-181.5,-198.1
2025-05-21,-215.7,-197.9,-189.5,-205.4
2025-05-22,-217.8,-194.5,-184.3,-200.0
2025-05-23,-226.1,-199.6,-189.0,-206.3
2025-05-27,-214.5,-195.2,-184.0,-203.4
2025-05-28,-216.4,-194.9,-187.0,-205.6
2025-05-29,-214.7,-193.2,-186.3,-203.8
2025-05-30,-210.9,-188.7,-184.4,-202.5
2025-06-02,-213.3,-193.1,-188.2,-208.7
2025-06-03,-219.9,-199.5,-191.0,-210.2
2025-06-04,-207.7,-184.1,-179.0,-198.2
2025-06-05,-209.5,-183.8,-179.4,-197.7
2025-06-06,-217.8,-197.4,-189.3,-206.4
2025-06-09,-215.4,-193.9,-185.8,-202.4
2025-06-10,-217.7,-197.1,-189.5,-209.2
2025-06-11,-213.5,-190.5,-183.0,-203.4
2025-06-12,-210.2,-189.2,-182.3,-199.1
2025-06-13,-212.6,-192.0,-184.8,-207.6
2025-06-16,-213.9,-193.5,-188.1,-212.3
2025-06-17,-209.0,-186.5,-180.9,-200.4
2025-06-18,-210.6,-187.4,-181.9,-202.7
2025-06-20,-206.4,-185.1,-180.7,-202.5
2025-06-23,-198.5,-180.5,-177.4,-202.0
2025-06-24,-190.2,-173.3,-169.3,-192.8
2025-06-25,-188.9,-169.0,-166.9,-189.1
2025-06-26,-188.3,-167.8,-164.7,-186.4
2025-06-27,-188.5,-168.3,-164.9,-189.2
2025-06-30,-187.5,-164.3,-160.5,-184.4
2025-07-01,-195.6,-171.3,-165.1,-187.5
2025-07-02,-193.2,-169.2,-162.3,-182.2
2025-07-03,-204.6,-179.1,-170.9,-190.3
2025-07-07,-207.0,-180.9,-175.0,-193.9
2025-07-08,-203.4,-179.9,-172.5,-191.8
2025-07-09,-201.3,-174.0,-165.4,-183.6
2025-07-10,-199.3,-172.4,-164.1,-179.6
2025-07-11,-199.8,-175.7,-169.1,-187.2
2025-07-14,-203.1,-175.7,-169.1,-186.4
2025-07-15,-210.9,-186.1,-180.2,-194.5
2025-07-16,-204.9,-181.2,-176.2,-193.3
2025-07-17,-208.3,-184.5,-178.3,-193.7
2025-07-18,-203.8,-177.5,-173.3,-191.0
2025-07-21,-204.0,-179.7,-175.0,-193.2
2025-07-22,-203.1,-178.7,-173.7,-190.5
2025-07-23,-209.0,-184.0,-178.1,-193.3
2025-07-24,-202.5,-178.1,-172.4,-188.6
2025-07-25,-198.4,-170.7,-165.5,-181.4
2025-07-28,-202.6,-176.1,-171.3,-188.3
2025-07-29,-195.3,-167.9,-161.9,-177.9
2025-07-30,-201.2,-172.2,-164.9,-180.4
2025-07-31,-200.4,-172.3,-165.3,-182.3
2025-08-01,-180.8,-157.8,-154.7,-175.2
2025-08-04,-181.3,-158.1,-156.2,-176.5
2025-08-05,-184.1,-160.1,-157.0,-174.7
2025-08-06,-181.1,-160.2,-156.1,-176.9
2025-08-07,-182.9,-161.0,-156.7,-177.6
2025-08-08,-182.5,-161.1,-155.8,-176.8
2025-08-11,-182.1,-159.6,-155.5,-174.6
2025-08-12,-176.9,-156.5,-151.9,-174.5
2025-08-13,-175.6,-156.5,-152.7,-171.6
2025-08-14,-181.9,-160.0,-156.0,-174.9
2025-08-15,-182.1,-157.5,-153.8,-170.0
2025-08-18,-183.4,-160.4,-155.7,-173.7
2025-08-19,-182.1,-156.8,-152.9,-169.7
2025-08-20,-183.8,-159.4,-155.1,-171.7
2025-08-21,-185.1,-160.3,-155.9,-171.7
2025-08-22,-173.3,-151.3,-150.1,-171.1
2025-08-25,-177.3,-152.4,-148.9,-166.4
2025-08-26,-169.0,-152.6,-150.8,-169.5
2025-08-27,-168.6,-148.5,-149.8,-170.7
2025-08-28,-170.6,-149.0,-149.8,-170.0
2025-08-29,-166.9,-147.0,-149.5,-171.9
2025-09-02,-170.6,-147.3,-147.5,-169.3
2025-09-03,-167.8,-145.6,-145.1,-165.7
2025-09-04,-166.4,-143.7,-143.2,-165.9
2025-09-05,-160.7,-141.3,-140.3,-159.6
2025-09-08,-159.4,-141.8,-137.8,-155.1
2025-09-09,-163.5,-143.5,-139.1,-154.9
2025-09-10,-162.6,-141.3,-135.3,-152.3
2025-09-11,-156.7,-137.8,-131.2,-148.5
2025-09-12,-158.1,-137.6,-132.7,-150.3
2025-09-15,-156.8,-136.7,-132.9,-149.3
2025-09-16,-153.3,-134.8,-132.3,-148.7
2025-09-17,-155.6,-138.6,-136.0,-152.7
2025-09-18,-159.2,-141.8,-136.8,-154.8
2025-09-19,-158.1,-140.8,-137.7,-155.1
2025-09-22,-162.5,-144.2,-138.0,-154.9
2025-09-23,-153.5,-139.6,-134.9,-151.0
2025-09-24,-158.3,-142.4,-138.9,-154.3
2025-09-25,-163.1,-144.6,-139.0,-153.5
2025-09-26,-163.1,-147.2,-142.8,-156.9
2025-09-29,-163.5,-147.0,-140.9,-155.3
2025-09-30,-161.0,-147.6,-142.6,-156.9
2025-10-01,-157.4,-143.6,-139.7,-155.7
2025-10-02,-155.9,-140.5,-136.1,-151.4
2025-10-03,-158.7,-146.0,-140.7,-155.1
2025-10-06,-162.0,-149.4,-144.1,-158.0
2025-10-07,-158.5,-143.9,-138.5,-153.0
2025-10-08,-161.7,-149.0,-142.0,-156.7
2025-10-09,-162.8,-148.9,-141.3,-155.5
2025-10-10,-156.2,-142.5,-135.3,-149.2
2025-10-14,-156.4,-142.9,-139.4,-154.0
2025-10-15,-160.0,-149.3,-144.4,-160.4
2025-10-16,-150.7,-140.5,-137.1,-152.6
2025-10-17,-156.2,-144.7,-140.3,-153.8
2025-10-20,-156.2,-143.2,-137.8,-151.7
2025-10-21,-156.2,-143.2,-139.0,-152.6
2025-10-22,-155.1,-142.1,-136.6,-150.6
2025-10-23,-157.3,-146.0,-139.4,-152.9
2025-10-24,-153.1,-140.4,-135.3,-148.9
2025-10-27,-152.8,-140.3,-134.8,-147.7
2025-10-28,-152.0,-139.8,-133.4,-146.6
2025-10-29,-164.6,-149.8,-142.0,-152.2
2025-10-30,-164.4,-149.4,-143.6,-155.6
2025-10-31,-165.1,-149.3,-143.2,-155.8
2025-11-03,-164.1,-148.8,-144.5,-156.2
2025-11-04,-162.6,-146.4,-141.8,-153.8
2025-11-05,-167.7,-152.8,-147.7,-160.8
2025-11-06,-160.7,-145.5,-142.0,-155.3
2025-11-07,-157.8,-143.1,-140.3,-154.2
2025-11-10,-160.9,-148.1,-142.7,-155.9
2025-11-12,-158.5,-145.1,-139.9,-154.7
2025-11-13,-158.6,-144.6,-140.2,-154.5
2025-11-14,-163.1,-145.8,-140.3,-154.9
2025-11-17,-159.9,-143.1,-138.6,-152.9
2025-11-18,-160.1,-144.4,-139.3,-155.4
2025-11-19,-159.1,-145.1,-139.1,-155.4
2025-11-20,-154.4,-140.4,-133.6,-150.2
2025-11-21,-153.3,-137.1,-132.1,-149.8
2025-11-24,-146.3,-134.4,-129.9,-147.3
2025-11-25,-143.8,-129.7,-129.6,-147.7
2025-11-26,-145.5,-130.2,-127.7,-143.2
2025-11-28,-146.2,-132.2,-129.1,-145.9
2025-12-01,-150.5,-135.5,-129.7,-146.5
2025-12-02,-148.5,-133.1,-129.5,-144.7
2025-12-03,-146.6,-131.2,-128.0,-145.5
2025-12-04,-147.5,-134.6,-130.8,-147.2
2025-12-05,-150.8,-136.4,-131.5,-147.0
2025-12-08,-145.9,-131.5,-127.9,-145.3
2025-12-09,-149.6,-134.8,-129.5,-144.6
2025-12-10,-140.8,-126.2,-123.0,-142.2
2025-12-11,-139.9,-128.3,-125.9,-145.0
2025-12-12,-139.5,-129.8,-128.3,-147.6
2025-12-15,-139.7,-130.2,-130.3,-149.4
2025-12-16,-136.8,-125.1,-125.3,-145.1
2025-12-17,-138.9,-126.9,-126.2,-146.3
2025-12-18,-136.1,-122.9,-122.0,-140.8
2025-12-19,-136.2,-124.3,-123.0,-139.5
2025-12-22,-131.9,-124.0,-122.4,-141.2
2025-12-23,-136.1,-126.9,-126.7,-144.4
2025-12-24,-135.0,-125.0,-123.5,-140.7
2025-12-29,-136.2,-126.8,-124.6,-143.9
2025-12-30,-135.1,-124.9,-123.9,-143.5
2025-12-31,-136.3,-130.1,-128.1,-146.1
2026-01-02,-136.2,-129.2,-126.5,-145.6
2026-01-05,-134.5,-126.9,-125.7,-145.6
2026-01-06,-139.0,-132.0,-130.5,-149.6
2026-01-07,-140.3,-132.2,-129.6,-147.3
2026-01-08,-141.2,-134.1,-131.7,-149.1
2026-01-09,-145.1,-135.5,-130.3,-145.1
2026-01-12,-146.3,-139.0,-134.4,-150.2
2026-01-13,-145.3,-136.1,-132.1,-147.5
2026-01-14,-144.9,-135.1,-131.6,-145.2
2026-01-15,-149.1,-139.9,-134.7,-148.7
2026-01-16,-150.3,-142.4,-139.2,-150.4
2026-01-20,-154.6,-147.2,-142.2,-152.3
2026-01-21,-154.7,-143.9,-137.7,-147.7
2026-01-22,-152.5,-143.8,-137.2,-145.5
2026-01-23,-149.6,-140.9,-134.1,-142.1
2026-01-26,-147.4,-141.5,-135.0,-143.0
2026-01-27,-145.0,-140.9,-136.7,-145.1
2026-01-28,-150.8,-144.9,-139.7,-147.2
2026-01-29,-149.5,-143.8,-139.7,-146.7
2026-01-30,-147.1,-142.2,-140.6,-148.5
2026-02-02,-150.8,-144.3,-142.4,-150.1
2026-02-03,-149.0,-141.7,-138.3,-146.7
2026-02-04,-150.9,-144.2,-141.1,-148.3
2026-02-05,-141.2,-135.4,-133.7,-143.1
2026-02-06,-145.8,-139.4,-136.6,-144.7
2026-02-09,-144.8,-139.1,-136.6,-142.6
2026-02-10,-142.1,-137.3,-134.2,-141.2
2026-02-11,-148.5,-141.5,-136.1,-145.2
2026-02-12,-144.4,-134.8,-129.4,-137.4
2026-02-13,-140.3,-132.6,-127.9,-137.7
2026-02-17,-142.7,-135.6,-129.8,-138.5
2026-02-18,-145.8,-137.1,-133.2,-140.6
2026-02-19,-145.4,-135.2,-131.8,-139.0
2026-02-20,-146.7,-135.8,-133.1,-143.9
2026-02-23,-142.3,-131.7,-128.9,-141.3
2026-02-24,-142.4,-134.6,-131.3,-142.8
2026-02-25,-144.2,-134.5,-132.1,-142.3
2026-02-26,-141.7,-131.1,-131.5,-140.8
2026-02-27,-140.0,-128.5,-128.6,-139.2
2026-03-02,-144.0,-134.5,-133.2,-142.8
2026-03-03,-137.7,-123.7,-126.0,-137.8
2026-03-04,-144.2,-131.8,-131.4,-140.5
2026-03-05,-140.4,-128.6,-128.6,-140.6
2026-03-06,-133.8,-122.5,-128.0,-145.0
2026-03-09,-131.1,-119.2,-123.4,-138.7
2026-03-10,-139.6,-127.4,-129.4,-145.2
2026-03-11,-132.8,-125.6,-127.7,-148.8
2026-03-12,-141.0,-132.6,-131.4,-149.6
2026-03-13,-136.9,-129.6,-131.0,-150.1
2026-03-16,-134.2,-125.3,-128.3,-147.6
2026-03-17,-135.0,-126.0,-127.4,-149.1
2026-03-18,-135.7,-128.0,-129.9,-151.7
2026-03-19,-132.4,-125.5,-127.5,-147.3
2026-03-20,-129.8,-128.5,-134.9,-154.6
2026-03-23,-131.4,-129.7,-134.3,-153.6
2026-03-24,-131.3,-133.1,-136.3,-158.1
2026-03-25,-128.5,-130.3,-135.1,-159.1
2026-03-26,-133.9,-134.5,-136.0,-156.6
2026-03-27,-123.8,-128.4,-132.7,-156.3
2026-03-30,-122.2,-126.0,-129.2,-153.8
2026-03-31,-120.3,-123.1,-126.3,-152.9
2026-04-01,-126.3,-130.6,-131.8,-156.4
2026-04-02,-119.7,-124.3,-127.1,-150.2
2026-04-07,-115.3,-119.9,-125.8,-149.7
2026-04-08,-135.0,-133.9,-134.8,-155.0
2026-04-09,-125.8,-124.4,-125.7,-148.6
2026-04-10,-128.1,-125.1,-125.0,-145.1
2026-04-13,-119.6,-120.4,-121.7,-143.0
2026-04-14,-121.7,-118.0,-118.9,-140.1
2026-04-15,-126.6,-124.4,-124.3,-143.7
2026-04-16,-129.3,-126.0,-128.6,-147.6
2026-04-17,-130.1,-126.0,-127.7,-145.7
2026-04-20,-130.0,-127.0,-126.5,-145.0
2026-04-21,-132.5,-129.8,-130.4,-148.4
2026-04-22,-130.0,-126.8,-128.8,-148.8
2026-04-23,-129.4,-129.2,-131.1,-150.1
2026-04-24,-123.9,-125.2,-127.8,-149.4
2026-04-27,-125.1,-127.2,-130.8,-150.7
2026-04-28,-124.0,-125.3,-127.9,-148.4
2026-04-29,-125.7,-127.7,-131.3,-152.2
2026-04-30,-127.6,-129.8,-134.2,-154.7
2026-05-04,-131.2,-133.7,-138.0,-157.9
2026-05-05,-129.3,-132.9,-134.1,-151.7
2026-05-06,-133.3,-134.2,-134.9,-153.1
2026-05-07,-140.8,-140.7,-141.1,-157.3
2026-05-08,-136.1,-137.0,-136.6,-153.6
2026-05-11,-136.0,-137.1,-137.7,-153.9
2026-05-12,-134.4,-134.7,-134.8,-153.1
2026-05-13,-132.6,-134.3,-134.6,-153.1
2026-05-14,-139.6,-140.2,-140.7,-155.5
2026-05-15,-140.6,-143.7,-143.2,-158.7
2026-05-18,-143.3,-148.8,-147.7,-161.0
2026-05-19,-144.4,-148.1,-148.9,-160.9
2026-05-20,-137.0,-140.9,-141.7,-157.6
2026-05-21,-145.4,-149.5,-146.8,-161.1
2026-05-22,-155.9,-154.9,-151.2,-161.4
2026-05-26,-148.2,-151.8,-150.4,-162.1
2026-05-27,-147.7,-151.8,-148.9,-160.6
2026-05-28,-146.7,-148.3,-145.0,-155.7
2026-05-29,-148.1,-148.7,-146.9,-157.9
2026-06-01,-147.4,-146.8,-143.6,-154.2
2026-06-02,-149.6,-150.0,-147.4,-156.2
2026-06-03,-149.3,-149.9,-146.3,-154.4
2026-06-04,-147.0,-146.7,-143.5,-151.9
2026-06-05,-157.0,-155.4,-149.7,-154.0
2026-06-08,-152.8,-154.6,-150.2,-155.8
2026-06-09,-151.3,-152.7,-146.6,-153.3
2026-06-10,-149.6,-151.7,-146.9,-154.7
2026-06-11,-144.2,-146.6,-140.5,-149.9
2026-06-12,-151.4,-149.9,-144.5,-151.2
2026-06-15,-155.3,-154.1,-149.6,-155.1
2026-06-16,-153.6,-152.4,-147.1,-152.9
2026-06-17,-167.5,-163.7,-153.7,-154.6
2026-06-18,-163.7,-157.9,-150.6,-152.5
2026-06-22,-169.6,-163.7,-153.4,-153.4
2026-06-23,-165.7,-165.0,-156.2,-155.5
2026-06-24,-162.5,-157.3,-150.3,-151.8
2026-06-25,-161.5,-157.0,-151.5,-154.0
2026-06-26,-161.8,-155.2,-149.0,-153.7
2026-06-29,-162.4,-156.1,-148.8,-152.5
2026-06-30,-166.5,-161.1,-154.7,-157.5
2026-07-01,-169.7,-164.5,-155.1,-159.1
2026-07-02,-168.7,-162.3,-153.8,-157.9
2026-07-06,-164.7,-157.6,-150.1,-155.6
2026-07-07,-166.2,-159.2,-153.0,-158.7
2026-07-08,-159.3,-154.9,-146.0,-154.3
2026-07-09,-154.7,-151.4,-144.8,-152.1
2026-07-10,-161.2,-156.3,-148.8,-155.2
2026-07-13,-161.7,-160.2,-153.0,-158.4
2026-07-14,-149.5,-150.9,-146.8,-156.0
2026-07-15,-145.6,-144.8,-143.0,-154.7
2026-07-16,-146.4,-144.6,-142.7,-153.3
2026-07-17,-148.5,-145.5,-143.1,-154.4
2026-07-20,-150.2,-149.8,-146.6,-156.9
2026-07-21,-152.5,-149.5,-145.4,-156.0
2026-07-22,-155.1,-152.2,-149.8,-158.8
2026-07-23,-157.2,-153.6,-151.7,-160.0
2026-07-24,-156.1,-154.0,-151.5,-161.6
2026-07-27,-158.3,-156.0,-151.7,-160.7
2026-07-28,-155.4,-152.3,-148.5,-157.6
2026-07-29,-149.0,-152.0,-152.8,-168.3
2026-07-30,-151.9,-152.9,-151.5,-165.3
2026-07-31,-152.1,-157.0,-155.8,-169.9
2026-08-03,-155.0,-156.6,-155.0,-168.5
2026-08-04,-154.0,-155.3,-152.0,-166.9
2026-08-05,-151.2,-154.1,-151.9,-165.7
2026-08-06,-158.0,-160.3,-157.8,-170.8
2026-08-07,-152.6,-154.4,-153.2,-165.9
2026-08-10,-153.2,-155.4,-155.6,-168.6
2026-08-11,-151.3,-155.4,-155.8,-169.7
2026-08-12,-150.1,-155.8,-154.9,-170.9
2026-08-13,-146.1,-150.0,-150.8,-167.6
2026-08-14,-144.4,-150.4,-150.4,-165.9
2026-08-17,-145.6,-150.6,-151.5,-169.4
2026-08-18,-141.2,-144.6,-145.9,-162.9
2026-08-19,-141.2,-141.8,-140.8,-156.3
2026-08-20,-140.1,-146.2,-144.7,-159.1
2026-08-21,-148.1,-151.9,-150.6,-163.6
2026-08-24,-144.6,-147.9,-145.6,-159.1
2026-08-25,-142.2,-146.4,-143.2,-155.9
2026-08-26,-143.7,-147.7,-144.8,-156.9
2026-08-27,-141.7,-145.6,-142.9,-155.1
2026-08-28,-153.7,-154.3,-148.7,-158.0
2026-08-31,-148.7,-148.9,-144.7,-156.0
2026-09-01,-151.7,-153.1,-147.1,-156.8
2026-09-02,-148.0,-148.8,-143.5,-156.2
2026-09-03,-145.7,-150.3,-144.2,-155.8
2026-09-04,-149.6,-153.2,-147.0,-156.3
2026-09-08,-147.3,-151.8,-145.7,-155.9
2026-09-09,-145.7,-150.3,-143.9,-156.0
2026-09-10,-146.3,-154.6,-148.0,-160.0
2026-09-11,-150.6,-155.1,-147.0,-159.1
2026-09-14,-142.7,-150.6,-145.7,-158.7
2026-09-15,-148.7,-155.3,-148.7,-159.6
2026-09-16,-157.9,-159.0,-150.7,-160.2
2026-09-17,-152.6,-154.7,-148.1,-158.1
2026-09-18,-154.9,-156.9,-150.8,-162.2
2026-09-21,-161.6,-161.0,-151.4,-160.2
2026-09-22,-157.8,-161.8,-153.4,-161.5
2026-09-23,-163.6,-166.6,-161.0,-167.5
2026-09-24,-164.5,-169.3,-164.1,-174.6
2026-09-25,-156.4,-160.9,-158.4,-172.0
2026-09-28,-169.2,-168.9,-164.0,-174.6
