,ea_10y_minus_hicp,ea_10y_minus_spf_lt,us_10y_minus_cpi,us_tips_10y
1962-01-02,,,3.388,
1962-01-03,,,3.358,
1962-01-04,,,3.318,
1962-01-05,,,3.348,
1962-01-08,,,3.358,
1962-01-09,,,3.378,
1962-01-10,,,3.398,
1962-01-11,,,3.408,
1962-01-12,,,3.408,
1962-01-15,,,3.429,
1962-01-16,,,3.459,
1962-01-17,,,3.449,
1962-01-18,,,3.439,
1962-01-19,,,3.439,
1962-01-22,,,3.419,
1962-01-23,,,3.439,
1962-01-24,,,3.429,
1962-01-25,,,3.439,
1962-01-26,,,3.439,
1962-01-29,,,3.449,
1962-01-30,,,3.439,
1962-01-31,,,3.429,
1962-02-01,,,3.419,
1962-02-02,,,3.409,
1962-02-05,,,3.399,
1962-02-06,,,3.389,
1962-02-07,,,3.399,
1962-02-08,,,3.399,
1962-02-09,,,3.379,
1962-02-13,,,3.359,
1962-02-14,,,3.359,
1962-02-15,,,3.35,
1962-02-16,,,3.35,
1962-02-19,,,3.34,
1962-02-20,,,3.38,
1962-02-21,,,3.36,
1962-02-23,,,3.35,
1962-02-26,,,3.33,
1962-02-27,,,3.34,
1962-02-28,,,3.33,
1962-03-01,,,3.31,
1962-03-02,,,3.31,
1962-03-05,,,3.33,
1962-03-06,,,3.34,
1962-03-07,,,3.33,
1962-03-08,,,3.31,
1962-03-09,,,3.29,
1962-03-12,,,3.27,
1962-03-13,,,3.25,
1962-03-14,,,3.26,
1962-03-15,,,3.055,
1962-03-16,,,3.055,
1962-03-19,,,3.025,
1962-03-20,,,3.005,
1962-03-21,,,2.955,
1962-03-22,,,2.925,
1962-03-23,,,2.965,
1962-03-26,,,2.985,
1962-03-27,,,2.995,
1962-03-28,,,2.995,
1962-03-29,,,2.995,
1962-03-30,,,2.955,
1962-04-02,,,2.955,
1962-04-03,,,2.925,
1962-04-04,,,2.875,
1962-04-05,,,2.935,
1962-04-06,,,2.905,
1962-04-09,,,2.925,
1962-04-10,,,2.925,
1962-04-11,,,2.965,
1962-04-12,,,2.955,
1962-04-13,,,2.945,
1962-04-16,,,2.724,
1962-04-17,,,2.714,
1962-04-18,,,2.704,
1962-04-19,,,2.714,
1962-04-23,,,2.754,
1962-04-24,,,2.764,
1962-04-25,,,2.774,
1962-04-26,,,2.784,
1962-04-27,,,2.754,
1962-04-30,,,2.754,
1962-05-01,,,2.744,
1962-05-02,,,2.754,
1962-05-03,,,2.754,
1962-05-04,,,2.764,
1962-05-07,,,2.754,
1962-05-08,,,2.744,
1962-05-09,,,2.714,
1962-05-10,,,2.724,
1962-05-11,,,2.714,
1962-05-14,,,2.744,
1962-05-15,,,2.528,
1962-05-16,,,2.518,
1962-05-17,,,2.528,
1962-05-18,,,2.588,
1962-05-21,,,2.598,
1962-05-22,,,2.588,
1962-05-23,,,2.568,
1962-05-24,,,2.558,
1962-05-25,,,2.538,
1962-05-28,,,2.528,
1962-05-29,,,2.548,
1962-05-31,,,2.558,
1962-06-01,,,2.548,
1962-06-04,,,2.538,
1962-06-05,,,2.548,
1962-06-06,,,2.548,
1962-06-07,,,2.528,
1962-06-08,,,2.518,
1962-06-11,,,2.528,
1962-06-12,,,2.518,
1962-06-13,,,2.528,
1962-06-14,,,2.558,
1962-06-15,,,2.55,
1962-06-18,,,2.57,
1962-06-19,,,2.59,
1962-06-20,,,2.58,
1962-06-21,,,2.56,
1962-06-22,,,2.56,
1962-06-25,,,2.61,
1962-06-26,,,2.63,
1962-06-27,,,2.62,
1962-06-28,,,2.64,
1962-06-29,,,2.66,
1962-07-02,,,2.66,
1962-07-03,,,2.66,
1962-07-05,,,2.66,
1962-07-06,,,2.68,
1962-07-09,,,2.71,
1962-07-10,,,2.68,
1962-07-11,,,2.65,
1962-07-12,,,2.66,
1962-07-13,,,2.66,
1962-07-16,,,2.77,
1962-07-17,,,2.79,
1962-07-18,,,2.78,
1962-07-19,,,2.78,
1962-07-20,,,2.77,
1962-07-23,,,2.76,
1962-07-24,,,2.77,
1962-07-25,,,2.78,
1962-07-26,,,2.77,
1962-07-27,,,2.78,
1962-07-30,,,2.79,
1962-07-31,,,2.8,
1962-08-01,,,2.79,
1962-08-02,,,2.76,
1962-08-03,,,2.77,
1962-08-06,,,2.77,
1962-08-07,,,2.78,
1962-08-08,,,2.77,
1962-08-09,,,2.75,
1962-08-10,,,2.75,
1962-08-13,,,2.75,
1962-08-14,,,2.74,
1962-08-15,,,2.977,
1962-08-16,,,2.957,
1962-08-17,,,2.957,
1962-08-20,,,2.937,
1962-08-21,,,2.937,
1962-08-22,,,2.947,
1962-08-23,,,2.947,
1962-08-24,,,2.947,
1962-08-27,,,2.947,
1962-08-28,,,2.957,
1962-08-29,,,2.957,
1962-08-30,,,2.947,
1962-08-31,,,2.957,
1962-09-04,,,2.957,
1962-09-05,,,2.967,
1962-09-06,,,2.987,
1962-09-07,,,3.007,
1962-09-10,,,2.997,
1962-09-11,,,2.997,
1962-09-12,,,2.997,
1962-09-13,,,2.987,
1962-09-14,,,2.987,
1962-09-17,,,2.854,
1962-09-18,,,2.844,
1962-09-19,,,2.854,
1962-09-20,,,2.844,
1962-09-21,,,2.844,
1962-09-24,,,2.834,
1962-09-25,,,2.824,
1962-09-26,,,2.814,
1962-09-27,,,2.814,
1962-09-28,,,2.804,
1962-10-01,,,2.794,
1962-10-02,,,2.784,
1962-10-03,,,2.764,
1962-10-04,,,2.764,
1962-10-05,,,2.784,
1962-10-08,,,2.794,
1962-10-09,,,2.814,
1962-10-10,,,2.794,
1962-10-11,,,2.804,
1962-10-15,,,2.472,
1962-10-16,,,2.472,
1962-10-17,,,2.472,
1962-10-18,,,2.452,
1962-10-19,,,2.412,
1962-10-22,,,2.442,
1962-10-23,,,2.472,
1962-10-24,,,2.472,
1962-10-25,,,2.472,
1962-10-26,,,2.462,
1962-10-29,,,2.452,
1962-10-30,,,2.452,
1962-10-31,,,2.452,
1962-11-01,,,2.452,
1962-11-02,,,2.442,
1962-11-05,,,2.442,
1962-11-07,,,2.442,
1962-11-08,,,2.432,
1962-11-09,,,2.422,
1962-11-13,,,2.432,
1962-11-14,,,2.442,
1962-11-15,,,2.576,
1962-11-16,,,2.596,
1962-11-19,,,2.596,
1962-11-20,,,2.596,
1962-11-21,,,2.586,
1962-11-23,,,2.586,
1962-11-26,,,2.596,
1962-11-27,,,2.586,
1962-11-28,,,2.586,
1962-11-29,,,2.586,
1962-11-30,,,2.586,
1962-12-03,,,2.596,
1962-12-04,,,2.606,
1962-12-05,,,2.596,
1962-12-06,,,2.586,
1962-12-07,,,2.576,
1962-12-10,,,2.566,
1962-12-11,,,2.556,
1962-12-12,,,2.546,
1962-12-13,,,2.546,
1962-12-14,,,2.536,
1962-12-17,,,2.516,
1962-12-18,,,2.496,
1962-12-19,,,2.506,
1962-12-20,,,2.496,
1962-12-21,,,2.476,
1962-12-24,,,2.456,
1962-12-26,,,2.456,
1962-12-27,,,2.476,
1962-12-28,,,2.506,
1962-12-31,,,2.516,
1963-01-02,,,2.486,
1963-01-03,,,2.476,
1963-01-04,,,2.506,
1963-01-07,,,2.496,
1963-01-08,,,2.476,
1963-01-09,,,2.486,
1963-01-10,,,2.476,
1963-01-11,,,2.466,
1963-01-14,,,2.476,
1963-01-15,,,2.567,
1963-01-16,,,2.567,
1963-01-17,,,2.587,
1963-01-18,,,2.607,
1963-01-21,,,2.617,
1963-01-22,,,2.627,
1963-01-23,,,2.627,
1963-01-24,,,2.627,
1963-01-25,,,2.617,
1963-01-28,,,2.627,
1963-01-29,,,2.627,
1963-01-30,,,2.627,
1963-01-31,,,2.637,
1963-02-01,,,2.647,
1963-02-04,,,2.657,
1963-02-05,,,2.667,
1963-02-06,,,2.677,
1963-02-07,,,2.677,
1963-02-08,,,2.677,
1963-02-11,,,2.687,
1963-02-13,,,2.687,
1963-02-14,,,2.677,
1963-02-15,,,2.578,
1963-02-18,,,2.578,
1963-02-19,,,2.598,
1963-02-20,,,2.608,
1963-02-21,,,2.618,
1963-02-25,,,2.618,
1963-02-26,,,2.618,
1963-02-27,,,2.618,
1963-02-28,,,2.608,
1963-03-01,,,2.598,
1963-03-04,,,2.588,
1963-03-05,,,2.588,
1963-03-06,,,2.578,
1963-03-07,,,2.588,
1963-03-08,,,2.588,
1963-03-11,,,2.588,
1963-03-12,,,2.588,
1963-03-13,,,2.588,
1963-03-14,,,2.588,
1963-03-15,,,2.691,
1963-03-18,,,2.691,
1963-03-19,,,2.691,
1963-03-20,,,2.691,
1963-03-21,,,2.691,
1963-03-22,,,2.701,
1963-03-25,,,2.711,
1963-03-26,,,2.731,
1963-03-27,,,2.731,
1963-03-28,,,2.731,
1963-03-29,,,2.721,
1963-04-01,,,2.721,
1963-04-02,,,2.731,
1963-04-03,,,2.731,
1963-04-04,,,2.721,
1963-04-05,,,2.721,
1963-04-08,,,2.741,
1963-04-09,,,2.751,
1963-04-10,,,2.771,
1963-04-11,,,2.771,
1963-04-15,,,2.883,
1963-04-16,,,2.873,
1963-04-17,,,2.873,
1963-04-18,,,2.863,
1963-04-19,,,2.843,
1963-04-22,,,2.843,
1963-04-23,,,2.843,
1963-04-24,,,2.833,
1963-04-25,,,2.823,
1963-04-26,,,2.823,
1963-04-29,,,2.823,
1963-04-30,,,2.823,
1963-05-01,,,2.813,
1963-05-02,,,2.813,
1963-05-03,,,2.803,
1963-05-06,,,2.793,
1963-05-07,,,2.783,
1963-05-08,,,2.793,
1963-05-09,,,2.803,
1963-05-10,,,2.803,
1963-05-13,,,2.793,
1963-05-14,,,2.783,
1963-05-15,,,3.016,
1963-05-16,,,3.006,
1963-05-17,,,3.026,
1963-05-20,,,3.036,
1963-05-21,,,3.026,
1963-05-22,,,3.026,
1963-05-23,,,3.036,
1963-05-24,,,3.056,
1963-05-27,,,3.056,
1963-05-28,,,3.066,
1963-05-29,,,3.066,
1963-05-31,,,3.066,
1963-06-03,,,3.086,
1963-06-04,,,3.086,
1963-06-05,,,3.086,
1963-06-06,,,3.096,
1963-06-07,,,3.096,
1963-06-10,,,3.096,
1963-06-11,,,3.086,
1963-06-12,,,3.096,
1963-06-13,,,3.096,
1963-06-14,,,3.096,
1963-06-17,,,3.107,
1963-06-18,,,3.107,
1963-06-19,,,3.107,
1963-06-20,,,3.107,
1963-06-21,,,3.107,
1963-06-24,,,3.107,
1963-06-25,,,3.107,
1963-06-26,,,3.107,
1963-06-27,,,3.107,
1963-06-28,,,3.107,
1963-07-01,,,3.117,
1963-07-02,,,3.137,
1963-07-03,,,3.137,
1963-07-05,,,3.147,
1963-07-08,,,3.157,
1963-07-09,,,3.147,
1963-07-10,,,3.137,
1963-07-11,,,3.147,
1963-07-12,,,3.137,
1963-07-15,,,2.696,
1963-07-16,,,2.696,
1963-07-17,,,2.706,
1963-07-18,,,2.696,
1963-07-19,,,2.696,
1963-07-22,,,2.696,
1963-07-23,,,2.696,
1963-07-24,,,2.686,
1963-07-25,,,2.686,
1963-07-26,,,2.666,
1963-07-29,,,2.666,
1963-07-30,,,2.676,
1963-07-31,,,2.676,
1963-08-01,,,2.666,
1963-08-02,,,2.666,
1963-08-05,,,2.666,
1963-08-06,,,2.676,
1963-08-07,,,2.686,
1963-08-08,,,2.676,
1963-08-09,,,2.676,
1963-08-12,,,2.686,
1963-08-13,,,2.696,
1963-08-14,,,2.696,
1963-08-15,,,2.455,
1963-08-16,,,2.445,
1963-08-19,,,2.435,
1963-08-20,,,2.435,
1963-08-21,,,2.445,
1963-08-22,,,2.445,
1963-08-23,,,2.445,
1963-08-26,,,2.445,
1963-08-27,,,2.445,
1963-08-28,,,2.445,
1963-08-29,,,2.455,
1963-08-30,,,2.465,
1963-09-03,,,2.475,
1963-09-04,,,2.485,
1963-09-05,,,2.525,
1963-09-06,,,2.535,
1963-09-09,,,2.535,
1963-09-10,,,2.535,
1963-09-11,,,2.535,
1963-09-12,,,2.535,
1963-09-13,,,2.535,
1963-09-16,,,2.538,
1963-09-17,,,2.538,
1963-09-18,,,2.528,
1963-09-19,,,2.528,
1963-09-20,,,2.518,
1963-09-23,,,2.518,
1963-09-24,,,2.528,
1963-09-25,,,2.528,
1963-09-26,,,2.528,
1963-09-27,,,2.518,
1963-09-30,,,2.518,
1963-10-01,,,2.518,
1963-10-02,,,2.518,
1963-10-03,,,2.518,
1963-10-04,,,2.528,
1963-10-07,,,2.528,
1963-10-08,,,2.538,
1963-10-09,,,2.548,
1963-10-10,,,2.548,
1963-10-11,,,2.548,
1963-10-14,,,2.548,
1963-10-15,,,3.124,
1963-10-16,,,3.124,
1963-10-17,,,3.134,
1963-10-18,,,3.134,
1963-10-21,,,3.134,
1963-10-22,,,3.124,
1963-10-23,,,3.134,
1963-10-24,,,3.124,
1963-10-25,,,3.134,
1963-10-28,,,3.134,
1963-10-29,,,3.144,
1963-10-30,,,3.154,
1963-10-31,,,3.164,
1963-11-01,,,3.164,
1963-11-04,,,3.164,
1963-11-06,,,3.184,
1963-11-07,,,3.184,
1963-11-08,,,3.174,
1963-11-12,,,3.174,
1963-11-13,,,3.164,
1963-11-14,,,3.134,
1963-11-15,,,2.892,
1963-11-18,,,2.892,
1963-11-19,,,2.882,
1963-11-20,,,2.872,
1963-11-21,,,2.882,
1963-11-22,,,2.872,
1963-11-26,,,2.862,
1963-11-27,,,2.862,
1963-11-29,,,2.862,
1963-12-02,,,2.872,
1963-12-03,,,2.882,
1963-12-04,,,2.882,
1963-12-05,,,2.892,
1963-12-06,,,2.892,
1963-12-09,,,2.882,
1963-12-10,,,2.882,
1963-12-11,,,2.902,
1963-12-12,,,2.902,
1963-12-13,,,2.912,
1963-12-16,,,2.833,
1963-12-17,,,2.833,
1963-12-18,,,2.833,
1963-12-19,,,2.823,
1963-12-20,,,2.833,
1963-12-23,,,2.833,
1963-12-24,,,2.833,
1963-12-26,,,2.833,
1963-12-27,,,2.833,
1963-12-30,,,2.823,
1963-12-31,,,2.823,
1964-01-02,,,2.823,
1964-01-03,,,2.833,
1964-01-06,,,2.843,
1964-01-07,,,2.833,
1964-01-08,,,2.863,
1964-01-09,,,2.863,
1964-01-10,,,2.863,
1964-01-13,,,2.863,
1964-01-14,,,2.863,
1964-01-15,,,2.534,
1964-01-16,,,2.524,
1964-01-17,,,2.524,
1964-01-20,,,2.514,
1964-01-21,,,2.514,
1964-01-22,,,2.514,
1964-01-23,,,2.514,
1964-01-24,,,2.534,
1964-01-27,,,2.534,
1964-01-28,,,2.524,
1964-01-29,,,2.524,
1964-01-30,,,2.514,
1964-01-31,,,2.504,
1964-02-03,,,2.504,
1964-02-04,,,2.504,
1964-02-05,,,2.504,
1964-02-06,,,2.494,
1964-02-07,,,2.494,
1964-02-10,,,2.494,
1964-02-11,,,2.494,
1964-02-13,,,2.484,
1964-02-14,,,2.484,
1964-02-17,,,2.487,
1964-02-18,,,2.497,
1964-02-19,,,2.497,
1964-02-20,,,2.497,
1964-02-24,,,2.507,
1964-02-25,,,2.507,
1964-02-26,,,2.507,
1964-02-27,,,2.527,
1964-02-28,,,2.537,
1964-03-02,,,2.527,
1964-03-03,,,2.537,
1964-03-04,,,2.547,
1964-03-05,,,2.547,
1964-03-06,,,2.547,
1964-03-09,,,2.557,
1964-03-10,,,2.557,
1964-03-11,,,2.567,
1964-03-12,,,2.567,
1964-03-13,,,2.577,
1964-03-16,,,2.799,
1964-03-17,,,2.809,
1964-03-18,,,2.819,
1964-03-19,,,2.829,
1964-03-20,,,2.839,
1964-03-23,,,2.839,
1964-03-24,,,2.849,
1964-03-25,,,2.849,
1964-03-26,,,2.839,
1964-03-30,,,2.839,
1964-03-31,,,2.819,
1964-04-01,,,2.819,
1964-04-02,,,2.829,
1964-04-03,,,2.839,
1964-04-06,,,2.839,
1964-04-07,,,2.839,
1964-04-08,,,2.809,
1964-04-09,,,2.809,
1964-04-10,,,2.809,
1964-04-13,,,2.819,
1964-04-14,,,2.829,
1964-04-15,,,2.821,
1964-04-16,,,2.821,
1964-04-17,,,2.831,
1964-04-20,,,2.831,
1964-04-21,,,2.821,
1964-04-22,,,2.821,
1964-04-23,,,2.821,
1964-04-24,,,2.821,
1964-04-27,,,2.821,
1964-04-28,,,2.821,
1964-04-29,,,2.811,
1964-04-30,,,2.811,
1964-05-01,,,2.811,
1964-05-04,,,2.811,
1964-05-05,,,2.811,
1964-05-06,,,2.811,
1964-05-07,,,2.811,
1964-05-08,,,2.791,
1964-05-11,,,2.781,
1964-05-12,,,2.781,
1964-05-13,,,2.781,
1964-05-14,,,2.781,
1964-05-15,,,2.648,
1964-05-18,,,2.648,
1964-05-19,,,2.648,
1964-05-20,,,2.658,
1964-05-21,,,2.658,
1964-05-22,,,2.658,
1964-05-25,,,2.648,
1964-05-26,,,2.648,
1964-05-27,,,2.658,
1964-05-28,,,2.648,
1964-06-01,,,2.648,
1964-06-02,,,2.648,
1964-06-03,,,2.648,
1964-06-04,,,2.648,
1964-06-05,,,2.638,
1964-06-08,,,2.638,
1964-06-09,,,2.628,
1964-06-10,,,2.628,
1964-06-11,,,2.638,
1964-06-12,,,2.638,
1964-06-15,,,2.64,
1964-06-16,,,2.64,
1964-06-17,,,2.64,
1964-06-18,,,2.63,
1964-06-19,,,2.62,
1964-06-22,,,2.61,
1964-06-23,,,2.61,
1964-06-24,,,2.61,
1964-06-25,,,2.61,
1964-06-26,,,2.61,
1964-06-29,,,2.61,
1964-06-30,,,2.61,
1964-07-01,,,2.61,
1964-07-02,,,2.61,
1964-07-06,,,2.62,
1964-07-07,,,2.61,
1964-07-08,,,2.61,
1964-07-09,,,2.64,
1964-07-10,,,2.65,
1964-07-13,,,2.65,
1964-07-14,,,2.65,
1964-07-15,,,2.883,
1964-07-16,,,2.883,
1964-07-17,,,2.893,
1964-07-20,,,2.903,
1964-07-21,,,2.893,
1964-07-22,,,2.903,
1964-07-23,,,2.893,
1964-07-24,,,2.893,
1964-07-27,,,2.893,
1964-07-28,,,2.893,
1964-07-29,,,2.893,
1964-07-30,,,2.883,
1964-07-31,,,2.883,
1964-08-03,,,2.883,
1964-08-04,,,2.883,
1964-08-05,,,2.883,
1964-08-06,,,2.873,
1964-08-07,,,2.883,
1964-08-10,,,2.883,
1964-08-11,,,2.893,
1964-08-12,,,2.893,
1964-08-13,,,2.883,
1964-08-14,,,2.883,
1964-08-17,,,3.115,
1964-08-18,,,3.115,
1964-08-19,,,3.115,
1964-08-20,,,3.115,
1964-08-21,,,3.115,
1964-08-24,,,3.115,
1964-08-25,,,3.125,
1964-08-26,,,3.125,
1964-08-27,,,3.125,
1964-08-28,,,3.135,
1964-08-31,,,3.135,
1964-09-01,,,3.135,
1964-09-02,,,3.145,
1964-09-03,,,3.145,
1964-09-04,,,3.145,
1964-09-08,,,3.145,
1964-09-09,,,3.145,
1964-09-10,,,3.145,
1964-09-11,,,3.145,
1964-09-14,,,3.145,
1964-09-15,,,3.244,
1964-09-16,,,3.234,
1964-09-17,,,3.224,
1964-09-18,,,3.224,
1964-09-21,,,3.214,
1964-09-22,,,3.214,
1964-09-23,,,3.214,
1964-09-24,,,3.214,
1964-09-25,,,3.214,
1964-09-28,,,3.194,
1964-09-29,,,3.204,
1964-09-30,,,3.204,
1964-10-01,,,3.204,
1964-10-02,,,3.204,
1964-10-05,,,3.224,
1964-10-06,,,3.214,
1964-10-07,,,3.214,
1964-10-08,,,3.214,
1964-10-09,,,3.214,
1964-10-13,,,3.214,
1964-10-14,,,3.214,
1964-10-15,,,3.028,
1964-10-16,,,3.038,
1964-10-19,,,3.038,
1964-10-20,,,3.028,
1964-10-21,,,3.018,
1964-10-22,,,3.018,
1964-10-23,,,3.018,
1964-10-26,,,3.018,
1964-10-27,,,3.008,
1964-10-28,,,2.998,
1964-10-29,,,2.988,
1964-10-30,,,2.988,
1964-11-02,,,2.978,
1964-11-04,,,2.978,
1964-11-05,,,2.978,
1964-11-06,,,2.978,
1964-11-09,,,2.978,
1964-11-10,,,2.968,
1964-11-12,,,2.948,
1964-11-13,,,2.958,
1964-11-16,,,2.927,
1964-11-17,,,2.937,
1964-11-18,,,2.937,
1964-11-19,,,2.927,
1964-11-20,,,2.927,
1964-11-23,,,2.977,
1964-11-24,,,2.977,
1964-11-25,,,2.987,
1964-11-27,,,2.987,
1964-11-30,,,2.997,
1964-12-01,,,2.997,
1964-12-02,,,2.987,
1964-12-03,,,2.977,
1964-12-04,,,2.977,
1964-12-07,,,2.967,
1964-12-08,,,2.957,
1964-12-09,,,2.957,
1964-12-10,,,2.947,
1964-12-11,,,2.947,
1964-12-14,,,2.957,
1964-12-15,,,2.773,
1964-12-16,,,2.783,
1964-12-17,,,2.783,
1964-12-18,,,2.793,
1964-12-21,,,2.783,
1964-12-22,,,2.783,
1964-12-23,,,2.793,
1964-12-24,,,2.793,
1964-12-28,,,2.793,
1964-12-29,,,2.793,
1964-12-30,,,2.803,
1964-12-31,,,2.813,
1965-01-04,,,2.803,
1965-01-05,,,2.803,
1965-01-06,,,2.803,
1965-01-07,,,2.803,
1965-01-08,,,2.803,
1965-01-11,,,2.803,
1965-01-12,,,2.793,
1965-01-13,,,2.793,
1965-01-14,,,2.793,
1965-01-15,,,2.992,
1965-01-18,,,2.992,
1965-01-19,,,2.982,
1965-01-20,,,2.982,
1965-01-21,,,2.972,
1965-01-22,,,2.972,
1965-01-25,,,2.982,
1965-01-26,,,2.992,
1965-01-27,,,2.992,
1965-01-28,,,2.992,
1965-01-29,,,2.992,
1965-02-01,,,3.002,
1965-02-02,,,3.002,
1965-02-03,,,3.002,
1965-02-04,,,3.012,
1965-02-05,,,3.022,
1965-02-08,,,3.012,
1965-02-09,,,3.012,
1965-02-10,,,3.012,
1965-02-11,,,3.012,
1965-02-15,,,3.121,
1965-02-16,,,3.111,
1965-02-17,,,3.111,
1965-02-18,,,3.111,
1965-02-19,,,3.121,
1965-02-23,,,3.111,
1965-02-24,,,3.121,
1965-02-25,,,3.111,
1965-02-26,,,3.121,
1965-03-01,,,3.121,
1965-03-02,,,3.141,
1965-03-03,,,3.131,
1965-03-04,,,3.121,
1965-03-05,,,3.131,
1965-03-08,,,3.131,
1965-03-09,,,3.131,
1965-03-10,,,3.131,
1965-03-11,,,3.121,
1965-03-12,,,3.121,
1965-03-15,,,3.013,
1965-03-16,,,3.013,
1965-03-17,,,3.003,
1965-03-18,,,3.003,
1965-03-19,,,3.003,
1965-03-22,,,2.993,
1965-03-23,,,2.993,
1965-03-24,,,2.983,
1965-03-25,,,2.993,
1965-03-26,,,3.003,
1965-03-29,,,3.003,
1965-03-30,,,3.003,
1965-03-31,,,3.003,
1965-04-01,,,3.003,
1965-04-02,,,3.003,
1965-04-05,,,3.003,
1965-04-06,,,3.003,
1965-04-07,,,3.003,
1965-04-08,,,2.993,
1965-04-09,,,3.003,
1965-04-12,,,3.003,
1965-04-13,,,3.003,
1965-04-14,,,2.993,
1965-04-15,,,3.004,
1965-04-19,,,3.014,
1965-04-20,,,3.014,
1965-04-21,,,3.014,
1965-04-22,,,3.014,
1965-04-23,,,3.014,
1965-04-26,,,3.014,
1965-04-27,,,3.014,
1965-04-28,,,3.014,
1965-04-29,,,3.014,
1965-04-30,,,3.014,
1965-05-03,,,3.014,
1965-05-04,,,3.004,
1965-05-05,,,3.004,
1965-05-06,,,3.004,
1965-05-07,,,3.004,
1965-05-10,,,3.004,
1965-05-11,,,3.004,
1965-05-12,,,3.004,
1965-05-13,,,3.014,
1965-05-14,,,3.014,
1965-05-17,,,2.821,
1965-05-18,,,2.831,
1965-05-19,,,2.831,
1965-05-20,,,2.831,
1965-05-21,,,2.831,
1965-05-24,,,2.831,
1965-05-25,,,2.831,
1965-05-26,,,2.831,
1965-05-27,,,2.831,
1965-05-28,,,2.841,
1965-06-01,,,2.841,
1965-06-02,,,2.841,
1965-06-03,,,2.841,
1965-06-04,,,2.841,
1965-06-07,,,2.841,
1965-06-08,,,2.841,
1965-06-09,,,2.841,
1965-06-10,,,2.841,
1965-06-11,,,2.841,
1965-06-14,,,2.821,
1965-06-15,,,2.596,
1965-06-16,,,2.596,
1965-06-17,,,2.596,
1965-06-18,,,2.596,
1965-06-21,,,2.586,
1965-06-22,,,2.586,
1965-06-23,,,2.586,
1965-06-24,,,2.576,
1965-06-25,,,2.576,
1965-06-28,,,2.576,
1965-06-29,,,2.586,
1965-06-30,,,2.586,
1965-07-01,,,2.586,
1965-07-02,,,2.596,
1965-07-06,,,2.596,
1965-07-07,,,2.596,
1965-07-08,,,2.586,
1965-07-09,,,2.596,
1965-07-12,,,2.596,
1965-07-13,,,2.596,
1965-07-14,,,2.596,
1965-07-15,,,2.265,
1965-07-16,,,2.265,
1965-07-19,,,2.265,
1965-07-20,,,2.265,
1965-07-21,,,2.265,
1965-07-22,,,2.265,
1965-07-23,,,2.265,
1965-07-26,,,2.265,
1965-07-27,,,2.265,
1965-07-28,,,2.265,
1965-07-29,,,2.275,
1965-07-30,,,2.285,
1965-08-02,,,2.285,
1965-08-03,,,2.285,
1965-08-04,,,2.295,
1965-08-05,,,2.295,
1965-08-06,,,2.305,
1965-08-09,,,2.305,
1965-08-10,,,2.305,
1965-08-11,,,2.315,
1965-08-12,,,2.315,
1965-08-13,,,2.315,
1965-08-16,,,2.455,
1965-08-17,,,2.465,
1965-08-18,,,2.455,
1965-08-19,,,2.455,
1965-08-20,,,2.455,
1965-08-23,,,2.455,
1965-08-24,,,2.465,
1965-08-25,,,2.455,
1965-08-26,,,2.465,
1965-08-27,,,2.465,
1965-08-30,,,2.465,
1965-08-31,,,2.465,
1965-09-01,,,2.475,
1965-09-02,,,2.475,
1965-09-03,,,2.465,
1965-09-07,,,2.465,
1965-09-08,,,2.465,
1965-09-09,,,2.465,
1965-09-10,,,2.475,
1965-09-13,,,2.475,
1965-09-14,,,2.475,
1965-09-15,,,2.67,
1965-09-16,,,2.66,
1965-09-17,,,2.66,
1965-09-20,,,2.66,
1965-09-21,,,2.67,
1965-09-22,,,2.68,
1965-09-23,,,2.69,
1965-09-24,,,2.7,
1965-09-27,,,2.7,
1965-09-28,,,2.72,
1965-09-29,,,2.75,
1965-09-30,,,2.74,
1965-10-01,,,2.75,
1965-10-04,,,2.74,
1965-10-05,,,2.72,
1965-10-06,,,2.71,
1965-10-07,,,2.7,
1965-10-08,,,2.71,
1965-10-11,,,2.7,
1965-10-13,,,2.69,
1965-10-14,,,2.7,
1965-10-15,,,2.603,
1965-10-18,,,2.603,
1965-10-19,,,2.613,
1965-10-20,,,2.623,
1965-10-21,,,2.633,
1965-10-22,,,2.623,
1965-10-25,,,2.643,
1965-10-26,,,2.643,
1965-10-27,,,2.653,
1965-10-28,,,2.663,
1965-10-29,,,2.673,
1965-11-01,,,2.693,
1965-11-03,,,2.693,
1965-11-04,,,2.693,
1965-11-05,,,2.693,
1965-11-08,,,2.713,
1965-11-09,,,2.733,
1965-11-10,,,2.723,
1965-11-12,,,2.703,
1965-11-15,,,2.747,
1965-11-16,,,2.737,
1965-11-17,,,2.747,
1965-11-18,,,2.747,
1965-11-19,,,2.757,
1965-11-22,,,2.747,
1965-11-23,,,2.747,
1965-11-24,,,2.747,
1965-11-26,,,2.747,
1965-11-29,,,2.757,
1965-11-30,,,2.777,
1965-12-01,,,2.817,
1965-12-02,,,2.817,
1965-12-03,,,2.817,
1965-12-06,,,2.907,
1965-12-07,,,2.887,
1965-12-08,,,2.897,
1965-12-09,,,2.897,
1965-12-10,,,2.897,
1965-12-13,,,2.947,
1965-12-14,,,2.967,
1965-12-15,,,2.94,
1965-12-16,,,2.93,
1965-12-17,,,2.92,
1965-12-20,,,2.88,
1965-12-21,,,2.91,
1965-12-22,,,2.92,
1965-12-23,,,2.92,
1965-12-27,,,2.89,
1965-12-28,,,2.88,
1965-12-29,,,2.89,
1965-12-30,,,2.9,
1965-12-31,,,2.92,
1966-01-03,,,2.9,
1966-01-04,,,2.92,
1966-01-05,,,2.9,
1966-01-06,,,2.87,
1966-01-07,,,2.87,
1966-01-10,,,2.88,
1966-01-11,,,2.87,
1966-01-12,,,2.83,
1966-01-13,,,2.85,
1966-01-14,,,2.86,
1966-01-17,,,2.69,
1966-01-18,,,2.69,
1966-01-19,,,2.69,
1966-01-20,,,2.68,
1966-01-21,,,2.67,
1966-01-24,,,2.68,
1966-01-25,,,2.69,
1966-01-26,,,2.69,
1966-01-27,,,2.71,
1966-01-28,,,2.73,
1966-01-31,,,2.77,
1966-02-01,,,2.77,
1966-02-02,,,2.78,
1966-02-03,,,2.78,
1966-02-04,,,2.79,
1966-02-07,,,2.81,
1966-02-08,,,2.8,
1966-02-09,,,2.82,
1966-02-10,,,2.86,
1966-02-11,,,2.94,
1966-02-14,,,2.95,
1966-02-15,,,2.962,
1966-02-16,,,2.972,
1966-02-17,,,2.962,
1966-02-18,,,2.982,
1966-02-21,,,3.002,
1966-02-23,,,3.002,
1966-02-24,,,3.012,
1966-02-25,,,3.052,
1966-02-28,,,3.102,
1966-03-01,,,3.092,
1966-03-02,,,3.082,
1966-03-03,,,3.082,
1966-03-04,,,3.062,
1966-03-07,,,3.042,
1966-03-08,,,3.012,
1966-03-09,,,3.012,
1966-03-10,,,3.032,
1966-03-11,,,3.042,
1966-03-14,,,3.022,
1966-03-15,,,2.352,
1966-03-16,,,2.342,
1966-03-17,,,2.302,
1966-03-18,,,2.282,
1966-03-21,,,2.252,
1966-03-22,,,2.222,
1966-03-23,,,2.172,
1966-03-24,,,2.202,
1966-03-25,,,2.262,
1966-03-28,,,2.252,
1966-03-29,,,2.242,
1966-03-30,,,2.142,
1966-03-31,,,2.152,
1966-04-01,,,2.142,
1966-04-04,,,2.132,
1966-04-05,,,2.102,
1966-04-06,,,2.152,
1966-04-07,,,2.172,
1966-04-11,,,2.172,
1966-04-12,,,2.172,
1966-04-13,,,2.182,
1966-04-14,,,2.202,
1966-04-15,,,1.991,
1966-04-18,,,1.981,
1966-04-19,,,1.981,
1966-04-20,,,2.021,
1966-04-21,,,1.991,
1966-04-22,,,1.991,
1966-04-25,,,2.001,
1966-04-26,,,2.011,
1966-04-27,,,2.001,
1966-04-28,,,2.001,
1966-04-29,,,2.011,
1966-05-02,,,2.021,
1966-05-03,,,2.031,
1966-05-04,,,2.031,
1966-05-05,,,2.031,
1966-05-06,,,2.011,
1966-05-09,,,1.971,
1966-05-10,,,1.971,
1966-05-11,,,1.991,
1966-05-12,,,1.991,
1966-05-13,,,1.991,
1966-05-16,,,1.902,
1966-05-17,,,1.882,
1966-05-18,,,1.882,
1966-05-19,,,1.882,
1966-05-20,,,1.882,
1966-05-23,,,1.902,
1966-05-24,,,1.922,
1966-05-25,,,1.912,
1966-05-26,,,1.932,
1966-05-27,,,1.942,
1966-05-31,,,1.932,
1966-06-01,,,1.922,
1966-06-02,,,1.902,
1966-06-03,,,1.912,
1966-06-06,,,1.922,
1966-06-07,,,1.942,
1966-06-08,,,1.962,
1966-06-09,,,1.962,
1966-06-10,,,1.962,
1966-06-13,,,1.962,
1966-06-14,,,1.962,
1966-06-15,,,2.026,
1966-06-16,,,2.046,
1966-06-17,,,2.036,
1966-06-20,,,1.996,
1966-06-21,,,1.986,
1966-06-22,,,1.996,
1966-06-23,,,2.006,
1966-06-24,,,2.036,
1966-06-27,,,2.066,
1966-06-28,,,2.126,
1966-06-29,,,2.136,
1966-06-30,,,2.206,
1966-07-01,,,2.226,
1966-07-05,,,2.196,
1966-07-06,,,2.186,
1966-07-07,,,2.186,
1966-07-08,,,2.206,
1966-07-11,,,2.266,
1966-07-12,,,2.286,
1966-07-13,,,2.306,
1966-07-14,,,2.336,
1966-07-15,,,2.654,
1966-07-18,,,2.604,
1966-07-19,,,2.594,
1966-07-20,,,2.584,
1966-07-21,,,2.604,
1966-07-22,,,2.584,
1966-07-25,,,2.554,
1966-07-26,,,2.554,
1966-07-27,,,2.554,
1966-07-28,,,2.594,
1966-07-29,,,2.614,
1966-08-01,,,2.614,
1966-08-02,,,2.604,
1966-08-03,,,2.624,
1966-08-04,,,2.634,
1966-08-05,,,2.634,
1966-08-08,,,2.644,
1966-08-09,,,2.664,
1966-08-10,,,2.664,
1966-08-11,,,2.674,
1966-08-12,,,2.674,
1966-08-15,,,2.395,
1966-08-16,,,2.425,
1966-08-17,,,2.485,
1966-08-18,,,2.535,
1966-08-19,,,2.555,
1966-08-22,,,2.535,
1966-08-23,,,2.575,
1966-08-24,,,2.605,
1966-08-25,,,2.635,
1966-08-26,,,2.725,
1966-08-29,,,2.755,
1966-08-30,,,2.725,
1966-08-31,,,2.605,
1966-09-01,,,2.545,
1966-09-02,,,2.475,
1966-09-06,,,2.435,
1966-09-07,,,2.445,
1966-09-08,,,2.425,
1966-09-09,,,2.415,
1966-09-12,,,2.425,
1966-09-13,,,2.405,
1966-09-14,,,2.455,
1966-09-15,,,1.763,
1966-09-16,,,1.753,
1966-09-19,,,1.833,
1966-09-20,,,1.783,
1966-09-21,,,1.723,
1966-09-22,,,1.663,
1966-09-23,,,1.683,
1966-09-26,,,1.683,
1966-09-27,,,1.643,
1966-09-28,,,1.603,
1966-09-29,,,1.503,
1966-09-30,,,1.533,
1966-10-03,,,1.593,
1966-10-04,,,1.573,
1966-10-05,,,1.563,
1966-10-06,,,1.543,
1966-10-07,,,1.533,
1966-10-10,,,1.563,
1966-10-11,,,1.563,
1966-10-13,,,1.583,
1966-10-14,,,1.573,
1966-10-17,,,1.466,
1966-10-18,,,1.416,
1966-10-19,,,1.426,
1966-10-20,,,1.446,
1966-10-21,,,1.366,
1966-10-24,,,1.366,
1966-10-25,,,1.366,
1966-10-26,,,1.386,
1966-10-27,,,1.416,
1966-10-28,,,1.396,
1966-10-31,,,1.396,
1966-11-01,,,1.416,
1966-11-02,,,1.466,
1966-11-03,,,1.486,
1966-11-04,,,1.536,
1966-11-07,,,1.536,
1966-11-09,,,1.546,
1966-11-10,,,1.596,
1966-11-14,,,1.616,
1966-11-15,,,1.419,
1966-11-16,,,1.429,
1966-11-17,,,1.439,
1966-11-18,,,1.429,
1966-11-21,,,1.379,
1966-11-22,,,1.409,
1966-11-23,,,1.429,
1966-11-25,,,1.439,
1966-11-28,,,1.399,
1966-11-29,,,1.359,
1966-11-30,,,1.329,
1966-12-01,,,1.299,
1966-12-02,,,1.239,
1966-12-05,,,1.269,
1966-12-06,,,1.279,
1966-12-07,,,1.279,
1966-12-08,,,1.309,
1966-12-09,,,1.259,
1966-12-12,,,1.139,
1966-12-13,,,1.069,
1966-12-14,,,1.039,
1966-12-15,,,1.201,
1966-12-16,,,1.221,
1966-12-19,,,1.161,
1966-12-20,,,1.131,
1966-12-21,,,1.101,
1966-12-22,,,1.121,
1966-12-23,,,1.111,
1966-12-27,,,1.151,
1966-12-28,,,1.081,
1966-12-29,,,1.101,
1966-12-30,,,1.081,
1967-01-03,,,1.131,
1967-01-04,,,1.091,
1967-01-05,,,1.071,
1967-01-06,,,1.081,
1967-01-09,,,1.151,
1967-01-10,,,1.131,
1967-01-11,,,0.981,
1967-01-12,,,0.991,
1967-01-13,,,0.951,
1967-01-16,,,1.131,
1967-01-17,,,1.151,
1967-01-18,,,1.171,
1967-01-19,,,1.221,
1967-01-20,,,1.241,
1967-01-23,,,1.241,
1967-01-24,,,1.291,
1967-01-25,,,1.261,
1967-01-26,,,1.141,
1967-01-27,,,1.111,
1967-01-30,,,1.121,
1967-01-31,,,1.161,
1967-02-01,,,1.161,
1967-02-02,,,1.151,
1967-02-03,,,1.161,
1967-02-06,,,1.171,
1967-02-07,,,1.181,
1967-02-08,,,1.181,
1967-02-09,,,1.171,
1967-02-10,,,1.231,
1967-02-14,,,1.281,
1967-02-15,,,1.491,
1967-02-16,,,1.471,
1967-02-17,,,1.481,
1967-02-20,,,1.501,
1967-02-21,,,1.511,
1967-02-23,,,1.541,
1967-02-24,,,1.531,
1967-02-27,,,1.521,
1967-02-28,,,1.521,
1967-03-01,,,1.461,
1967-03-02,,,1.431,
1967-03-03,,,1.421,
1967-03-06,,,1.411,
1967-03-07,,,1.401,
1967-03-08,,,1.411,
1967-03-09,,,1.371,
1967-03-10,,,1.381,
1967-03-13,,,1.361,
1967-03-14,,,1.331,
1967-03-15,,,1.622,
1967-03-16,,,1.582,
1967-03-17,,,1.602,
1967-03-20,,,1.582,
1967-03-21,,,1.642,
1967-03-22,,,1.652,
1967-03-23,,,1.632,
1967-03-27,,,1.652,
1967-03-28,,,1.652,
1967-03-29,,,1.652,
1967-03-30,,,1.632,
1967-03-31,,,1.632,
1967-04-03,,,1.632,
1967-04-04,,,1.622,
1967-04-05,,,1.632,
1967-04-06,,,1.622,
1967-04-07,,,1.612,
1967-04-10,,,1.632,
1967-04-11,,,1.642,
1967-04-12,,,1.642,
1967-04-13,,,1.672,
1967-04-14,,,1.692,
1967-04-17,,,2.062,
1967-04-18,,,2.082,
1967-04-19,,,2.082,
1967-04-20,,,2.082,
1967-04-21,,,2.112,
1967-04-24,,,2.132,
1967-04-25,,,2.162,
1967-04-26,,,2.182,
1967-04-27,,,2.182,
1967-04-28,,,2.232,
1967-05-01,,,2.222,
1967-05-02,,,2.202,
1967-05-03,,,2.202,
1967-05-04,,,2.212,
1967-05-05,,,2.222,
1967-05-08,,,2.282,
1967-05-09,,,2.322,
1967-05-10,,,2.322,
1967-05-11,,,2.292,
1967-05-12,,,2.272,
1967-05-15,,,2.32,
1967-05-16,,,2.33,
1967-05-17,,,2.34,
1967-05-18,,,2.34,
1967-05-19,,,2.35,
1967-05-22,,,2.4,
1967-05-23,,,2.4,
1967-05-24,,,2.39,
1967-05-25,,,2.38,
1967-05-26,,,2.32,
1967-05-29,,,2.3,
1967-05-31,,,2.27,
1967-06-01,,,2.27,
1967-06-02,,,2.28,
1967-06-05,,,2.31,
1967-06-06,,,2.3,
1967-06-07,,,2.3,
1967-06-08,,,2.32,
1967-06-09,,,2.35,
1967-06-12,,,2.4,
1967-06-13,,,2.41,
1967-06-14,,,2.48,
1967-06-15,,,2.702,
1967-06-16,,,2.752,
1967-06-19,,,2.752,
1967-06-20,,,2.822,
1967-06-21,,,2.822,
1967-06-22,,,2.812,
1967-06-23,,,2.822,
1967-06-26,,,2.842,
1967-06-27,,,2.892,
1967-06-28,,,2.862,
1967-06-29,,,2.882,
1967-06-30,,,2.902,
1967-07-03,,,2.902,
1967-07-05,,,2.852,
1967-07-06,,,2.792,
1967-07-07,,,2.832,
1967-07-10,,,2.842,
1967-07-11,,,2.772,
1967-07-12,,,2.742,
1967-07-13,,,2.762,
1967-07-14,,,2.762,
1967-07-17,,,2.249,
1967-07-18,,,2.319,
1967-07-19,,,2.339,
1967-07-20,,,2.359,
1967-07-21,,,2.359,
1967-07-24,,,2.389,
1967-07-25,,,2.389,
1967-07-26,,,2.389,
1967-07-27,,,2.359,
1967-07-28,,,2.339,
1967-07-31,,,2.319,
1967-08-01,,,2.339,
1967-08-02,,,2.369,
1967-08-03,,,2.359,
1967-08-04,,,2.419,
1967-08-07,,,2.459,
1967-08-08,,,2.439,
1967-08-09,,,2.429,
1967-08-10,,,2.439,
1967-08-11,,,2.449,
1967-08-14,,,2.449,
1967-08-15,,,2.362,
1967-08-16,,,2.352,
1967-08-17,,,2.352,
1967-08-18,,,2.352,
1967-08-21,,,2.372,
1967-08-22,,,2.372,
1967-08-23,,,2.382,
1967-08-24,,,2.382,
1967-08-25,,,2.392,
1967-08-28,,,2.362,
1967-08-29,,,2.342,
1967-08-30,,,2.352,
1967-08-31,,,2.342,
1967-09-01,,,2.322,
1967-09-05,,,2.292,
1967-09-06,,,2.272,
1967-09-07,,,2.272,
1967-09-08,,,2.332,
1967-09-11,,,2.352,
1967-09-12,,,2.362,
1967-09-13,,,2.342,
1967-09-14,,,2.352,
1967-09-15,,,2.687,
1967-09-18,,,2.697,
1967-09-19,,,2.747,
1967-09-20,,,2.737,
1967-09-21,,,2.757,
1967-09-22,,,2.757,
1967-09-25,,,2.777,
1967-09-26,,,2.767,
1967-09-27,,,2.767,
1967-09-28,,,2.757,
1967-09-29,,,2.707,
1967-10-02,,,2.747,
1967-10-03,,,2.747,
1967-10-04,,,2.767,
1967-10-05,,,2.767,
1967-10-06,,,2.767,
1967-10-09,,,2.787,
1967-10-10,,,2.817,
1967-10-11,,,2.817,
1967-10-13,,,2.847,
1967-10-16,,,2.875,
1967-10-17,,,2.895,
1967-10-18,,,2.925,
1967-10-19,,,2.935,
1967-10-20,,,2.925,
1967-10-23,,,2.965,
1967-10-24,,,2.965,
1967-10-25,,,2.975,
1967-10-26,,,2.985,
1967-10-27,,,2.975,
1967-10-30,,,3.005,
1967-10-31,,,3.045,
1967-11-01,,,3.105,
1967-11-02,,,3.115,
1967-11-03,,,3.155,
1967-11-06,,,3.175,
1967-11-08,,,3.145,
1967-11-09,,,3.185,
1967-11-10,,,3.235,
1967-11-13,,,3.275,
1967-11-14,,,3.215,
1967-11-15,,,3.192,
1967-11-16,,,3.132,
1967-11-17,,,3.162,
1967-11-20,,,3.262,
1967-11-21,,,3.122,
1967-11-22,,,3.112,
1967-11-24,,,3.192,
1967-11-27,,,3.172,
1967-11-28,,,3.062,
1967-11-29,,,3.082,
1967-11-30,,,3.152,
1967-12-01,,,3.192,
1967-12-04,,,3.172,
1967-12-05,,,3.152,
1967-12-06,,,3.102,
1967-12-07,,,3.122,
1967-12-08,,,3.132,
1967-12-11,,,3.152,
1967-12-12,,,3.162,
1967-12-13,,,3.122,
1967-12-14,,,3.112,
1967-12-15,,,2.608,
1967-12-18,,,2.578,
1967-12-19,,,2.558,
1967-12-20,,,2.518,
1967-12-21,,,2.538,
1967-12-22,,,2.588,
1967-12-26,,,2.538,
1967-12-27,,,2.538,
1967-12-28,,,2.598,
1967-12-29,,,2.598,
1968-01-02,,,2.528,
1968-01-03,,,2.528,
1968-01-04,,,2.408,
1968-01-05,,,2.378,
1968-01-08,,,2.398,
1968-01-09,,,2.418,
1968-01-10,,,2.358,
1968-01-11,,,2.358,
1968-01-12,,,2.328,
1968-01-15,,,2.209,
1968-01-16,,,2.239,
1968-01-17,,,2.199,
1968-01-18,,,2.269,
1968-01-19,,,2.309,
1968-01-22,,,2.329,
1968-01-23,,,2.279,
1968-01-24,,,2.279,
1968-01-25,,,2.239,
1968-01-26,,,2.249,
1968-01-29,,,2.249,
1968-01-30,,,2.249,
1968-01-31,,,2.259,
1968-02-01,,,2.299,
1968-02-02,,,2.299,
1968-02-05,,,2.319,
1968-02-06,,,2.329,
1968-02-07,,,2.309,
1968-02-08,,,2.319,
1968-02-09,,,2.309,
1968-02-13,,,2.269,
1968-02-14,,,2.259,
1968-02-15,,,1.863,
1968-02-16,,,1.853,
1968-02-19,,,1.883,
1968-02-20,,,1.893,
1968-02-21,,,1.893,
1968-02-23,,,1.913,
1968-02-26,,,1.933,
1968-02-27,,,1.933,
1968-02-28,,,1.923,
1968-02-29,,,1.913,
1968-03-01,,,1.913,
1968-03-04,,,1.923,
1968-03-05,,,1.943,
1968-03-06,,,1.963,
1968-03-07,,,2.023,
1968-03-08,,,2.103,
1968-03-11,,,2.103,
1968-03-12,,,2.143,
1968-03-13,,,2.213,
1968-03-14,,,2.303,
1968-03-15,,,2.204,
1968-03-18,,,2.124,
1968-03-19,,,2.134,
1968-03-20,,,2.094,
1968-03-21,,,2.124,
1968-03-22,,,2.104,
1968-03-25,,,2.104,
1968-03-26,,,2.144,
1968-03-27,,,2.144,
1968-03-28,,,2.144,
1968-03-29,,,2.124,
1968-04-01,,,2.004,
1968-04-02,,,1.984,
1968-04-03,,,1.854,
1968-04-04,,,1.884,
1968-04-05,,,1.884,
1968-04-08,,,1.904,
1968-04-10,,,1.894,
1968-04-11,,,1.904,
1968-04-15,,,1.661,
1968-04-16,,,1.681,
1968-04-17,,,1.681,
1968-04-18,,,1.701,
1968-04-19,,,1.821,
1968-04-22,,,1.841,
1968-04-23,,,1.791,
1968-04-24,,,1.781,
1968-04-25,,,1.781,
1968-04-26,,,1.771,
1968-04-29,,,1.791,
1968-04-30,,,1.801,
1968-05-01,,,1.791,
1968-05-02,,,1.821,
1968-05-03,,,1.861,
1968-05-06,,,1.841,
1968-05-07,,,1.851,
1968-05-08,,,1.861,
1968-05-09,,,1.851,
1968-05-10,,,1.851,
1968-05-13,,,1.851,
1968-05-14,,,1.881,
1968-05-15,,,1.923,
1968-05-16,,,1.973,
1968-05-17,,,1.993,
1968-05-20,,,2.033,
1968-05-21,,,2.093,
1968-05-22,,,2.093,
1968-05-23,,,2.053,
1968-05-24,,,2.033,
1968-05-27,,,1.993,
1968-05-28,,,2.013,
1968-05-29,,,2.023,
1968-05-31,,,1.933,
1968-06-03,,,1.863,
1968-06-04,,,1.853,
1968-06-05,,,1.883,
1968-06-06,,,1.903,
1968-06-07,,,1.893,
1968-06-10,,,1.873,
1968-06-11,,,1.863,
1968-06-12,,,1.843,
1968-06-13,,,1.833,
1968-06-14,,,1.793,
1968-06-17,,,1.48,
1968-06-18,,,1.48,
1968-06-19,,,1.44,
1968-06-20,,,1.39,
1968-06-21,,,1.37,
1968-06-24,,,1.38,
1968-06-25,,,1.41,
1968-06-26,,,1.41,
1968-06-27,,,1.42,
1968-06-28,,,1.41,
1968-07-01,,,1.39,
1968-07-02,,,1.35,
1968-07-03,,,1.34,
1968-07-05,,,1.33,
1968-07-08,,,1.3,
1968-07-09,,,1.28,
1968-07-10,,,1.29,
1968-07-11,,,1.29,
1968-07-12,,,1.3,
1968-07-15,,,1.356,
1968-07-16,,,1.366,
1968-07-17,,,1.346,
1968-07-18,,,1.356,
1968-07-19,,,1.326,
1968-07-22,,,1.246,
1968-07-23,,,1.176,
1968-07-24,,,1.186,
1968-07-25,,,1.166,
1968-07-26,,,1.186,
1968-07-29,,,1.206,
1968-07-30,,,1.206,
1968-07-31,,,1.186,
1968-08-01,,,1.176,
1968-08-02,,,1.136,
1968-08-05,,,1.166,
1968-08-06,,,1.176,
1968-08-07,,,1.156,
1968-08-08,,,1.166,
1968-08-09,,,1.186,
1968-08-12,,,1.216,
1968-08-13,,,1.226,
1968-08-14,,,1.226,
1968-08-15,,,0.959,
1968-08-16,,,0.929,
1968-08-19,,,0.939,
1968-08-20,,,0.939,
1968-08-21,,,0.969,
1968-08-22,,,1.009,
1968-08-23,,,0.979,
1968-08-26,,,0.969,
1968-08-27,,,0.969,
1968-08-28,,,0.959,
1968-08-29,,,0.939,
1968-08-30,,,0.929,
1968-09-03,,,0.919,
1968-09-04,,,0.939,
1968-09-05,,,0.969,
1968-09-06,,,0.989,
1968-09-09,,,0.999,
1968-09-10,,,1.019,
1968-09-11,,,1.009,
1968-09-12,,,0.999,
1968-09-13,,,0.989,
1968-09-16,,,0.982,
1968-09-17,,,0.982,
1968-09-18,,,0.942,
1968-09-19,,,0.952,
1968-09-20,,,0.972,
1968-09-23,,,0.972,
1968-09-24,,,0.962,
1968-09-25,,,0.962,
1968-09-26,,,0.972,
1968-09-27,,,0.982,
1968-09-30,,,1.012,
1968-10-01,,,1.012,
1968-10-02,,,1.012,
1968-10-03,,,1.022,
1968-10-04,,,1.042,
1968-10-07,,,1.072,
1968-10-08,,,1.092,
1968-10-09,,,1.122,
1968-10-10,,,1.132,
1968-10-11,,,1.132,
1968-10-14,,,1.142,
1968-10-15,,,1.186,
1968-10-16,,,1.156,
1968-10-17,,,1.116,
1968-10-18,,,1.106,
1968-10-21,,,1.116,
1968-10-22,,,1.116,
1968-10-23,,,1.116,
1968-10-24,,,1.146,
1968-10-25,,,1.136,
1968-10-28,,,1.146,
1968-10-29,,,1.156,
1968-10-30,,,1.166,
1968-10-31,,,1.146,
1968-11-01,,,1.146,
1968-11-04,,,1.166,
1968-11-06,,,1.156,
1968-11-07,,,1.166,
1968-11-08,,,1.186,
1968-11-12,,,1.216,
1968-11-13,,,1.196,
1968-11-14,,,1.196,
1968-11-15,,,0.932,
1968-11-18,,,0.962,
1968-11-19,,,0.992,
1968-11-20,,,0.992,
1968-11-21,,,0.982,
1968-11-22,,,0.992,
1968-11-25,,,1.002,
1968-11-26,,,1.012,
1968-11-27,,,1.012,
1968-11-29,,,1.032,
1968-12-02,,,1.142,
1968-12-03,,,1.212,
1968-12-04,,,1.202,
1968-12-05,,,1.182,
1968-12-06,,,1.162,
1968-12-09,,,1.172,
1968-12-10,,,1.182,
1968-12-11,,,1.182,
1968-12-12,,,1.192,
1968-12-13,,,1.182,
1968-12-16,,,1.535,
1968-12-17,,,1.545,
1968-12-18,,,1.575,
1968-12-19,,,1.645,
1968-12-20,,,1.715,
1968-12-23,,,1.805,
1968-12-24,,,1.845,
1968-12-26,,,1.745,
1968-12-27,,,1.775,
1968-12-30,,,1.785,
1968-12-31,,,1.735,
1969-01-02,,,1.615,
1969-01-03,,,1.585,
1969-01-06,,,1.615,
1969-01-07,,,1.715,
1969-01-08,,,1.665,
1969-01-09,,,1.615,
1969-01-10,,,1.605,
1969-01-13,,,1.615,
1969-01-14,,,1.615,
1969-01-15,,,1.314,
1969-01-16,,,1.274,
1969-01-17,,,1.264,
1969-01-20,,,1.244,
1969-01-21,,,1.264,
1969-01-22,,,1.324,
1969-01-23,,,1.314,
1969-01-24,,,1.304,
1969-01-27,,,1.324,
1969-01-28,,,1.344,
1969-01-29,,,1.384,
1969-01-30,,,1.434,
1969-01-31,,,1.484,
1969-02-03,,,1.514,
1969-02-04,,,1.494,
1969-02-05,,,1.484,
1969-02-06,,,1.494,
1969-02-07,,,1.434,
1969-02-10,,,1.434,
1969-02-11,,,1.394,
1969-02-13,,,1.384,
1969-02-14,,,1.404,
1969-02-17,,,1.448,
1969-02-18,,,1.468,
1969-02-19,,,1.508,
1969-02-20,,,1.538,
1969-02-21,,,1.548,
1969-02-24,,,1.528,
1969-02-25,,,1.548,
1969-02-26,,,1.548,
1969-02-27,,,1.578,
1969-02-28,,,1.568,
1969-03-03,,,1.558,
1969-03-04,,,1.548,
1969-03-05,,,1.548,
1969-03-06,,,1.568,
1969-03-07,,,1.578,
1969-03-10,,,1.578,
1969-03-11,,,1.608,
1969-03-12,,,1.618,
1969-03-13,,,1.628,
1969-03-14,,,1.618,
1969-03-17,,,1.672,
1969-03-18,,,1.672,
1969-03-19,,,1.642,
1969-03-20,,,1.632,
1969-03-21,,,1.612,
1969-03-24,,,1.602,
1969-03-25,,,1.622,
1969-03-26,,,1.642,
1969-03-27,,,1.652,
1969-03-28,,,1.622,
1969-04-01,,,1.572,
1969-04-02,,,1.572,
1969-04-03,,,1.582,
1969-04-07,,,1.602,
1969-04-08,,,1.572,
1969-04-09,,,1.512,
1969-04-10,,,1.502,
1969-04-11,,,1.472,
1969-04-14,,,1.382,
1969-04-15,,,0.862,
1969-04-16,,,0.852,
1969-04-17,,,0.882,
1969-04-18,,,0.912,
1969-04-21,,,0.892,
1969-04-22,,,0.872,
1969-04-23,,,0.872,
1969-04-24,,,0.892,
1969-04-25,,,0.902,
1969-04-28,,,0.942,
1969-04-29,,,0.962,
1969-04-30,,,0.952,
1969-05-01,,,1.002,
1969-05-02,,,0.982,
1969-05-05,,,0.942,
1969-05-06,,,0.972,
1969-05-07,,,0.972,
1969-05-08,,,0.952,
1969-05-09,,,0.982,
1969-05-12,,,1.022,
1969-05-13,,,1.002,
1969-05-14,,,0.992,
1969-05-15,,,0.737,
1969-05-16,,,0.787,
1969-05-19,,,0.837,
1969-05-20,,,0.837,
1969-05-21,,,0.837,
1969-05-22,,,0.837,
1969-05-23,,,0.857,
1969-05-26,,,0.917,
1969-05-27,,,1.017,
1969-05-28,,,1.037,
1969-05-29,,,1.037,
1969-06-02,,,1.037,
1969-06-03,,,1.027,
1969-06-04,,,1.037,
1969-06-05,,,1.017,
1969-06-06,,,0.997,
1969-06-09,,,1.067,
1969-06-10,,,1.037,
1969-06-11,,,1.037,
1969-06-12,,,1.017,
1969-06-13,,,0.987,
1969-06-16,,,0.983,
1969-06-17,,,1.013,
1969-06-18,,,1.023,
1969-06-19,,,1.063,
1969-06-20,,,1.083,
1969-06-23,,,1.093,
1969-06-24,,,1.123,
1969-06-25,,,1.123,
1969-06-26,,,1.113,
1969-06-27,,,1.153,
1969-06-30,,,1.223,
1969-07-01,,,1.243,
1969-07-02,,,1.263,
1969-07-03,,,1.243,
1969-07-07,,,1.253,
1969-07-08,,,1.283,
1969-07-09,,,1.313,
1969-07-10,,,1.273,
1969-07-11,,,1.133,
1969-07-14,,,1.183,
1969-07-15,,,1.244,
1969-07-16,,,1.194,
1969-07-17,,,1.214,
1969-07-18,,,1.224,
1969-07-22,,,1.184,
1969-07-23,,,1.204,
1969-07-24,,,1.224,
1969-07-25,,,1.234,
1969-07-28,,,1.254,
1969-07-29,,,1.244,
1969-07-30,,,1.244,
1969-07-31,,,1.184,
1969-08-01,,,1.184,
1969-08-04,,,1.154,
1969-08-05,,,1.124,
1969-08-06,,,1.144,
1969-08-07,,,1.154,
1969-08-08,,,1.164,
1969-08-11,,,1.214,
1969-08-12,,,1.224,
1969-08-13,,,1.224,
1969-08-14,,,1.204,
1969-08-15,,,1.236,
1969-08-18,,,1.216,
1969-08-19,,,1.206,
1969-08-20,,,1.216,
1969-08-21,,,1.236,
1969-08-22,,,1.266,
1969-08-25,,,1.276,
1969-08-26,,,1.316,
1969-08-27,,,1.346,
1969-08-28,,,1.386,
1969-08-29,,,1.386,
1969-09-02,,,1.426,
1969-09-03,,,1.496,
1969-09-04,,,1.516,
1969-09-05,,,1.546,
1969-09-08,,,1.586,
1969-09-09,,,1.596,
1969-09-10,,,1.576,
1969-09-11,,,1.606,
1969-09-12,,,1.636,
1969-09-15,,,1.661,
1969-09-16,,,1.711,
1969-09-17,,,1.711,
1969-09-18,,,1.841,
1969-09-19,,,1.851,
1969-09-22,,,1.831,
1969-09-23,,,1.831,
1969-09-24,,,1.841,
1969-09-25,,,1.871,
1969-09-26,,,1.971,
1969-09-29,,,2.021,
1969-09-30,,,2.081,
1969-10-01,,,2.091,
1969-10-02,,,2.021,
1969-10-03,,,1.951,
1969-10-06,,,1.921,
1969-10-07,,,1.881,
1969-10-08,,,1.861,
1969-10-09,,,1.871,
1969-10-10,,,1.791,
1969-10-14,,,1.671,
1969-10-15,,,1.422,
1969-10-16,,,1.342,
1969-10-17,,,1.292,
1969-10-20,,,1.132,
1969-10-21,,,1.072,
1969-10-22,,,1.102,
1969-10-23,,,1.202,
1969-10-24,,,1.202,
1969-10-27,,,1.232,
1969-10-28,,,1.302,
1969-10-29,,,1.302,
1969-10-30,,,1.262,
1969-10-31,,,1.242,
1969-11-03,,,1.202,
1969-11-05,,,1.272,
1969-11-06,,,1.312,
1969-11-07,,,1.292,
1969-11-10,,,1.292,
1969-11-12,,,1.362,
1969-11-13,,,1.422,
1969-11-14,,,1.382,
1969-11-17,,,1.464,
1969-11-18,,,1.554,
1969-11-19,,,1.584,
1969-11-20,,,1.644,
1969-11-21,,,1.614,
1969-11-24,,,1.604,
1969-11-25,,,1.614,
1969-11-26,,,1.634,
1969-11-28,,,1.624,
1969-12-01,,,1.624,
1969-12-02,,,1.684,
1969-12-03,,,1.724,
1969-12-04,,,1.684,
1969-12-05,,,1.684,
1969-12-08,,,1.734,
1969-12-09,,,1.834,
1969-12-10,,,1.924,
1969-12-11,,,1.954,
1969-12-12,,,1.934,
1969-12-15,,,1.698,
1969-12-16,,,1.788,
1969-12-17,,,1.828,
1969-12-18,,,1.878,
1969-12-19,,,1.858,
1969-12-22,,,1.828,
1969-12-23,,,1.888,
1969-12-24,,,1.958,
1969-12-26,,,1.938,
1969-12-29,,,2.118,
1969-12-30,,,2.038,
1969-12-31,,,1.948,
1970-01-02,,,1.928,
1970-01-05,,,1.948,
1970-01-06,,,2.028,
1970-01-07,,,2.058,
1970-01-08,,,2.028,
1970-01-09,,,1.928,
1970-01-12,,,1.888,
1970-01-13,,,1.878,
1970-01-14,,,1.928,
1970-01-15,,,1.951,
1970-01-16,,,1.851,
1970-01-19,,,1.791,
1970-01-20,,,1.821,
1970-01-21,,,1.791,
1970-01-22,,,1.771,
1970-01-23,,,1.791,
1970-01-26,,,1.811,
1970-01-27,,,1.801,
1970-01-28,,,1.801,
1970-01-29,,,1.871,
1970-01-30,,,1.851,
1970-02-02,,,1.751,
1970-02-03,,,1.681,
1970-02-04,,,1.601,
1970-02-05,,,1.551,
1970-02-06,,,1.461,
1970-02-09,,,1.381,
1970-02-10,,,1.421,
1970-02-11,,,1.431,
1970-02-13,,,1.251,
1970-02-16,,,1.008,
1970-02-17,,,0.988,
1970-02-18,,,0.958,
1970-02-19,,,0.928,
1970-02-20,,,0.958,
1970-02-24,,,0.978,
1970-02-25,,,0.878,
1970-02-26,,,0.778,
1970-02-27,,,0.738,
1970-03-02,,,0.788,
1970-03-03,,,0.828,
1970-03-04,,,0.808,
1970-03-05,,,0.818,
1970-03-06,,,0.798,
1970-03-09,,,0.828,
1970-03-10,,,0.878,
1970-03-11,,,0.948,
1970-03-12,,,0.998,
1970-03-13,,,1.068,
1970-03-16,,,0.815,
1970-03-17,,,0.935,
1970-03-18,,,0.855,
1970-03-19,,,0.645,
1970-03-20,,,0.635,
1970-03-23,,,0.625,
1970-03-24,,,0.595,
1970-03-25,,,0.535,
1970-03-26,,,0.555,
1970-03-30,,,0.625,
1970-03-31,,,0.655,
1970-04-01,,,0.615,
1970-04-02,,,0.655,
1970-04-03,,,0.715,
1970-04-06,,,0.745,
1970-04-07,,,0.755,
1970-04-08,,,0.745,
1970-04-09,,,0.755,
1970-04-10,,,0.745,
1970-04-13,,,0.775,
1970-04-14,,,0.795,
1970-04-15,,,1.176,
1970-04-16,,,1.246,
1970-04-17,,,1.306,
1970-04-20,,,1.346,
1970-04-21,,,1.406,
1970-04-22,,,1.516,
1970-04-23,,,1.546,
1970-04-24,,,1.626,
1970-04-27,,,1.646,
1970-04-28,,,1.696,
1970-04-29,,,1.686,
1970-04-30,,,1.726,
1970-05-01,,,1.756,
1970-05-04,,,1.846,
1970-05-05,,,1.826,
1970-05-06,,,1.766,
1970-05-07,,,1.726,
1970-05-08,,,1.686,
1970-05-11,,,1.726,
1970-05-12,,,1.746,
1970-05-13,,,1.756,
1970-05-14,,,1.766,
1970-05-15,,,1.769,
1970-05-18,,,1.739,
1970-05-19,,,1.739,
1970-05-20,,,1.789,
1970-05-21,,,1.839,
1970-05-22,,,1.929,
1970-05-25,,,2.089,
1970-05-26,,,2.159,
1970-05-27,,,1.959,
1970-05-28,,,1.919,
1970-05-29,,,1.889,
1970-06-01,,,1.779,
1970-06-02,,,1.719,
1970-06-03,,,1.699,
1970-06-04,,,1.739,
1970-06-05,,,1.819,
1970-06-08,,,1.829,
1970-06-09,,,1.819,
1970-06-10,,,1.809,
1970-06-11,,,1.859,
1970-06-12,,,1.919,
1970-06-15,,,1.936,
1970-06-16,,,1.826,
1970-06-17,,,1.856,
1970-06-18,,,1.856,
1970-06-19,,,1.856,
1970-06-22,,,1.816,
1970-06-23,,,1.746,
1970-06-24,,,1.696,
1970-06-25,,,1.716,
1970-06-26,,,1.736,
1970-06-29,,,1.716,
1970-06-30,,,1.636,
1970-07-01,,,1.596,
1970-07-02,,,1.506,
1970-07-06,,,1.446,
1970-07-07,,,1.416,
1970-07-08,,,1.446,
1970-07-09,,,1.446,
1970-07-10,,,1.496,
1970-07-13,,,1.506,
1970-07-14,,,1.486,
1970-07-15,,,1.479,
1970-07-16,,,1.449,
1970-07-17,,,1.439,
1970-07-20,,,1.449,
1970-07-21,,,1.439,
1970-07-22,,,1.419,
1970-07-23,,,1.309,
1970-07-24,,,1.329,
1970-07-27,,,1.349,
1970-07-28,,,1.399,
1970-07-29,,,1.379,
1970-07-30,,,1.369,
1970-07-31,,,1.369,
1970-08-03,,,1.379,
1970-08-04,,,1.389,
1970-08-05,,,1.409,
1970-08-06,,,1.419,
1970-08-07,,,1.439,
1970-08-10,,,1.489,
1970-08-11,,,1.529,
1970-08-12,,,1.549,
1970-08-13,,,1.569,
1970-08-14,,,1.659,
1970-08-17,,,2.003,
1970-08-18,,,1.973,
1970-08-19,,,1.943,
1970-08-20,,,1.933,
1970-08-21,,,1.893,
1970-08-24,,,1.773,
1970-08-25,,,1.753,
1970-08-26,,,1.743,
1970-08-27,,,1.773,
1970-08-28,,,1.783,
1970-08-31,,,1.783,
1970-09-01,,,1.763,
1970-09-02,,,1.773,
1970-09-03,,,1.773,
1970-09-04,,,1.763,
1970-09-08,,,1.793,
1970-09-09,,,1.833,
1970-09-10,,,1.813,
1970-09-11,,,1.793,
1970-09-14,,,1.773,
1970-09-15,,,1.769,
1970-09-16,,,1.709,
1970-09-17,,,1.629,
1970-09-18,,,1.619,
1970-09-21,,,1.599,
1970-09-22,,,1.589,
1970-09-23,,,1.549,
1970-09-24,,,1.569,
1970-09-25,,,1.589,
1970-09-28,,,1.619,
1970-09-29,,,1.609,
1970-09-30,,,1.599,
1970-10-01,,,1.599,
1970-10-02,,,1.569,
1970-10-05,,,1.569,
1970-10-06,,,1.549,
1970-10-07,,,1.539,
1970-10-08,,,1.559,
1970-10-09,,,1.559,
1970-10-13,,,1.559,
1970-10-14,,,1.609,
1970-10-15,,,1.64,
1970-10-16,,,1.65,
1970-10-19,,,1.69,
1970-10-20,,,1.71,
1970-10-21,,,1.76,
1970-10-22,,,1.8,
1970-10-23,,,1.78,
1970-10-26,,,1.78,
1970-10-27,,,1.76,
1970-10-28,,,1.72,
1970-10-29,,,1.65,
1970-10-30,,,1.67,
1970-11-02,,,1.58,
1970-11-04,,,1.57,
1970-11-05,,,1.54,
1970-11-06,,,1.49,
1970-11-09,,,1.4,
1970-11-10,,,1.4,
1970-11-12,,,1.37,
1970-11-13,,,1.34,
1970-11-16,,,1.33,
1970-11-17,,,1.3,
1970-11-18,,,1.23,
1970-11-19,,,1.09,
1970-11-20,,,0.85,
1970-11-23,,,0.69,
1970-11-24,,,0.82,
1970-11-25,,,0.85,
1970-11-27,,,0.85,
1970-11-30,,,0.86,
1970-12-01,,,0.85,
1970-12-02,,,0.78,
1970-12-03,,,0.68,
1970-12-04,,,0.58,
1970-12-07,,,0.64,
1970-12-08,,,0.66,
1970-12-09,,,0.71,
1970-12-10,,,0.71,
1970-12-11,,,0.68,
1970-12-14,,,0.63,
1970-12-15,,,0.69,
1970-12-16,,,0.69,
1970-12-17,,,0.7,
1970-12-18,,,0.73,
1970-12-21,,,0.85,
1970-12-22,,,0.92,
1970-12-23,,,0.97,
1970-12-24,,,0.93,
1970-12-28,,,0.94,
1970-12-29,,,0.96,
1970-12-30,,,0.91,
1970-12-31,,,0.9,
1971-01-04,,,0.86,
1971-01-05,,,0.87,
1971-01-06,,,0.87,
1971-01-07,,,0.85,
1971-01-08,,,0.84,
1971-01-11,,,0.79,
1971-01-12,,,0.75,
1971-01-13,,,0.69,
1971-01-14,,,0.62,
1971-01-15,,,0.65,
1971-01-18,,,0.59,
1971-01-19,,,0.6,
1971-01-20,,,0.58,
1971-01-21,,,0.52,
1971-01-22,,,0.49,
1971-01-25,,,0.48,
1971-01-26,,,0.5,
1971-01-27,,,0.52,
1971-01-28,,,0.51,
1971-01-29,,,0.52,
1971-02-01,,,0.52,
1971-02-02,,,0.54,
1971-02-03,,,0.54,
1971-02-04,,,0.53,
1971-02-05,,,0.53,
1971-02-08,,,0.52,
1971-02-09,,,0.5,
1971-02-10,,,0.51,
1971-02-11,,,0.51,
1971-02-16,,,0.833,
1971-02-17,,,0.833,
1971-02-18,,,0.833,
1971-02-19,,,0.843,
1971-02-22,,,0.873,
1971-02-23,,,0.903,
1971-02-24,,,0.883,
1971-02-25,,,0.833,
1971-02-26,,,0.863,
1971-03-01,,,0.843,
1971-03-02,,,0.813,
1971-03-03,,,0.773,
1971-03-04,,,0.773,
1971-03-05,,,0.753,
1971-03-08,,,0.713,
1971-03-09,,,0.623,
1971-03-10,,,0.523,
1971-03-11,,,0.413,
1971-03-12,,,0.443,
1971-03-15,,,0.976,
1971-03-16,,,0.956,
1971-03-17,,,0.886,
1971-03-18,,,0.826,
1971-03-19,,,0.786,
1971-03-22,,,0.696,
1971-03-23,,,0.656,
1971-03-24,,,0.686,
1971-03-25,,,0.706,
1971-03-26,,,0.756,
1971-03-29,,,0.816,
1971-03-30,,,0.776,
1971-03-31,,,0.806,
1971-04-01,,,0.856,
1971-04-02,,,0.876,
1971-04-05,,,0.906,
1971-04-06,,,0.876,
1971-04-07,,,0.856,
1971-04-08,,,0.896,
1971-04-12,,,1.006,
1971-04-13,,,0.996,
1971-04-14,,,1.046,
1971-04-15,,,1.361,
1971-04-16,,,1.381,
1971-04-19,,,1.441,
1971-04-20,,,1.531,
1971-04-21,,,1.601,
1971-04-22,,,1.581,
1971-04-23,,,1.571,
1971-04-26,,,1.561,
1971-04-27,,,1.561,
1971-04-28,,,1.551,
1971-04-29,,,1.631,
1971-04-30,,,1.641,
1971-05-03,,,1.711,
1971-05-04,,,1.811,
1971-05-05,,,1.821,
1971-05-06,,,1.841,
1971-05-07,,,1.811,
1971-05-10,,,1.781,
1971-05-11,,,1.821,
1971-05-12,,,1.911,
1971-05-13,,,2.031,
1971-05-14,,,2.051,
1971-05-17,,,2.414,
1971-05-18,,,2.494,
1971-05-19,,,2.444,
1971-05-20,,,2.334,
1971-05-21,,,2.374,
1971-05-24,,,2.334,
1971-05-25,,,2.284,
1971-05-26,,,2.214,
1971-05-27,,,2.194,
1971-05-28,,,2.224,
1971-06-01,,,2.204,
1971-06-02,,,2.084,
1971-06-03,,,2.034,
1971-06-04,,,2.104,
1971-06-07,,,2.184,
1971-06-08,,,2.224,
1971-06-09,,,2.284,
1971-06-10,,,2.324,
1971-06-11,,,2.344,
1971-06-14,,,2.474,
1971-06-15,,,2.326,
1971-06-16,,,2.276,
1971-06-17,,,2.276,
1971-06-18,,,2.176,
1971-06-21,,,2.126,
1971-06-22,,,2.216,
1971-06-23,,,2.206,
1971-06-24,,,2.206,
1971-06-25,,,2.216,
1971-06-28,,,2.236,
1971-06-29,,,2.266,
1971-06-30,,,2.296,
1971-07-01,,,2.286,
1971-07-02,,,2.286,
1971-07-06,,,2.276,
1971-07-07,,,2.256,
1971-07-08,,,2.266,
1971-07-09,,,2.276,
1971-07-12,,,2.196,
1971-07-13,,,2.206,
1971-07-14,,,2.196,
1971-07-15,,,2.209,
1971-07-16,,,2.279,
1971-07-19,,,2.329,
1971-07-20,,,2.319,
1971-07-21,,,2.319,
1971-07-22,,,2.409,
1971-07-23,,,2.459,
1971-07-26,,,2.479,
1971-07-27,,,2.529,
1971-07-28,,,2.569,
1971-07-29,,,2.499,
1971-07-30,,,2.469,
1971-08-02,,,2.479,
1971-08-03,,,2.529,
1971-08-04,,,2.509,
1971-08-05,,,2.479,
1971-08-06,,,2.479,
1971-08-09,,,2.499,
1971-08-10,,,2.509,
1971-08-11,,,2.479,
1971-08-12,,,2.419,
1971-08-13,,,2.299,
1971-08-16,,,2.04,
1971-08-17,,,1.93,
1971-08-18,,,1.98,
1971-08-19,,,1.97,
1971-08-20,,,2.0,
1971-08-23,,,2.11,
1971-08-24,,,2.01,
1971-08-25,,,2.03,
1971-08-26,,,2.0,
1971-08-27,,,1.96,
1971-08-30,,,1.95,
1971-08-31,,,1.91,
1971-09-01,,,1.85,
1971-09-02,,,1.8,
1971-09-03,,,1.75,
1971-09-07,,,1.7,
1971-09-08,,,1.71,
1971-09-09,,,1.76,
1971-09-10,,,1.75,
1971-09-13,,,1.83,
1971-09-14,,,1.81,
1971-09-15,,,1.811,
1971-09-16,,,1.781,
1971-09-17,,,1.771,
1971-09-20,,,1.791,
1971-09-21,,,1.811,
1971-09-22,,,1.831,
1971-09-23,,,1.841,
1971-09-24,,,1.801,
1971-09-27,,,1.771,
1971-09-28,,,1.761,
1971-09-29,,,1.721,
1971-09-30,,,1.641,
1971-10-01,,,1.641,
1971-10-04,,,1.621,
1971-10-05,,,1.651,
1971-10-06,,,1.621,
1971-10-07,,,1.611,
1971-10-08,,,1.581,
1971-10-12,,,1.521,
1971-10-13,,,1.501,
1971-10-14,,,1.521,
1971-10-15,,,1.818,
1971-10-18,,,1.868,
1971-10-19,,,1.878,
1971-10-20,,,1.838,
1971-10-21,,,1.798,
1971-10-22,,,1.818,
1971-10-26,,,1.808,
1971-10-27,,,1.838,
1971-10-28,,,1.818,
1971-10-29,,,1.788,
1971-11-01,,,1.718,
1971-11-03,,,1.638,
1971-11-04,,,1.638,
1971-11-05,,,1.638,
1971-11-08,,,1.688,
1971-11-09,,,1.688,
1971-11-10,,,1.738,
1971-11-11,,,1.708,
1971-11-12,,,1.688,
1971-11-15,,,1.963,
1971-11-16,,,1.953,
1971-11-17,,,1.943,
1971-11-18,,,1.963,
1971-11-19,,,1.983,
1971-11-22,,,2.013,
1971-11-23,,,2.083,
1971-11-24,,,2.143,
1971-11-26,,,2.133,
1971-11-29,,,2.143,
1971-11-30,,,2.123,
1971-12-01,,,2.113,
1971-12-02,,,2.093,
1971-12-03,,,2.073,
1971-12-06,,,2.073,
1971-12-07,,,2.113,
1971-12-08,,,2.113,
1971-12-09,,,2.133,
1971-12-10,,,2.123,
1971-12-13,,,2.093,
1971-12-14,,,2.133,
1971-12-15,,,2.425,
1971-12-16,,,2.415,
1971-12-17,,,2.395,
1971-12-20,,,2.435,
1971-12-21,,,2.465,
1971-12-22,,,2.475,
1971-12-23,,,2.435,
1971-12-27,,,2.375,
1971-12-28,,,2.325,
1971-12-29,,,2.365,
1971-12-30,,,2.365,
1971-12-31,,,2.355,
1972-01-03,,,2.405,
1972-01-04,,,2.395,
1972-01-05,,,2.375,
1972-01-06,,,2.365,
1972-01-07,,,2.345,
1972-01-10,,,2.325,
1972-01-11,,,2.345,
1972-01-12,,,2.345,
1972-01-13,,,2.325,
1972-01-14,,,2.315,
1972-01-17,,,2.624,
1972-01-18,,,2.654,
1972-01-19,,,2.694,
1972-01-20,,,2.714,
1972-01-21,,,2.724,
1972-01-24,,,2.754,
1972-01-25,,,2.754,
1972-01-26,,,2.744,
1972-01-27,,,2.784,
1972-01-28,,,2.814,
1972-01-31,,,2.824,
1972-02-01,,,2.824,
1972-02-02,,,2.814,
1972-02-03,,,2.814,
1972-02-04,,,2.814,
1972-02-07,,,2.824,
1972-02-08,,,2.844,
1972-02-09,,,2.854,
1972-02-10,,,2.844,
1972-02-11,,,2.854,
1972-02-14,,,2.834,
1972-02-15,,,2.842,
1972-02-16,,,2.822,
1972-02-17,,,2.802,
1972-02-18,,,2.802,
1972-02-22,,,2.802,
1972-02-23,,,2.812,
1972-02-24,,,2.812,
1972-02-25,,,2.802,
1972-02-28,,,2.782,
1972-02-29,,,2.782,
1972-03-01,,,2.782,
1972-03-02,,,2.772,
1972-03-03,,,2.762,
1972-03-06,,,2.752,
1972-03-07,,,2.762,
1972-03-08,,,2.762,
1972-03-09,,,2.762,
1972-03-10,,,2.772,
1972-03-13,,,2.812,
1972-03-14,,,2.802,
1972-03-15,,,2.351,
1972-03-16,,,2.321,
1972-03-17,,,2.321,
1972-03-20,,,2.331,
1972-03-21,,,2.321,
1972-03-22,,,2.321,
1972-03-23,,,2.341,
1972-03-24,,,2.361,
1972-03-27,,,2.341,
1972-03-28,,,2.351,
1972-03-29,,,2.361,
1972-03-30,,,2.361,
1972-04-03,,,2.381,
1972-04-04,,,2.421,
1972-04-05,,,2.421,
1972-04-06,,,2.421,
1972-04-07,,,2.421,
1972-04-10,,,2.411,
1972-04-11,,,2.421,
1972-04-12,,,2.451,
1972-04-13,,,2.491,
1972-04-14,,,2.491,
1972-04-17,,,2.74,
1972-04-18,,,2.74,
1972-04-19,,,2.72,
1972-04-20,,,2.71,
1972-04-21,,,2.7,
1972-04-24,,,2.71,
1972-04-25,,,2.71,
1972-04-26,,,2.69,
1972-04-27,,,2.61,
1972-04-28,,,2.64,
1972-05-01,,,2.64,
1972-05-02,,,2.66,
1972-05-03,,,2.67,
1972-05-04,,,2.67,
1972-05-05,,,2.67,
1972-05-08,,,2.67,
1972-05-09,,,2.7,
1972-05-10,,,2.69,
1972-05-11,,,2.69,
1972-05-12,,,2.66,
1972-05-15,,,2.669,
1972-05-16,,,2.669,
1972-05-17,,,2.659,
1972-05-18,,,2.639,
1972-05-19,,,2.609,
1972-05-22,,,2.579,
1972-05-23,,,2.559,
1972-05-24,,,2.569,
1972-05-25,,,2.549,
1972-05-26,,,2.549,
1972-05-30,,,2.559,
1972-05-31,,,2.559,
1972-06-01,,,2.579,
1972-06-02,,,2.599,
1972-06-05,,,2.609,
1972-06-06,,,2.639,
1972-06-07,,,2.629,
1972-06-08,,,2.629,
1972-06-09,,,2.619,
1972-06-12,,,2.609,
1972-06-13,,,2.609,
1972-06-14,,,2.609,
1972-06-15,,,2.874,
1972-06-16,,,2.874,
1972-06-19,,,2.854,
1972-06-20,,,2.854,
1972-06-21,,,2.864,
1972-06-22,,,2.884,
1972-06-23,,,2.874,
1972-06-26,,,2.894,
1972-06-27,,,2.894,
1972-06-28,,,2.894,
1972-06-29,,,2.914,
1972-06-30,,,2.924,
1972-07-03,,,2.914,
1972-07-05,,,2.904,
1972-07-06,,,2.904,
1972-07-07,,,2.904,
1972-07-10,,,2.904,
1972-07-11,,,2.904,
1972-07-12,,,2.894,
1972-07-13,,,2.884,
1972-07-14,,,2.874,
1972-07-17,,,3.147,
1972-07-18,,,3.147,
1972-07-19,,,3.127,
1972-07-20,,,3.127,
1972-07-21,,,3.137,
1972-07-24,,,3.137,
1972-07-25,,,3.127,
1972-07-26,,,3.117,
1972-07-27,,,3.167,
1972-07-28,,,3.157,
1972-07-31,,,3.157,
1972-08-01,,,3.177,
1972-08-02,,,3.177,
1972-08-03,,,3.187,
1972-08-04,,,3.197,
1972-08-07,,,3.197,
1972-08-08,,,3.187,
1972-08-09,,,3.177,
1972-08-10,,,3.177,
1972-08-11,,,3.177,
1972-08-14,,,3.197,
1972-08-15,,,3.214,
1972-08-16,,,3.224,
1972-08-17,,,3.244,
1972-08-18,,,3.254,
1972-08-21,,,3.254,
1972-08-22,,,3.244,
1972-08-23,,,3.264,
1972-08-24,,,3.274,
1972-08-25,,,3.304,
1972-08-28,,,3.344,
1972-08-29,,,3.384,
1972-08-30,,,3.464,
1972-08-31,,,3.464,
1972-09-01,,,3.474,
1972-09-05,,,3.504,
1972-09-06,,,3.534,
1972-09-07,,,3.564,
1972-09-08,,,3.604,
1972-09-11,,,3.584,
1972-09-12,,,3.584,
1972-09-13,,,3.584,
1972-09-14,,,3.614,
1972-09-15,,,3.612,
1972-09-18,,,3.602,
1972-09-19,,,3.602,
1972-09-20,,,3.612,
1972-09-21,,,3.642,
1972-09-22,,,3.672,
1972-09-25,,,3.672,
1972-09-26,,,3.652,
1972-09-27,,,3.642,
1972-09-28,,,3.612,
1972-09-29,,,3.592,
1972-10-02,,,3.592,
1972-10-03,,,3.592,
1972-10-04,,,3.582,
1972-10-05,,,3.582,
1972-10-06,,,3.572,
1972-10-10,,,3.532,
1972-10-11,,,3.522,
1972-10-12,,,3.552,
1972-10-13,,,3.552,
1972-10-16,,,3.304,
1972-10-17,,,3.304,
1972-10-18,,,3.304,
1972-10-19,,,3.294,
1972-10-20,,,3.284,
1972-10-24,,,3.264,
1972-10-25,,,3.254,
1972-10-26,,,3.234,
1972-10-27,,,3.234,
1972-10-30,,,3.234,
1972-10-31,,,3.224,
1972-11-01,,,3.204,
1972-11-02,,,3.154,
1972-11-03,,,3.114,
1972-11-06,,,3.084,
1972-11-08,,,3.114,
1972-11-09,,,3.114,
1972-11-10,,,3.114,
1972-11-13,,,3.084,
1972-11-14,,,3.074,
1972-11-15,,,3.052,
1972-11-16,,,3.062,
1972-11-17,,,3.062,
1972-11-20,,,3.052,
1972-11-21,,,3.082,
1972-11-22,,,3.092,
1972-11-24,,,3.092,
1972-11-27,,,3.122,
1972-11-28,,,3.112,
1972-11-29,,,3.092,
1972-11-30,,,3.102,
1972-12-01,,,3.112,
1972-12-04,,,3.122,
1972-12-05,,,3.132,
1972-12-06,,,3.132,
1972-12-07,,,3.132,
1972-12-08,,,3.142,
1972-12-11,,,3.162,
1972-12-12,,,3.172,
1972-12-13,,,3.172,
1972-12-14,,,3.172,
1972-12-15,,,2.935,
1972-12-18,,,2.965,
1972-12-19,,,2.985,
1972-12-20,,,2.985,
1972-12-21,,,2.985,
1972-12-22,,,2.985,
1972-12-26,,,2.975,
1972-12-27,,,2.985,
1972-12-28,,,2.995,
1972-12-29,,,2.995,
1973-01-02,,,3.015,
1973-01-03,,,3.005,
1973-01-04,,,2.985,
1973-01-05,,,3.005,
1973-01-08,,,3.015,
1973-01-09,,,3.005,
1973-01-10,,,3.015,
1973-01-11,,,3.015,
1973-01-12,,,3.025,
1973-01-15,,,3.034,
1973-01-16,,,3.034,
1973-01-17,,,3.044,
1973-01-18,,,3.054,
1973-01-19,,,3.084,
1973-01-22,,,3.094,
1973-01-23,,,3.074,
1973-01-24,,,3.084,
1973-01-25,,,3.104,
1973-01-26,,,3.124,
1973-01-29,,,3.144,
1973-01-30,,,3.114,
1973-01-31,,,3.134,
1973-02-01,,,3.194,
1973-02-02,,,3.234,
1973-02-05,,,3.234,
1973-02-06,,,3.234,
1973-02-07,,,3.234,
1973-02-08,,,3.254,
1973-02-09,,,3.224,
1973-02-13,,,3.204,
1973-02-14,,,3.214,
1973-02-15,,,2.979,
1973-02-16,,,2.989,
1973-02-20,,,3.019,
1973-02-21,,,3.019,
1973-02-22,,,3.009,
1973-02-23,,,2.969,
1973-02-26,,,3.009,
1973-02-27,,,2.999,
1973-02-28,,,2.999,
1973-03-01,,,3.009,
1973-03-02,,,3.029,
1973-03-05,,,3.039,
1973-03-06,,,3.039,
1973-03-07,,,3.019,
1973-03-08,,,3.029,
1973-03-09,,,3.039,
1973-03-12,,,3.039,
1973-03-13,,,3.059,
1973-03-14,,,3.069,
1973-03-15,,,2.865,
1973-03-16,,,2.905,
1973-03-19,,,2.885,
1973-03-20,,,2.895,
1973-03-21,,,2.895,
1973-03-22,,,2.895,
1973-03-23,,,2.895,
1973-03-26,,,2.865,
1973-03-27,,,2.855,
1973-03-28,,,2.805,
1973-03-29,,,2.815,
1973-03-30,,,2.865,
1973-04-02,,,2.875,
1973-04-03,,,2.865,
1973-04-04,,,2.835,
1973-04-05,,,2.815,
1973-04-06,,,2.775,
1973-04-09,,,2.755,
1973-04-10,,,2.775,
1973-04-11,,,2.785,
1973-04-12,,,2.795,
1973-04-13,,,2.765,
1973-04-16,,,1.789,
1973-04-17,,,1.809,
1973-04-18,,,1.809,
1973-04-19,,,1.829,
1973-04-23,,,1.899,
1973-04-24,,,1.829,
1973-04-25,,,1.829,
1973-04-26,,,1.849,
1973-04-27,,,1.859,
1973-04-30,,,1.869,
1973-05-01,,,1.889,
1973-05-02,,,1.929,
1973-05-03,,,1.939,
1973-05-04,,,1.959,
1973-05-07,,,1.979,
1973-05-08,,,1.969,
1973-05-09,,,1.969,
1973-05-10,,,1.979,
1973-05-11,,,1.989,
1973-05-14,,,1.999,
1973-05-15,,,1.559,
1973-05-16,,,1.539,
1973-05-17,,,1.549,
1973-05-18,,,1.559,
1973-05-21,,,1.589,
1973-05-22,,,1.599,
1973-05-23,,,1.619,
1973-05-24,,,1.609,
1973-05-25,,,1.609,
1973-05-29,,,1.629,
1973-05-30,,,1.629,
1973-05-31,,,1.629,
1973-06-01,,,1.659,
1973-06-04,,,1.679,
1973-06-05,,,1.649,
1973-06-06,,,1.589,
1973-06-07,,,1.589,
1973-06-08,,,1.569,
1973-06-11,,,1.569,
1973-06-12,,,1.559,
1973-06-13,,,1.549,
1973-06-14,,,1.549,
1973-06-15,,,1.331,
1973-06-18,,,1.341,
1973-06-19,,,1.341,
1973-06-20,,,1.361,
1973-06-21,,,1.361,
1973-06-22,,,1.381,
1973-06-25,,,1.401,
1973-06-26,,,1.401,
1973-06-27,,,1.391,
1973-06-28,,,1.391,
1973-06-29,,,1.411,
1973-07-02,,,1.481,
1973-07-03,,,1.481,
1973-07-05,,,1.481,
1973-07-06,,,1.501,
1973-07-09,,,1.521,
1973-07-10,,,1.521,
1973-07-11,,,1.521,
1973-07-12,,,1.511,
1973-07-13,,,1.521,
1973-07-16,,,1.065,
1973-07-17,,,1.065,
1973-07-18,,,1.075,
1973-07-19,,,1.115,
1973-07-20,,,1.175,
1973-07-23,,,1.175,
1973-07-24,,,1.195,
1973-07-25,,,1.195,
1973-07-26,,,1.285,
1973-07-27,,,1.355,
1973-07-30,,,1.375,
1973-07-31,,,1.435,
1973-08-01,,,1.555,
1973-08-02,,,1.525,
1973-08-03,,,1.535,
1973-08-06,,,1.545,
1973-08-07,,,1.585,
1973-08-08,,,1.525,
1973-08-09,,,1.545,
1973-08-10,,,1.525,
1973-08-13,,,1.475,
1973-08-14,,,1.465,
1973-08-15,,,1.708,
1973-08-16,,,1.628,
1973-08-17,,,1.538,
1973-08-20,,,1.638,
1973-08-21,,,1.618,
1973-08-22,,,1.648,
1973-08-23,,,1.568,
1973-08-24,,,1.488,
1973-08-27,,,1.518,
1973-08-28,,,1.548,
1973-08-29,,,1.518,
1973-08-30,,,1.508,
1973-08-31,,,1.508,
1973-09-04,,,1.468,
1973-09-05,,,1.368,
1973-09-06,,,1.358,
1973-09-07,,,1.368,
1973-09-10,,,1.418,
1973-09-11,,,1.448,
1973-09-12,,,1.458,
1973-09-13,,,1.468,
1973-09-14,,,1.468,
1973-09-17,,,-0.239,
1973-09-18,,,-0.319,
1973-09-19,,,-0.299,
1973-09-20,,,-0.309,
1973-09-21,,,-0.379,
1973-09-24,,,-0.399,
1973-09-25,,,-0.439,
1973-09-26,,,-0.429,
1973-09-27,,,-0.459,
1973-09-28,,,-0.499,
1973-10-01,,,-0.489,
1973-10-02,,,-0.509,
1973-10-03,,,-0.499,
1973-10-04,,,-0.519,
1973-10-05,,,-0.539,
1973-10-09,,,-0.619,
1973-10-10,,,-0.629,
1973-10-11,,,-0.619,
1973-10-12,,,-0.649,
1973-10-15,,,-0.593,
1973-10-16,,,-0.553,
1973-10-17,,,-0.543,
1973-10-18,,,-0.553,
1973-10-19,,,-0.563,
1973-10-23,,,-0.563,
1973-10-24,,,-0.613,
1973-10-25,,,-0.633,
1973-10-26,,,-0.643,
1973-10-29,,,-0.643,
1973-10-30,,,-0.643,
1973-10-31,,,-0.653,
1973-11-01,,,-0.653,
1973-11-02,,,-0.643,
1973-11-05,,,-0.623,
1973-11-07,,,-0.603,
1973-11-08,,,-0.593,
1973-11-09,,,-0.603,
1973-11-12,,,-0.603,
1973-11-13,,,-0.603,
1973-11-14,,,-0.573,
1973-11-15,,,-1.297,
1973-11-16,,,-1.337,
1973-11-19,,,-1.347,
1973-11-20,,,-1.337,
1973-11-21,,,-1.347,
1973-11-23,,,-1.357,
1973-11-26,,,-1.367,
1973-11-27,,,-1.357,
1973-11-28,,,-1.357,
1973-11-29,,,-1.357,
1973-11-30,,,-1.367,
1973-12-03,,,-1.367,
1973-12-04,,,-1.367,
1973-12-05,,,-1.337,
1973-12-06,,,-1.307,
1973-12-07,,,-1.317,
1973-12-10,,,-1.347,
1973-12-11,,,-1.367,
1973-12-12,,,-1.367,
1973-12-13,,,-1.377,
1973-12-14,,,-1.377,
1973-12-17,,,-1.585,
1973-12-18,,,-1.575,
1973-12-19,,,-1.545,
1973-12-20,,,-1.525,
1973-12-21,,,-1.475,
1973-12-26,,,-1.425,
1973-12-27,,,-1.375,
1973-12-28,,,-1.345,
1973-12-31,,,-1.355,
1974-01-02,,,-1.315,
1974-01-03,,,-1.295,
1974-01-04,,,-1.315,
1974-01-07,,,-1.295,
1974-01-08,,,-1.295,
1974-01-09,,,-1.295,
1974-01-10,,,-1.255,
1974-01-11,,,-1.245,
1974-01-14,,,-1.245,
1974-01-15,,,-1.951,
1974-01-16,,,-1.951,
1974-01-17,,,-1.971,
1974-01-18,,,-1.961,
1974-01-21,,,-1.951,
1974-01-22,,,-1.941,
1974-01-23,,,-1.931,
1974-01-24,,,-1.921,
1974-01-25,,,-1.921,
1974-01-28,,,-1.931,
1974-01-29,,,-1.921,
1974-01-30,,,-1.931,
1974-01-31,,,-1.941,
1974-02-01,,,-1.941,
1974-02-04,,,-1.961,
1974-02-05,,,-1.991,
1974-02-06,,,-2.011,
1974-02-07,,,-2.011,
1974-02-08,,,-2.011,
1974-02-11,,,-2.011,
1974-02-13,,,-2.011,
1974-02-14,,,-2.011,
1974-02-15,,,-2.672,
1974-02-19,,,-2.672,
1974-02-20,,,-2.642,
1974-02-21,,,-2.622,
1974-02-22,,,-2.632,
1974-02-25,,,-2.642,
1974-02-26,,,-2.622,
1974-02-27,,,-2.602,
1974-02-28,,,-2.592,
1974-03-01,,,-2.522,
1974-03-04,,,-2.512,
1974-03-05,,,-2.502,
1974-03-06,,,-2.512,
1974-03-07,,,-2.542,
1974-03-08,,,-2.542,
1974-03-11,,,-2.522,
1974-03-12,,,-2.512,
1974-03-13,,,-2.472,
1974-03-14,,,-2.472,
1974-03-15,,,-2.82,
1974-03-18,,,-2.77,
1974-03-19,,,-2.76,
1974-03-20,,,-2.73,
1974-03-21,,,-2.7,
1974-03-22,,,-2.65,
1974-03-25,,,-2.61,
1974-03-26,,,-2.62,
1974-03-27,,,-2.65,
1974-03-28,,,-2.62,
1974-03-29,,,-2.59,
1974-04-01,,,-2.58,
1974-04-02,,,-2.57,
1974-04-03,,,-2.57,
1974-04-04,,,-2.49,
1974-04-05,,,-2.46,
1974-04-08,,,-2.5,
1974-04-09,,,-2.51,
1974-04-10,,,-2.54,
1974-04-11,,,-2.55,
1974-04-15,,,-2.718,
1974-04-16,,,-2.708,
1974-04-17,,,-2.688,
1974-04-18,,,-2.638,
1974-04-19,,,-2.628,
1974-04-22,,,-2.618,
1974-04-23,,,-2.598,
1974-04-24,,,-2.558,
1974-04-25,,,-2.508,
1974-04-26,,,-2.498,
1974-04-29,,,-2.488,
1974-04-30,,,-2.478,
1974-05-01,,,-2.518,
1974-05-02,,,-2.558,
1974-05-03,,,-2.488,
1974-05-06,,,-2.488,
1974-05-07,,,-2.488,
1974-05-08,,,-2.488,
1974-05-09,,,-2.438,
1974-05-10,,,-2.508,
1974-05-13,,,-2.598,
1974-05-14,,,-2.568,
1974-05-15,,,-2.519,
1974-05-16,,,-2.529,
1974-05-17,,,-2.499,
1974-05-20,,,-2.489,
1974-05-21,,,-2.499,
1974-05-22,,,-2.509,
1974-05-23,,,-2.549,
1974-05-24,,,-2.579,
1974-05-28,,,-2.569,
1974-05-29,,,-2.549,
1974-05-30,,,-2.559,
1974-05-31,,,-2.549,
1974-06-03,,,-2.539,
1974-06-04,,,-2.549,
1974-06-05,,,-2.549,
1974-06-06,,,-2.569,
1974-06-07,,,-2.609,
1974-06-10,,,-2.599,
1974-06-11,,,-2.589,
1974-06-12,,,-2.569,
1974-06-13,,,-2.569,
1974-06-14,,,-2.569,
1974-06-17,,,-3.216,
1974-06-18,,,-3.186,
1974-06-19,,,-3.186,
1974-06-20,,,-3.156,
1974-06-21,,,-3.156,
1974-06-24,,,-3.126,
1974-06-25,,,-3.086,
1974-06-26,,,-3.086,
1974-06-27,,,-3.066,
1974-06-28,,,-3.066,
1974-07-01,,,-3.056,
1974-07-02,,,-3.056,
1974-07-03,,,-3.006,
1974-07-05,,,-2.996,
1974-07-08,,,-2.936,
1974-07-09,,,-2.896,
1974-07-10,,,-2.886,
1974-07-11,,,-2.866,
1974-07-12,,,-2.856,
1974-07-15,,,-3.0,
1974-07-16,,,-2.98,
1974-07-17,,,-2.95,
1974-07-18,,,-2.96,
1974-07-19,,,-2.99,
1974-07-22,,,-3.09,
1974-07-23,,,-3.07,
1974-07-24,,,-3.1,
1974-07-25,,,-3.11,
1974-07-26,,,-3.07,
1974-07-29,,,-3.01,
1974-07-30,,,-2.97,
1974-07-31,,,-2.97,
1974-08-01,,,-2.94,
1974-08-02,,,-2.9,
1974-08-05,,,-2.87,
1974-08-06,,,-2.89,
1974-08-07,,,-2.89,
1974-08-08,,,-2.89,
1974-08-09,,,-2.83,
1974-08-12,,,-2.81,
1974-08-13,,,-2.8,
1974-08-14,,,-2.81,
1974-08-15,,,-3.518,
1974-08-16,,,-3.538,
1974-08-19,,,-3.558,
1974-08-20,,,-3.548,
1974-08-21,,,-3.488,
1974-08-22,,,-3.448,
1974-08-23,,,-3.388,
1974-08-26,,,-3.378,
1974-08-27,,,-3.388,
1974-08-28,,,-3.388,
1974-08-29,,,-3.388,
1974-08-30,,,-3.428,
1974-09-03,,,-3.428,
1974-09-04,,,-3.418,
1974-09-05,,,-3.438,
1974-09-06,,,-3.448,
1974-09-09,,,-3.518,
1974-09-10,,,-3.498,
1974-09-11,,,-3.488,
1974-09-12,,,-3.408,
1974-09-13,,,-3.408,
1974-09-16,,,-2.789,
1974-09-17,,,-2.799,
1974-09-18,,,-2.809,
1974-09-19,,,-2.849,
1974-09-20,,,-2.869,
1974-09-23,,,-2.979,
1974-09-24,,,-2.949,
1974-09-25,,,-2.949,
1974-09-26,,,-2.929,
1974-09-27,,,-2.949,
1974-09-30,,,-2.949,
1974-10-01,,,-2.919,
1974-10-02,,,-2.909,
1974-10-03,,,-2.849,
1974-10-04,,,-2.869,
1974-10-07,,,-2.879,
1974-10-08,,,-2.939,
1974-10-09,,,-2.939,
1974-10-10,,,-2.959,
1974-10-11,,,-3.009,
1974-10-15,,,-4.077,
1974-10-16,,,-4.077,
1974-10-17,,,-4.067,
1974-10-18,,,-4.087,
1974-10-21,,,-4.137,
1974-10-22,,,-4.137,
1974-10-23,,,-4.097,
1974-10-24,,,-4.077,
1974-10-25,,,-4.087,
1974-10-28,,,-4.067,
1974-10-29,,,-4.107,
1974-10-30,,,-4.137,
1974-10-31,,,-4.157,
1974-11-01,,,-4.147,
1974-11-04,,,-4.147,
1974-11-06,,,-4.187,
1974-11-07,,,-4.207,
1974-11-08,,,-4.227,
1974-11-12,,,-4.167,
1974-11-13,,,-4.197,
1974-11-14,,,-4.227,
1974-11-15,,,-4.232,
1974-11-18,,,-4.212,
1974-11-19,,,-4.212,
1974-11-20,,,-4.252,
1974-11-21,,,-4.242,
1974-11-22,,,-4.242,
1974-11-25,,,-4.222,
1974-11-26,,,-4.212,
1974-11-27,,,-4.202,
1974-11-29,,,-4.202,
1974-12-02,,,-4.132,
1974-12-03,,,-4.102,
1974-12-04,,,-4.162,
1974-12-05,,,-4.202,
1974-12-06,,,-4.252,
1974-12-09,,,-4.442,
1974-12-10,,,-4.422,
1974-12-11,,,-4.462,
1974-12-12,,,-4.452,
1974-12-13,,,-4.462,
1974-12-16,,,-4.86,
1974-12-17,,,-4.92,
1974-12-18,,,-4.95,
1974-12-19,,,-4.95,
1974-12-20,,,-4.93,
1974-12-23,,,-4.79,
1974-12-24,,,-4.77,
1974-12-26,,,-4.83,
1974-12-27,,,-4.81,
1974-12-30,,,-4.81,
1974-12-31,,,-4.8,
1975-01-02,,,-4.78,
1975-01-03,,,-4.77,
1975-01-06,,,-4.81,
1975-01-07,,,-4.82,
1975-01-08,,,-4.81,
1975-01-09,,,-4.85,
1975-01-10,,,-4.83,
1975-01-13,,,-4.74,
1975-01-14,,,-4.71,
1975-01-15,,,-4.555,
1975-01-16,,,-4.555,
1975-01-17,,,-4.565,
1975-01-20,,,-4.505,
1975-01-21,,,-4.545,
1975-01-22,,,-4.585,
1975-01-23,,,-4.525,
1975-01-24,,,-4.455,
1975-01-27,,,-4.485,
1975-01-28,,,-4.485,
1975-01-29,,,-4.505,
1975-01-30,,,-4.555,
1975-01-31,,,-4.565,
1975-02-03,,,-4.605,
1975-02-04,,,-4.625,
1975-02-05,,,-4.745,
1975-02-06,,,-4.665,
1975-02-07,,,-4.715,
1975-02-10,,,-4.645,
1975-02-11,,,-4.675,
1975-02-13,,,-4.655,
1975-02-14,,,-4.745,
1975-02-18,,,-4.472,
1975-02-19,,,-4.492,
1975-02-20,,,-4.452,
1975-02-21,,,-4.532,
1975-02-24,,,-4.392,
1975-02-25,,,-4.322,
1975-02-26,,,-4.252,
1975-02-27,,,-4.282,
1975-02-28,,,-4.292,
1975-03-03,,,-4.252,
1975-03-04,,,-4.222,
1975-03-05,,,-4.272,
1975-03-06,,,-4.262,
1975-03-07,,,-4.232,
1975-03-10,,,-4.192,
1975-03-11,,,-4.172,
1975-03-12,,,-4.172,
1975-03-13,,,-4.192,
1975-03-14,,,-4.172,
1975-03-17,,,-3.505,
1975-03-18,,,-3.505,
1975-03-19,,,-3.405,
1975-03-20,,,-3.255,
1975-03-21,,,-3.365,
1975-03-24,,,-3.155,
1975-03-25,,,-3.175,
1975-03-26,,,-3.185,
1975-03-27,,,-3.125,
1975-03-31,,,-3.195,
1975-04-01,,,-3.125,
1975-04-02,,,-2.985,
1975-04-03,,,-3.075,
1975-04-04,,,-3.055,
1975-04-07,,,-2.945,
1975-04-08,,,-2.995,
1975-04-09,,,-3.035,
1975-04-10,,,-3.015,
1975-04-11,,,-2.985,
1975-04-14,,,-3.045,
1975-04-15,,,-2.3,
1975-04-16,,,-2.31,
1975-04-17,,,-2.25,
1975-04-18,,,-2.19,
1975-04-21,,,-2.14,
1975-04-22,,,-2.14,
1975-04-23,,,-2.19,
1975-04-24,,,-2.21,
1975-04-25,,,-2.21,
1975-04-28,,,-2.11,
1975-04-29,,,-2.12,
1975-04-30,,,-2.15,
1975-05-01,,,-2.15,
1975-05-02,,,-2.35,
1975-05-05,,,-2.38,
1975-05-06,,,-2.35,
1975-05-07,,,-2.39,
1975-05-08,,,-2.37,
1975-05-09,,,-2.38,
1975-05-12,,,-2.39,
1975-05-13,,,-2.4,
1975-05-14,,,-2.44,
1975-05-15,,,-2.167,
1975-05-16,,,-2.177,
1975-05-19,,,-2.187,
1975-05-20,,,-2.207,
1975-05-21,,,-2.207,
1975-05-22,,,-2.167,
1975-05-23,,,-2.167,
1975-05-27,,,-2.207,
1975-05-28,,,-2.167,
1975-05-29,,,-2.007,
1975-05-30,,,-2.147,
1975-06-02,,,-2.167,
1975-06-03,,,-2.187,
1975-06-04,,,-2.197,
1975-06-05,,,-2.217,
1975-06-06,,,-2.307,
1975-06-09,,,-2.407,
1975-06-10,,,-2.417,
1975-06-11,,,-2.537,
1975-06-12,,,-2.517,
1975-06-13,,,-2.497,
1975-06-16,,,-1.599,
1975-06-17,,,-1.539,
1975-06-18,,,-1.429,
1975-06-19,,,-1.459,
1975-06-20,,,-1.319,
1975-06-23,,,-1.359,
1975-06-24,,,-1.359,
1975-06-25,,,-1.239,
1975-06-26,,,-1.279,
1975-06-27,,,-1.309,
1975-06-30,,,-1.299,
1975-07-01,,,-1.289,
1975-07-02,,,-1.209,
1975-07-03,,,-1.209,
1975-07-07,,,-1.199,
1975-07-08,,,-1.249,
1975-07-09,,,-1.239,
1975-07-10,,,-1.239,
1975-07-11,,,-1.269,
1975-07-14,,,-1.269,
1975-07-15,,,-1.204,
1975-07-16,,,-1.154,
1975-07-17,,,-1.144,
1975-07-18,,,-1.124,
1975-07-21,,,-1.114,
1975-07-22,,,-1.084,
1975-07-23,,,-1.094,
1975-07-24,,,-1.094,
1975-07-25,,,-1.064,
1975-07-28,,,-1.064,
1975-07-29,,,-1.054,
1975-07-30,,,-1.024,
1975-07-31,,,-0.984,
1975-08-01,,,-0.924,
1975-08-04,,,-0.814,
1975-08-05,,,-0.814,
1975-08-06,,,-0.784,
1975-08-07,,,-0.704,
1975-08-08,,,-0.784,
1975-08-11,,,-0.804,
1975-08-12,,,-0.784,
1975-08-13,,,-0.794,
1975-08-14,,,-0.734,
1975-08-15,,,-1.053,
1975-08-18,,,-1.073,
1975-08-19,,,-1.113,
1975-08-20,,,-1.113,
1975-08-21,,,-1.053,
1975-08-22,,,-1.073,
1975-08-25,,,-1.073,
1975-08-26,,,-1.133,
1975-08-27,,,-1.163,
1975-08-28,,,-1.253,
1975-08-29,,,-1.313,
1975-09-02,,,-1.273,
1975-09-03,,,-1.243,
1975-09-04,,,-1.243,
1975-09-05,,,-1.183,
1975-09-08,,,-1.173,
1975-09-09,,,-1.133,
1975-09-10,,,-1.073,
1975-09-11,,,-0.983,
1975-09-12,,,-0.963,
1975-09-15,,,-0.037,
1975-09-16,,,-0.027,
1975-09-17,,,-0.087,
1975-09-18,,,-0.117,
1975-09-19,,,-0.197,
1975-09-22,,,-0.237,
1975-09-23,,,-0.267,
1975-09-24,,,-0.307,
1975-09-25,,,-0.237,
1975-09-26,,,-0.167,
1975-09-29,,,-0.157,
1975-09-30,,,-0.137,
1975-10-01,,,-0.147,
1975-10-02,,,-0.177,
1975-10-03,,,-0.287,
1975-10-06,,,-0.317,
1975-10-07,,,-0.287,
1975-10-08,,,-0.317,
1975-10-09,,,-0.387,
1975-10-10,,,-0.467,
1975-10-14,,,-0.427,
1975-10-15,,,0.285,
1975-10-16,,,0.165,
1975-10-17,,,0.165,
1975-10-20,,,0.165,
1975-10-21,,,0.145,
1975-10-22,,,0.145,
1975-10-23,,,0.085,
1975-10-24,,,0.095,
1975-10-27,,,0.095,
1975-10-28,,,0.085,
1975-10-29,,,0.075,
1975-10-30,,,0.015,
1975-10-31,,,0.005,
1975-11-03,,,0.065,
1975-11-05,,,0.005,
1975-11-06,,,0.035,
1975-11-07,,,0.005,
1975-11-10,,,-0.005,
1975-11-12,,,0.045,
1975-11-13,,,0.065,
1975-11-14,,,0.155,
1975-11-17,,,0.433,
1975-11-18,,,0.483,
1975-11-19,,,0.493,
1975-11-20,,,0.473,
1975-11-21,,,0.563,
1975-11-24,,,0.513,
1975-11-25,,,0.513,
1975-11-26,,,0.503,
1975-11-28,,,0.493,
1975-12-01,,,0.473,
1975-12-02,,,0.453,
1975-12-03,,,0.453,
1975-12-04,,,0.503,
1975-12-05,,,0.483,
1975-12-08,,,0.543,
1975-12-09,,,0.583,
1975-12-10,,,0.583,
1975-12-11,,,0.513,
1975-12-12,,,0.473,
1975-12-15,,,0.681,
1975-12-16,,,0.621,
1975-12-17,,,0.571,
1975-12-18,,,0.581,
1975-12-19,,,0.501,
1975-12-22,,,0.491,
1975-12-23,,,0.491,
1975-12-24,,,0.441,
1975-12-26,,,0.371,
1975-12-29,,,0.371,
1975-12-30,,,0.351,
1975-12-31,,,0.381,
1976-01-02,,,0.391,
1976-01-05,,,0.361,
1976-01-06,,,0.261,
1976-01-07,,,0.311,
1976-01-08,,,0.361,
1976-01-09,,,0.261,
1976-01-12,,,0.251,
1976-01-13,,,0.261,
1976-01-14,,,0.331,
1976-01-15,,,0.601,
1976-01-16,,,0.661,
1976-01-19,,,0.631,
1976-01-20,,,0.581,
1976-01-21,,,0.651,
1976-01-22,,,0.671,
1976-01-23,,,0.651,
1976-01-26,,,0.661,
1976-01-27,,,0.671,
1976-01-28,,,0.701,
1976-01-29,,,0.691,
1976-01-30,,,0.671,
1976-02-02,,,0.671,
1976-02-03,,,0.691,
1976-02-04,,,0.721,
1976-02-05,,,0.701,
1976-02-06,,,0.751,
1976-02-09,,,0.731,
1976-02-10,,,0.751,
1976-02-11,,,0.721,
1976-02-13,,,0.691,
1976-02-17,,,1.088,
1976-02-18,,,1.098,
1976-02-19,,,1.108,
1976-02-20,,,1.078,
1976-02-23,,,1.028,
1976-02-24,,,0.998,
1976-02-25,,,0.988,
1976-02-26,,,0.988,
1976-02-27,,,1.078,
1976-03-01,,,1.168,
1976-03-02,,,1.128,
1976-03-03,,,1.128,
1976-03-04,,,1.158,
1976-03-05,,,1.108,
1976-03-08,,,1.068,
1976-03-09,,,1.088,
1976-03-10,,,1.068,
1976-03-11,,,1.078,
1976-03-12,,,1.018,
1976-03-15,,,1.466,
1976-03-16,,,1.486,
1976-03-17,,,1.486,
1976-03-18,,,1.456,
1976-03-19,,,1.466,
1976-03-22,,,1.406,
1976-03-23,,,1.396,
1976-03-24,,,1.376,
1976-03-25,,,1.366,
1976-03-26,,,1.366,
1976-03-29,,,1.366,
1976-03-30,,,1.376,
1976-03-31,,,1.386,
1976-04-01,,,1.406,
1976-04-02,,,1.396,
1976-04-05,,,1.346,
1976-04-06,,,1.316,
1976-04-07,,,1.286,
1976-04-08,,,1.276,
1976-04-09,,,1.246,
1976-04-12,,,1.246,
1976-04-13,,,1.226,
1976-04-14,,,1.196,
1976-04-15,,,1.409,
1976-04-19,,,1.449,
1976-04-20,,,1.439,
1976-04-21,,,1.409,
1976-04-22,,,1.459,
1976-04-23,,,1.529,
1976-04-26,,,1.549,
1976-04-27,,,1.559,
1976-04-28,,,1.539,
1976-04-29,,,1.549,
1976-04-30,,,1.609,
1976-05-03,,,1.629,
1976-05-04,,,1.599,
1976-05-05,,,1.619,
1976-05-06,,,1.719,
1976-05-07,,,1.809,
1976-05-10,,,1.859,
1976-05-11,,,1.859,
1976-05-12,,,1.879,
1976-05-13,,,1.859,
1976-05-14,,,1.869,
1976-05-17,,,2.091,
1976-05-18,,,2.091,
1976-05-19,,,2.091,
1976-05-20,,,2.101,
1976-05-21,,,2.151,
1976-05-24,,,2.131,
1976-05-25,,,2.091,
1976-05-26,,,2.101,
1976-05-27,,,2.141,
1976-05-28,,,2.111,
1976-06-01,,,2.091,
1976-06-02,,,2.091,
1976-06-03,,,2.071,
1976-06-04,,,2.041,
1976-06-07,,,2.031,
1976-06-08,,,2.051,
1976-06-09,,,2.051,
1976-06-10,,,2.011,
1976-06-11,,,2.011,
1976-06-14,,,1.991,
1976-06-15,,,1.635,
1976-06-16,,,1.655,
1976-06-17,,,1.635,
1976-06-18,,,1.595,
1976-06-21,,,1.585,
1976-06-22,,,1.595,
1976-06-23,,,1.595,
1976-06-24,,,1.595,
1976-06-25,,,1.615,
1976-06-28,,,1.645,
1976-06-29,,,1.645,
1976-06-30,,,1.645,
1976-07-01,,,1.665,
1976-07-02,,,1.625,
1976-07-06,,,1.605,
1976-07-07,,,1.625,
1976-07-08,,,1.605,
1976-07-09,,,1.565,
1976-07-12,,,1.545,
1976-07-13,,,1.555,
1976-07-14,,,1.575,
1976-07-15,,,1.789,
1976-07-16,,,1.849,
1976-07-19,,,1.879,
1976-07-20,,,1.889,
1976-07-21,,,1.879,
1976-07-22,,,1.879,
1976-07-23,,,1.859,
1976-07-26,,,1.889,
1976-07-27,,,1.869,
1976-07-28,,,1.869,
1976-07-29,,,1.869,
1976-07-30,,,1.879,
1976-08-02,,,1.869,
1976-08-03,,,1.839,
1976-08-04,,,1.829,
1976-08-05,,,1.839,
1976-08-06,,,1.859,
1976-08-09,,,1.859,
1976-08-10,,,1.859,
1976-08-11,,,1.839,
1976-08-12,,,1.829,
1976-08-13,,,1.799,
1976-08-16,,,2.184,
1976-08-17,,,2.194,
1976-08-18,,,2.204,
1976-08-19,,,2.204,
1976-08-20,,,2.204,
1976-08-23,,,2.174,
1976-08-24,,,2.164,
1976-08-25,,,2.134,
1976-08-26,,,2.124,
1976-08-27,,,2.164,
1976-08-30,,,2.154,
1976-08-31,,,2.104,
1976-09-01,,,2.084,
1976-09-02,,,2.114,
1976-09-03,,,2.094,
1976-09-07,,,2.084,
1976-09-08,,,2.084,
1976-09-09,,,2.104,
1976-09-10,,,2.084,
1976-09-13,,,2.084,
1976-09-14,,,2.084,
1976-09-15,,,1.9,
1976-09-16,,,1.88,
1976-09-17,,,1.77,
1976-09-20,,,1.8,
1976-09-21,,,1.79,
1976-09-22,,,1.81,
1976-09-23,,,1.82,
1976-09-24,,,1.86,
1976-09-27,,,1.88,
1976-09-28,,,1.84,
1976-09-29,,,1.84,
1976-09-30,,,1.83,
1976-10-01,,,1.77,
1976-10-04,,,1.74,
1976-10-05,,,1.75,
1976-10-06,,,1.72,
1976-10-07,,,1.71,
1976-10-08,,,1.66,
1976-10-12,,,1.63,
1976-10-13,,,1.63,
1976-10-14,,,1.62,
1976-10-15,,,1.815,
1976-10-18,,,1.815,
1976-10-19,,,1.855,
1976-10-20,,,1.885,
1976-10-21,,,1.895,
1976-10-22,,,1.985,
1976-10-25,,,2.035,
1976-10-26,,,1.985,
1976-10-27,,,1.955,
1976-10-28,,,1.915,
1976-10-29,,,1.925,
1976-11-01,,,1.885,
1976-11-03,,,1.945,
1976-11-04,,,1.885,
1976-11-05,,,1.915,
1976-11-08,,,1.965,
1976-11-09,,,1.965,
1976-11-10,,,1.955,
1976-11-12,,,1.935,
1976-11-15,,,1.946,
1976-11-16,,,1.866,
1976-11-17,,,1.856,
1976-11-18,,,1.866,
1976-11-19,,,1.776,
1976-11-22,,,1.706,
1976-11-23,,,1.696,
1976-11-24,,,1.676,
1976-11-26,,,1.526,
1976-11-29,,,1.556,
1976-11-30,,,1.546,
1976-12-01,,,1.506,
1976-12-02,,,1.456,
1976-12-03,,,1.396,
1976-12-06,,,1.406,
1976-12-07,,,1.416,
1976-12-08,,,1.446,
1976-12-09,,,1.456,
1976-12-10,,,1.356,
1976-12-13,,,1.436,
1976-12-14,,,1.426,
1976-12-15,,,1.817,
1976-12-16,,,1.817,
1976-12-17,,,1.817,
1976-12-20,,,1.777,
1976-12-21,,,1.787,
1976-12-22,,,1.797,
1976-12-23,,,1.777,
1976-12-27,,,1.777,
1976-12-28,,,1.797,
1976-12-29,,,1.777,
1976-12-30,,,1.737,
1976-12-31,,,1.747,
1977-01-03,,,1.777,
1977-01-04,,,1.837,
1977-01-05,,,1.817,
1977-01-06,,,1.867,
1977-01-07,,,2.007,
1977-01-10,,,2.137,
1977-01-11,,,2.217,
1977-01-12,,,2.197,
1977-01-13,,,2.117,
1977-01-14,,,2.217,
1977-01-17,,,2.244,
1977-01-18,,,2.304,
1977-01-19,,,2.244,
1977-01-20,,,2.224,
1977-01-21,,,2.244,
1977-01-24,,,2.304,
1977-01-25,,,2.284,
1977-01-26,,,2.294,
1977-01-27,,,2.394,
1977-01-28,,,2.364,
1977-01-31,,,2.364,
1977-02-01,,,2.374,
1977-02-02,,,2.434,
1977-02-03,,,2.424,
1977-02-04,,,2.244,
1977-02-07,,,2.304,
1977-02-08,,,2.314,
1977-02-09,,,2.304,
1977-02-10,,,2.304,
1977-02-11,,,2.324,
1977-02-14,,,2.344,
1977-02-15,,,2.163,
1977-02-16,,,2.143,
1977-02-17,,,2.063,
1977-02-18,,,2.213,
1977-02-22,,,2.223,
1977-02-23,,,2.283,
1977-02-24,,,2.303,
1977-02-25,,,2.283,
1977-02-28,,,2.253,
1977-03-01,,,2.293,
1977-03-02,,,2.253,
1977-03-03,,,2.233,
1977-03-04,,,2.283,
1977-03-07,,,2.303,
1977-03-08,,,2.323,
1977-03-09,,,2.303,
1977-03-10,,,2.293,
1977-03-11,,,2.243,
1977-03-14,,,2.253,
1977-03-15,,,1.358,
1977-03-16,,,1.358,
1977-03-17,,,1.388,
1977-03-18,,,1.358,
1977-03-21,,,1.348,
1977-03-22,,,1.348,
1977-03-23,,,1.358,
1977-03-24,,,1.378,
1977-03-25,,,1.398,
1977-03-28,,,1.388,
1977-03-29,,,1.388,
1977-03-30,,,1.358,
1977-03-31,,,1.338,
1977-04-01,,,1.348,
1977-04-04,,,1.358,
1977-04-05,,,1.388,
1977-04-06,,,1.378,
1977-04-07,,,1.348,
1977-04-11,,,1.308,
1977-04-12,,,1.308,
1977-04-13,,,1.278,
1977-04-14,,,1.138,
1977-04-15,,,0.821,
1977-04-18,,,0.821,
1977-04-19,,,0.871,
1977-04-20,,,0.891,
1977-04-21,,,0.901,
1977-04-22,,,0.931,
1977-04-25,,,0.971,
1977-04-26,,,0.951,
1977-04-27,,,0.951,
1977-04-28,,,0.971,
1977-04-29,,,1.021,
1977-05-02,,,1.021,
1977-05-03,,,1.011,
1977-05-04,,,1.021,
1977-05-05,,,1.041,
1977-05-06,,,1.071,
1977-05-09,,,1.071,
1977-05-10,,,1.091,
1977-05-11,,,1.091,
1977-05-12,,,1.071,
1977-05-13,,,1.051,
1977-05-16,,,0.508,
1977-05-17,,,0.498,
1977-05-18,,,0.478,
1977-05-19,,,0.538,
1977-05-20,,,0.538,
1977-05-23,,,0.508,
1977-05-24,,,0.458,
1977-05-25,,,0.438,
1977-05-26,,,0.468,
1977-05-27,,,0.428,
1977-05-31,,,0.428,
1977-06-01,,,0.428,
1977-06-02,,,0.438,
1977-06-03,,,0.408,
1977-06-06,,,0.418,
1977-06-07,,,0.408,
1977-06-08,,,0.408,
1977-06-09,,,0.398,
1977-06-10,,,0.348,
1977-06-13,,,0.318,
1977-06-14,,,0.268,
1977-06-15,,,0.492,
1977-06-16,,,0.502,
1977-06-17,,,0.502,
1977-06-20,,,0.532,
1977-06-21,,,0.522,
1977-06-22,,,0.512,
1977-06-23,,,0.522,
1977-06-24,,,0.462,
1977-06-27,,,0.462,
1977-06-28,,,0.422,
1977-06-29,,,0.452,
1977-06-30,,,0.462,
1977-07-01,,,0.602,
1977-07-05,,,0.612,
1977-07-06,,,0.632,
1977-07-07,,,0.552,
1977-07-08,,,0.572,
1977-07-11,,,0.592,
1977-07-12,,,0.582,
1977-07-13,,,0.542,
1977-07-15,,,0.608,
1977-07-18,,,0.638,
1977-07-19,,,0.628,
1977-07-20,,,0.618,
1977-07-21,,,0.618,
1977-07-22,,,0.608,
1977-07-25,,,0.578,
1977-07-26,,,0.578,
1977-07-27,,,0.658,
1977-07-28,,,0.708,
1977-07-29,,,0.718,
1977-08-01,,,0.728,
1977-08-02,,,0.738,
1977-08-03,,,0.718,
1977-08-04,,,0.728,
1977-08-05,,,0.718,
1977-08-08,,,0.708,
1977-08-09,,,0.748,
1977-08-10,,,0.758,
1977-08-11,,,0.768,
1977-08-12,,,0.778,
1977-08-15,,,0.813,
1977-08-16,,,0.813,
1977-08-17,,,0.773,
1977-08-18,,,0.753,
1977-08-19,,,0.733,
1977-08-22,,,0.723,
1977-08-23,,,0.693,
1977-08-24,,,0.683,
1977-08-25,,,0.653,
1977-08-26,,,0.603,
1977-08-29,,,0.583,
1977-08-30,,,0.603,
1977-08-31,,,0.613,
1977-09-01,,,0.633,
1977-09-02,,,0.573,
1977-09-06,,,0.573,
1977-09-07,,,0.593,
1977-09-08,,,0.613,
1977-09-09,,,0.693,
1977-09-12,,,0.713,
1977-09-13,,,0.703,
1977-09-14,,,0.673,
1977-09-15,,,0.698,
1977-09-16,,,0.688,
1977-09-19,,,0.688,
1977-09-20,,,0.728,
1977-09-21,,,0.728,
1977-09-22,,,0.758,
1977-09-23,,,0.758,
1977-09-26,,,0.788,
1977-09-27,,,0.748,
1977-09-28,,,0.748,
1977-09-29,,,0.758,
1977-09-30,,,0.778,
1977-10-03,,,0.778,
1977-10-04,,,0.768,
1977-10-05,,,0.768,
1977-10-06,,,0.808,
1977-10-07,,,0.848,
1977-10-11,,,0.908,
1977-10-12,,,0.908,
1977-10-13,,,0.908,
1977-10-14,,,0.908,
1977-10-17,,,1.126,
1977-10-18,,,1.126,
1977-10-19,,,1.116,
1977-10-20,,,1.116,
1977-10-21,,,1.126,
1977-10-24,,,1.136,
1977-10-25,,,1.156,
1977-10-26,,,1.146,
1977-10-27,,,1.136,
1977-10-28,,,1.136,
1977-10-31,,,1.196,
1977-11-01,,,1.206,
1977-11-02,,,1.266,
1977-11-03,,,1.256,
1977-11-04,,,1.216,
1977-11-07,,,1.196,
1977-11-09,,,1.176,
1977-11-10,,,1.166,
1977-11-14,,,1.136,
1977-11-15,,,1.17,
1977-11-16,,,1.16,
1977-11-17,,,1.15,
1977-11-18,,,1.15,
1977-11-21,,,1.17,
1977-11-22,,,1.15,
1977-11-23,,,1.13,
1977-11-25,,,1.13,
1977-11-28,,,1.14,
1977-11-29,,,1.16,
1977-11-30,,,1.16,
1977-12-01,,,1.19,
1977-12-02,,,1.2,
1977-12-05,,,1.21,
1977-12-06,,,1.24,
1977-12-07,,,1.24,
1977-12-08,,,1.25,
1977-12-09,,,1.24,
1977-12-12,,,1.25,
1977-12-13,,,1.26,
1977-12-14,,,1.27,
1977-12-15,,,0.957,
1977-12-16,,,0.957,
1977-12-19,,,0.977,
1977-12-20,,,1.027,
1977-12-21,,,1.007,
1977-12-22,,,1.037,
1977-12-23,,,1.037,
1977-12-27,,,1.057,
1977-12-28,,,1.067,
1977-12-29,,,1.107,
1977-12-30,,,1.067,
1978-01-03,,,1.117,
1978-01-04,,,1.107,
1978-01-05,,,1.117,
1978-01-06,,,1.137,
1978-01-09,,,1.297,
1978-01-10,,,1.307,
1978-01-11,,,1.317,
1978-01-12,,,1.307,
1978-01-13,,,1.267,
1978-01-16,,,1.302,
1978-01-17,,,1.302,
1978-01-18,,,1.302,
1978-01-19,,,1.292,
1978-01-20,,,1.292,
1978-01-23,,,1.292,
1978-01-24,,,1.312,
1978-01-25,,,1.322,
1978-01-26,,,1.302,
1978-01-27,,,1.292,
1978-01-30,,,1.282,
1978-01-31,,,1.262,
1978-02-01,,,1.282,
1978-02-02,,,1.282,
1978-02-03,,,1.292,
1978-02-06,,,1.312,
1978-02-07,,,1.312,
1978-02-08,,,1.322,
1978-02-09,,,1.332,
1978-02-10,,,1.342,
1978-02-14,,,1.372,
1978-02-15,,,1.266,
1978-02-16,,,1.286,
1978-02-17,,,1.276,
1978-02-21,,,1.286,
1978-02-22,,,1.286,
1978-02-23,,,1.266,
1978-02-24,,,1.226,
1978-02-27,,,1.206,
1978-02-28,,,1.226,
1978-03-01,,,1.236,
1978-03-02,,,1.226,
1978-03-03,,,1.226,
1978-03-06,,,1.236,
1978-03-07,,,1.216,
1978-03-08,,,1.216,
1978-03-09,,,1.206,
1978-03-10,,,1.186,
1978-03-13,,,1.176,
1978-03-14,,,1.176,
1978-03-15,,,1.761,
1978-03-16,,,1.761,
1978-03-17,,,1.761,
1978-03-20,,,1.731,
1978-03-21,,,1.731,
1978-03-22,,,1.741,
1978-03-23,,,1.771,
1978-03-27,,,1.881,
1978-03-28,,,1.881,
1978-03-29,,,1.871,
1978-03-30,,,1.881,
1978-03-31,,,1.911,
1978-04-03,,,1.891,
1978-04-04,,,1.881,
1978-04-05,,,1.901,
1978-04-06,,,1.921,
1978-04-07,,,1.901,
1978-04-10,,,1.911,
1978-04-11,,,1.921,
1978-04-12,,,1.921,
1978-04-13,,,1.911,
1978-04-14,,,1.881,
1978-04-17,,,1.704,
1978-04-18,,,1.704,
1978-04-19,,,1.754,
1978-04-20,,,1.764,
1978-04-21,,,1.784,
1978-04-24,,,1.804,
1978-04-25,,,1.804,
1978-04-26,,,1.844,
1978-04-27,,,1.864,
1978-04-28,,,1.864,
1978-05-01,,,1.864,
1978-05-02,,,1.874,
1978-05-03,,,1.904,
1978-05-04,,,1.894,
1978-05-05,,,1.964,
1978-05-08,,,1.974,
1978-05-09,,,1.964,
1978-05-10,,,1.964,
1978-05-11,,,1.964,
1978-05-12,,,1.984,
1978-05-15,,,1.85,
1978-05-16,,,1.84,
1978-05-17,,,1.83,
1978-05-18,,,1.87,
1978-05-19,,,1.88,
1978-05-22,,,1.88,
1978-05-23,,,1.87,
1978-05-24,,,1.89,
1978-05-25,,,1.9,
1978-05-26,,,1.92,
1978-05-31,,,1.92,
1978-06-01,,,1.91,
1978-06-02,,,1.89,
1978-06-05,,,1.88,
1978-06-06,,,1.87,
1978-06-07,,,1.87,
1978-06-08,,,1.88,
1978-06-09,,,1.91,
1978-06-12,,,1.9,
1978-06-13,,,1.91,
1978-06-14,,,1.91,
1978-06-15,,,1.267,
1978-06-16,,,1.287,
1978-06-19,,,1.307,
1978-06-20,,,1.327,
1978-06-21,,,1.357,
1978-06-22,,,1.357,
1978-06-23,,,1.407,
1978-06-26,,,1.447,
1978-06-27,,,1.437,
1978-06-28,,,1.427,
1978-06-29,,,1.427,
1978-06-30,,,1.477,
1978-07-03,,,1.447,
1978-07-05,,,1.477,
1978-07-06,,,1.477,
1978-07-07,,,1.517,
1978-07-10,,,1.537,
1978-07-11,,,1.537,
1978-07-12,,,1.527,
1978-07-13,,,1.537,
1978-07-14,,,1.537,
1978-07-17,,,1.212,
1978-07-18,,,1.192,
1978-07-19,,,1.182,
1978-07-20,,,1.222,
1978-07-21,,,1.232,
1978-07-24,,,1.232,
1978-07-25,,,1.232,
1978-07-26,,,1.222,
1978-07-27,,,1.142,
1978-07-28,,,1.112,
1978-07-31,,,1.122,
1978-08-01,,,1.102,
1978-08-02,,,1.002,
1978-08-03,,,0.952,
1978-08-04,,,0.942,
1978-08-07,,,0.922,
1978-08-08,,,0.912,
1978-08-09,,,0.902,
1978-08-10,,,1.012,
1978-08-11,,,1.002,
1978-08-14,,,1.012,
1978-08-15,,,0.73,
1978-08-16,,,0.82,
1978-08-17,,,0.75,
1978-08-18,,,0.73,
1978-08-21,,,0.68,
1978-08-22,,,0.68,
1978-08-23,,,0.59,
1978-08-24,,,0.62,
1978-08-25,,,0.61,
1978-08-28,,,0.62,
1978-08-29,,,0.64,
1978-08-30,,,0.69,
1978-08-31,,,0.66,
1978-09-01,,,0.65,
1978-09-05,,,0.61,
1978-09-06,,,0.62,
1978-09-07,,,0.61,
1978-09-08,,,0.61,
1978-09-11,,,0.58,
1978-09-12,,,0.56,
1978-09-13,,,0.57,
1978-09-14,,,0.59,
1978-09-15,,,0.494,
1978-09-18,,,0.514,
1978-09-19,,,0.524,
1978-09-20,,,0.604,
1978-09-21,,,0.654,
1978-09-22,,,0.704,
1978-09-25,,,0.704,
1978-09-26,,,0.674,
1978-09-27,,,0.684,
1978-09-28,,,0.684,
1978-09-29,,,0.704,
1978-10-02,,,0.724,
1978-10-03,,,0.714,
1978-10-04,,,0.734,
1978-10-05,,,0.744,
1978-10-06,,,0.724,
1978-10-10,,,0.724,
1978-10-11,,,0.704,
1978-10-12,,,0.654,
1978-10-13,,,0.664,
1978-10-16,,,0.107,
1978-10-17,,,0.117,
1978-10-18,,,0.137,
1978-10-19,,,0.157,
1978-10-20,,,0.177,
1978-10-23,,,0.177,
1978-10-24,,,0.157,
1978-10-25,,,0.167,
1978-10-26,,,0.237,
1978-10-27,,,0.297,
1978-10-30,,,0.397,
1978-10-31,,,0.477,
1978-11-01,,,0.177,
1978-11-02,,,0.247,
1978-11-03,,,0.377,
1978-11-06,,,0.367,
1978-11-08,,,0.377,
1978-11-09,,,0.387,
1978-11-10,,,0.377,
1978-11-13,,,0.347,
1978-11-14,,,0.337,
1978-11-15,,,-0.169,
1978-11-16,,,-0.209,
1978-11-17,,,-0.209,
1978-11-20,,,-0.209,
1978-11-21,,,-0.159,
1978-11-22,,,-0.159,
1978-11-24,,,-0.069,
1978-11-27,,,-0.069,
1978-11-28,,,-0.069,
1978-11-29,,,-0.069,
1978-11-30,,,-0.069,
1978-12-01,,,-0.129,
1978-12-04,,,-0.109,
1978-12-05,,,-0.079,
1978-12-06,,,-0.079,
1978-12-07,,,-0.039,
1978-12-08,,,-0.029,
1978-12-11,,,-0.029,
1978-12-12,,,-0.009,
1978-12-13,,,0.051,
1978-12-14,,,0.031,
1978-12-15,,,0.129,
1978-12-18,,,0.259,
1978-12-19,,,0.269,
1978-12-20,,,0.289,
1978-12-21,,,0.289,
1978-12-22,,,0.239,
1978-12-26,,,0.259,
1978-12-27,,,0.249,
1978-12-28,,,0.289,
1978-12-29,,,0.279,
1979-01-02,,,0.309,
1979-01-03,,,0.289,
1979-01-04,,,0.239,
1979-01-05,,,0.229,
1979-01-08,,,0.269,
1979-01-09,,,0.289,
1979-01-10,,,0.289,
1979-01-11,,,0.279,
1979-01-12,,,0.269,
1979-01-15,,,0.161,
1979-01-16,,,0.171,
1979-01-17,,,0.191,
1979-01-18,,,0.191,
1979-01-19,,,0.161,
1979-01-22,,,0.131,
1979-01-23,,,0.111,
1979-01-24,,,0.091,
1979-01-25,,,-0.009,
1979-01-26,,,-0.059,
1979-01-29,,,-0.029,
1979-01-30,,,-0.039,
1979-01-31,,,-0.039,
1979-02-01,,,-0.049,
1979-02-02,,,-0.099,
1979-02-05,,,-0.039,
1979-02-06,,,0.011,
1979-02-07,,,0.101,
1979-02-08,,,0.101,
1979-02-09,,,0.121,
1979-02-13,,,0.121,
1979-02-14,,,0.131,
1979-02-15,,,-0.13,
1979-02-16,,,-0.14,
1979-02-20,,,-0.13,
1979-02-21,,,-0.1,
1979-02-22,,,-0.05,
1979-02-23,,,-0.04,
1979-02-26,,,-0.05,
1979-02-27,,,-0.06,
1979-02-28,,,-0.08,
1979-03-01,,,-0.08,
1979-03-02,,,-0.09,
1979-03-05,,,-0.14,
1979-03-06,,,-0.11,
1979-03-07,,,-0.15,
1979-03-08,,,-0.15,
1979-03-09,,,-0.14,
1979-03-12,,,-0.14,
1979-03-13,,,-0.14,
1979-03-14,,,-0.13,
1979-03-15,,,-0.701,
1979-03-16,,,-0.721,
1979-03-19,,,-0.721,
1979-03-20,,,-0.711,
1979-03-21,,,-0.711,
1979-03-22,,,-0.721,
1979-03-23,,,-0.721,
1979-03-26,,,-0.721,
1979-03-27,,,-0.731,
1979-03-28,,,-0.771,
1979-03-29,,,-0.781,
1979-03-30,,,-0.731,
1979-04-02,,,-0.731,
1979-04-03,,,-0.741,
1979-04-04,,,-0.751,
1979-04-05,,,-0.771,
1979-04-06,,,-0.741,
1979-04-09,,,-0.701,
1979-04-10,,,-0.671,
1979-04-11,,,-0.641,
1979-04-12,,,-0.641,
1979-04-16,,,-1.062,
1979-04-17,,,-1.092,
1979-04-18,,,-1.102,
1979-04-19,,,-1.102,
1979-04-20,,,-1.062,
1979-04-23,,,-1.042,
1979-04-24,,,-1.012,
1979-04-25,,,-1.022,
1979-04-26,,,-0.982,
1979-04-27,,,-0.932,
1979-04-30,,,-0.902,
1979-05-01,,,-0.892,
1979-05-02,,,-0.912,
1979-05-03,,,-0.872,
1979-05-04,,,-0.862,
1979-05-07,,,-0.862,
1979-05-08,,,-0.872,
1979-05-09,,,-0.892,
1979-05-10,,,-0.892,
1979-05-11,,,-0.912,
1979-05-14,,,-0.952,
1979-05-15,,,-1.165,
1979-05-16,,,-1.175,
1979-05-17,,,-1.245,
1979-05-18,,,-1.255,
1979-05-21,,,-1.245,
1979-05-22,,,-1.335,
1979-05-23,,,-1.415,
1979-05-24,,,-1.425,
1979-05-25,,,-1.475,
1979-05-29,,,-1.475,
1979-05-31,,,-1.425,
1979-06-01,,,-1.435,
1979-06-04,,,-1.425,
1979-06-05,,,-1.465,
1979-06-06,,,-1.515,
1979-06-07,,,-1.595,
1979-06-08,,,-1.585,
1979-06-11,,,-1.545,
1979-06-12,,,-1.695,
1979-06-13,,,-1.655,
1979-06-14,,,-1.615,
1979-06-15,,,-1.738,
1979-06-18,,,-1.748,
1979-06-19,,,-1.748,
1979-06-20,,,-1.758,
1979-06-21,,,-1.768,
1979-06-22,,,-1.718,
1979-06-25,,,-1.768,
1979-06-26,,,-1.878,
1979-06-27,,,-1.898,
1979-06-28,,,-1.898,
1979-06-29,,,-1.888,
1979-07-02,,,-1.938,
1979-07-03,,,-1.928,
1979-07-05,,,-1.898,
1979-07-06,,,-1.878,
1979-07-09,,,-1.838,
1979-07-10,,,-1.778,
1979-07-11,,,-1.728,
1979-07-12,,,-1.748,
1979-07-13,,,-1.758,
1979-07-16,,,-2.087,
1979-07-17,,,-2.067,
1979-07-18,,,-2.047,
1979-07-19,,,-2.037,
1979-07-20,,,-2.097,
1979-07-23,,,-2.047,
1979-07-24,,,-2.017,
1979-07-25,,,-2.087,
1979-07-26,,,-2.107,
1979-07-27,,,-2.057,
1979-07-30,,,-2.047,
1979-07-31,,,-2.067,
1979-08-01,,,-2.087,
1979-08-02,,,-2.167,
1979-08-03,,,-2.157,
1979-08-06,,,-2.167,
1979-08-07,,,-2.167,
1979-08-08,,,-2.147,
1979-08-09,,,-2.107,
1979-08-10,,,-2.077,
1979-08-13,,,-2.077,
1979-08-14,,,-2.097,
1979-08-15,,,-2.45,
1979-08-16,,,-2.45,
1979-08-17,,,-2.44,
1979-08-20,,,-2.43,
1979-08-21,,,-2.41,
1979-08-22,,,-2.41,
1979-08-23,,,-2.4,
1979-08-24,,,-2.31,
1979-08-27,,,-2.33,
1979-08-28,,,-2.3,
1979-08-29,,,-2.31,
1979-08-30,,,-2.24,
1979-08-31,,,-2.21,
1979-09-04,,,-2.13,
1979-09-05,,,-2.13,
1979-09-06,,,-2.1,
1979-09-07,,,-2.11,
1979-09-10,,,-2.09,
1979-09-11,,,-2.2,
1979-09-12,,,-2.15,
1979-09-13,,,-2.11,
1979-09-14,,,-2.16,
1979-09-17,,,-2.466,
1979-09-18,,,-2.476,
1979-09-19,,,-2.526,
1979-09-20,,,-2.546,
1979-09-21,,,-2.576,
1979-09-24,,,-2.496,
1979-09-25,,,-2.516,
1979-09-26,,,-2.476,
1979-09-27,,,-2.396,
1979-09-28,,,-2.396,
1979-10-01,,,-2.326,
1979-10-02,,,-2.366,
1979-10-03,,,-2.336,
1979-10-04,,,-2.256,
1979-10-05,,,-2.236,
1979-10-09,,,-1.906,
1979-10-10,,,-1.746,
1979-10-11,,,-1.666,
1979-10-12,,,-1.686,
1979-10-15,,,-1.57,
1979-10-16,,,-1.61,
1979-10-17,,,-1.68,
1979-10-18,,,-1.47,
1979-10-19,,,-1.2,
1979-10-22,,,-0.92,
1979-10-23,,,-0.86,
1979-10-24,,,-1.05,
1979-10-25,,,-0.9,
1979-10-26,,,-1.21,
1979-10-29,,,-1.1,
1979-10-30,,,-1.13,
1979-10-31,,,-1.16,
1979-11-01,,,-1.09,
1979-11-02,,,-1.04,
1979-11-05,,,-1.03,
1979-11-07,,,-0.88,
1979-11-08,,,-0.92,
1979-11-09,,,-1.2,
1979-11-13,,,-1.25,
1979-11-14,,,-1.13,
1979-11-15,,,-1.452,
1979-11-16,,,-1.302,
1979-11-19,,,-1.272,
1979-11-20,,,-1.292,
1979-11-21,,,-1.342,
1979-11-23,,,-1.562,
1979-11-26,,,-1.702,
1979-11-27,,,-1.832,
1979-11-28,,,-1.702,
1979-11-29,,,-1.732,
1979-11-30,,,-1.692,
1979-12-03,,,-1.632,
1979-12-04,,,-1.752,
1979-12-05,,,-1.802,
1979-12-06,,,-1.942,
1979-12-07,,,-1.772,
1979-12-10,,,-1.802,
1979-12-11,,,-1.612,
1979-12-12,,,-1.492,
1979-12-13,,,-1.562,
1979-12-14,,,-1.622,
1979-12-17,,,-2.173,
1979-12-18,,,-2.253,
1979-12-19,,,-2.263,
1979-12-20,,,-2.213,
1979-12-21,,,-2.203,
1979-12-24,,,-2.143,
1979-12-26,,,-2.113,
1979-12-27,,,-2.133,
1979-12-28,,,-2.183,
1979-12-31,,,-2.263,
1980-01-02,,,-2.093,
1980-01-03,,,-1.993,
1980-01-04,,,-1.933,
1980-01-07,,,-1.963,
1980-01-08,,,-2.023,
1980-01-09,,,-2.013,
1980-01-10,,,-2.083,
1980-01-11,,,-1.913,
1980-01-14,,,-1.893,
1980-01-15,,,-2.605,
1980-01-16,,,-2.605,
1980-01-17,,,-2.545,
1980-01-18,,,-2.435,
1980-01-21,,,-2.295,
1980-01-22,,,-2.405,
1980-01-23,,,-2.435,
1980-01-24,,,-2.245,
1980-01-25,,,-2.155,
1980-01-28,,,-2.105,
1980-01-29,,,-2.045,
1980-01-30,,,-2.095,
1980-01-31,,,-2.125,
1980-02-01,,,-1.965,
1980-02-04,,,-1.855,
1980-02-05,,,-1.525,
1980-02-06,,,-1.335,
1980-02-07,,,-1.545,
1980-02-08,,,-1.455,
1980-02-11,,,-1.245,
1980-02-13,,,-1.395,
1980-02-14,,,-1.285,
1980-02-15,,,-1.669,
1980-02-19,,,-1.019,
1980-02-20,,,-1.029,
1980-02-21,,,-0.649,
1980-02-22,,,-0.809,
1980-02-25,,,-0.599,
1980-02-26,,,-0.219,
1980-02-27,,,-0.409,
1980-02-28,,,-0.949,
1980-02-29,,,-1.149,
1980-03-03,,,-1.079,
1980-03-04,,,-0.959,
1980-03-05,,,-0.839,
1980-03-06,,,-0.739,
1980-03-07,,,-1.009,
1980-03-10,,,-1.239,
1980-03-11,,,-1.459,
1980-03-12,,,-1.249,
1980-03-13,,,-1.369,
1980-03-14,,,-1.349,
1980-03-17,,,-1.582,
1980-03-18,,,-1.762,
1980-03-19,,,-1.812,
1980-03-20,,,-1.542,
1980-03-21,,,-1.412,
1980-03-24,,,-0.992,
1980-03-25,,,-1.062,
1980-03-26,,,-1.132,
1980-03-27,,,-1.192,
1980-03-28,,,-1.442,
1980-03-31,,,-1.522,
1980-04-01,,,-1.472,
1980-04-02,,,-1.532,
1980-04-03,,,-1.642,
1980-04-07,,,-2.032,
1980-04-08,,,-1.952,
1980-04-09,,,-2.102,
1980-04-10,,,-2.102,
1980-04-11,,,-2.372,
1980-04-14,,,-2.542,
1980-04-15,,,-3.022,
1980-04-16,,,-3.692,
1980-04-17,,,-3.462,
1980-04-18,,,-3.542,
1980-04-21,,,-3.692,
1980-04-22,,,-3.772,
1980-04-23,,,-3.702,
1980-04-24,,,-3.632,
1980-04-25,,,-3.642,
1980-04-28,,,-3.962,
1980-04-29,,,-3.922,
1980-04-30,,,-3.832,
1980-05-01,,,-4.022,
1980-05-02,,,-4.352,
1980-05-05,,,-4.412,
1980-05-06,,,-4.792,
1980-05-07,,,-4.632,
1980-05-08,,,-4.412,
1980-05-09,,,-4.292,
1980-05-12,,,-4.292,
1980-05-13,,,-4.462,
1980-05-14,,,-4.452,
1980-05-15,,,-4.279,
1980-05-16,,,-4.219,
1980-05-19,,,-4.059,
1980-05-20,,,-4.369,
1980-05-21,,,-4.509,
1980-05-22,,,-4.489,
1980-05-23,,,-4.739,
1980-05-27,,,-4.629,
1980-05-28,,,-4.489,
1980-05-29,,,-4.349,
1980-05-30,,,-4.339,
1980-06-02,,,-4.279,
1980-06-03,,,-4.429,
1980-06-04,,,-4.519,
1980-06-05,,,-4.569,
1980-06-06,,,-4.779,
1980-06-09,,,-4.859,
1980-06-10,,,-4.759,
1980-06-11,,,-4.889,
1980-06-12,,,-5.059,
1980-06-13,,,-5.079,
1980-06-16,,,-4.956,
1980-06-17,,,-4.936,
1980-06-18,,,-4.866,
1980-06-19,,,-4.866,
1980-06-20,,,-4.936,
1980-06-23,,,-4.796,
1980-06-24,,,-4.746,
1980-06-25,,,-4.636,
1980-06-26,,,-4.556,
1980-06-27,,,-4.386,
1980-06-30,,,-4.336,
1980-07-01,,,-4.296,
1980-07-02,,,-4.236,
1980-07-03,,,-4.416,
1980-07-07,,,-4.226,
1980-07-08,,,-4.336,
1980-07-09,,,-4.286,
1980-07-10,,,-4.216,
1980-07-11,,,-4.146,
1980-07-14,,,-4.096,
1980-07-15,,,-4.096,
1980-07-16,,,-4.196,
1980-07-17,,,-4.056,
1980-07-18,,,-4.066,
1980-07-21,,,-4.136,
1980-07-22,,,-4.086,
1980-07-23,,,-4.146,
1980-07-24,,,-4.026,
1980-07-25,,,-3.916,
1980-07-28,,,-3.806,
1980-07-29,,,-3.816,
1980-07-30,,,-3.736,
1980-07-31,,,-3.506,
1980-08-01,,,-3.506,
1980-08-04,,,-3.576,
1980-08-05,,,-3.566,
1980-08-06,,,-3.466,
1980-08-07,,,-3.556,
1980-08-08,,,-3.396,
1980-08-11,,,-3.236,
1980-08-12,,,-3.286,
1980-08-13,,,-3.376,
1980-08-14,,,-3.366,
1980-08-15,,,-2.291,
1980-08-18,,,-2.021,
1980-08-19,,,-1.911,
1980-08-20,,,-1.931,
1980-08-21,,,-1.851,
1980-08-22,,,-2.021,
1980-08-25,,,-1.751,
1980-08-26,,,-1.731,
1980-08-27,,,-1.481,
1980-08-28,,,-1.261,
1980-08-29,,,-1.601,
1980-09-02,,,-1.831,
1980-09-03,,,-2.071,
1980-09-04,,,-1.991,
1980-09-05,,,-1.941,
1980-09-08,,,-1.861,
1980-09-09,,,-1.961,
1980-09-10,,,-2.011,
1980-09-11,,,-1.831,
1980-09-12,,,-1.781,
1980-09-15,,,-1.27,
1980-09-16,,,-1.37,
1980-09-17,,,-1.32,
1980-09-18,,,-1.36,
1980-09-19,,,-1.56,
1980-09-22,,,-1.2,
1980-09-23,,,-1.13,
1980-09-24,,,-1.14,
1980-09-25,,,-0.98,
1980-09-26,,,-0.9,
1980-09-29,,,-0.82,
1980-09-30,,,-1.03,
1980-10-01,,,-1.11,
1980-10-02,,,-1.06,
1980-10-03,,,-1.49,
1980-10-06,,,-1.54,
1980-10-07,,,-1.46,
1980-10-08,,,-1.38,
1980-10-09,,,-1.5,
1980-10-10,,,-1.45,
1980-10-14,,,-1.52,
1980-10-15,,,-1.479,
1980-10-16,,,-1.299,
1980-10-17,,,-1.149,
1980-10-20,,,-1.129,
1980-10-21,,,-1.069,
1980-10-22,,,-0.889,
1980-10-23,,,-0.949,
1980-10-24,,,-1.029,
1980-10-27,,,-0.639,
1980-10-28,,,-0.449,
1980-10-29,,,-0.289,
1980-10-30,,,-0.289,
1980-10-31,,,-0.309,
1980-11-03,,,-0.309,
1980-11-05,,,-0.159,
1980-11-06,,,0.271,
1980-11-07,,,-0.109,
1980-11-10,,,0.011,
1980-11-12,,,-0.299,
1980-11-13,,,-0.279,
1980-11-14,,,0.021,
1980-11-17,,,0.317,
1980-11-18,,,-0.013,
1980-11-19,,,-0.123,
1980-11-20,,,-0.043,
1980-11-21,,,0.167,
1980-11-24,,,0.127,
1980-11-25,,,0.107,
1980-11-26,,,0.017,
1980-11-28,,,0.087,
1980-12-01,,,0.287,
1980-12-02,,,0.317,
1980-12-03,,,0.287,
1980-12-04,,,0.277,
1980-12-05,,,0.217,
1980-12-08,,,0.277,
1980-12-09,,,0.467,
1980-12-10,,,0.517,
1980-12-11,,,0.937,
1980-12-12,,,0.577,
1980-12-15,,,0.618,
1980-12-16,,,0.878,
1980-12-17,,,0.648,
1980-12-18,,,0.588,
1980-12-19,,,0.008,
1980-12-22,,,-0.492,
1980-12-23,,,-0.282,
1980-12-24,,,-0.212,
1980-12-26,,,-0.382,
1980-12-29,,,-0.432,
1980-12-30,,,-0.242,
1980-12-31,,,-0.202,
1981-01-02,,,-0.212,
1981-01-05,,,-0.482,
1981-01-06,,,-0.522,
1981-01-07,,,-0.252,
1981-01-08,,,-0.282,
1981-01-09,,,-0.062,
1981-01-12,,,-0.182,
1981-01-13,,,-0.102,
1981-01-14,,,-0.102,
1981-01-15,,,0.266,
1981-01-16,,,0.176,
1981-01-19,,,0.286,
1981-01-20,,,0.146,
1981-01-21,,,0.416,
1981-01-22,,,0.516,
1981-01-23,,,0.486,
1981-01-26,,,0.346,
1981-01-27,,,0.376,
1981-01-28,,,0.416,
1981-01-29,,,0.446,
1981-01-30,,,0.326,
1981-02-02,,,0.506,
1981-02-03,,,0.626,
1981-02-04,,,0.506,
1981-02-05,,,0.596,
1981-02-06,,,0.736,
1981-02-09,,,0.856,
1981-02-10,,,0.916,
1981-02-11,,,1.066,
1981-02-13,,,1.296,
1981-02-17,,,1.535,
1981-02-18,,,1.505,
1981-02-19,,,1.295,
1981-02-20,,,1.105,
1981-02-23,,,1.395,
1981-02-24,,,1.415,
1981-02-25,,,1.495,
1981-02-26,,,1.675,
1981-02-27,,,1.635,
1981-03-02,,,1.825,
1981-03-03,,,1.635,
1981-03-04,,,1.655,
1981-03-05,,,1.635,
1981-03-06,,,1.405,
1981-03-09,,,1.295,
1981-03-10,,,1.285,
1981-03-11,,,1.325,
1981-03-12,,,1.235,
1981-03-13,,,1.065,
1981-03-16,,,1.458,
1981-03-17,,,1.288,
1981-03-18,,,1.188,
1981-03-19,,,1.278,
1981-03-20,,,1.378,
1981-03-23,,,1.738,
1981-03-24,,,1.908,
1981-03-25,,,1.818,
1981-03-26,,,1.948,
1981-03-27,,,1.968,
1981-03-30,,,1.828,
1981-03-31,,,1.738,
1981-04-01,,,1.748,
1981-04-02,,,1.858,
1981-04-03,,,2.008,
1981-04-06,,,2.348,
1981-04-07,,,2.018,
1981-04-08,,,2.218,
1981-04-09,,,2.058,
1981-04-10,,,2.198,
1981-04-13,,,2.288,
1981-04-14,,,2.188,
1981-04-15,,,3.128,
1981-04-16,,,3.178,
1981-04-20,,,3.078,
1981-04-21,,,3.118,
1981-04-22,,,3.168,
1981-04-23,,,3.188,
1981-04-24,,,3.268,
1981-04-27,,,3.308,
1981-04-28,,,3.318,
1981-04-29,,,3.438,
1981-04-30,,,3.498,
1981-05-01,,,3.438,
1981-05-04,,,3.858,
1981-05-05,,,4.078,
1981-05-06,,,3.948,
1981-05-07,,,3.718,
1981-05-08,,,3.618,
1981-05-11,,,3.728,
1981-05-12,,,3.848,
1981-05-13,,,3.878,
1981-05-14,,,3.628,
1981-05-15,,,3.934,
1981-05-18,,,3.664,
1981-05-19,,,3.814,
1981-05-20,,,3.864,
1981-05-21,,,3.914,
1981-05-22,,,3.684,
1981-05-26,,,3.534,
1981-05-27,,,3.574,
1981-05-28,,,3.424,
1981-05-29,,,3.364,
1981-06-01,,,3.324,
1981-06-02,,,3.444,
1981-06-03,,,3.414,
1981-06-04,,,3.374,
1981-06-05,,,3.424,
1981-06-08,,,3.224,
1981-06-09,,,3.234,
1981-06-10,,,3.174,
1981-06-11,,,3.184,
1981-06-12,,,3.214,
1981-06-15,,,3.298,
1981-06-16,,,3.288,
1981-06-17,,,3.438,
1981-06-18,,,3.778,
1981-06-19,,,3.668,
1981-06-22,,,3.648,
1981-06-23,,,3.768,
1981-06-24,,,3.868,
1981-06-25,,,3.908,
1981-06-26,,,3.898,
1981-06-29,,,3.888,
1981-06-30,,,4.068,
1981-07-01,,,4.248,
1981-07-02,,,4.158,
1981-07-06,,,4.018,
1981-07-07,,,4.248,
1981-07-08,,,4.318,
1981-07-09,,,4.328,
1981-07-10,,,4.148,
1981-07-13,,,4.198,
1981-07-14,,,4.358,
1981-07-15,,,4.373,
1981-07-16,,,4.413,
1981-07-17,,,4.393,
1981-07-20,,,4.893,
1981-07-21,,,4.913,
1981-07-22,,,4.933,
1981-07-23,,,4.873,
1981-07-24,,,4.713,
1981-07-27,,,4.733,
1981-07-28,,,4.833,
1981-07-29,,,4.913,
1981-07-30,,,5.013,
1981-07-31,,,4.973,
1981-08-03,,,5.253,
1981-08-04,,,5.253,
1981-08-05,,,5.213,
1981-08-06,,,5.163,
1981-08-07,,,5.133,
1981-08-10,,,4.953,
1981-08-11,,,4.703,
1981-08-12,,,4.913,
1981-08-13,,,4.953,
1981-08-14,,,5.043,
1981-08-17,,,3.935,
1981-08-18,,,4.015,
1981-08-19,,,3.995,
1981-08-20,,,4.115,
1981-08-21,,,4.195,
1981-08-24,,,4.545,
1981-08-25,,,4.575,
1981-08-26,,,4.535,
1981-08-27,,,4.585,
1981-08-28,,,4.475,
1981-08-31,,,4.635,
1981-09-01,,,4.635,
1981-09-02,,,4.625,
1981-09-03,,,4.705,
1981-09-04,,,4.735,
1981-09-08,,,4.815,
1981-09-09,,,4.755,
1981-09-10,,,4.525,
1981-09-11,,,4.275,
1981-09-14,,,4.425,
1981-09-15,,,4.263,
1981-09-16,,,4.293,
1981-09-17,,,4.133,
1981-09-18,,,4.093,
1981-09-21,,,3.963,
1981-09-22,,,4.213,
1981-09-23,,,4.413,
1981-09-24,,,4.493,
1981-09-25,,,4.863,
1981-09-28,,,4.833,
1981-09-29,,,4.943,
1981-09-30,,,5.023,
1981-10-01,,,4.933,
1981-10-02,,,4.593,
1981-10-05,,,4.373,
1981-10-06,,,4.323,
1981-10-07,,,4.223,
1981-10-08,,,4.183,
1981-10-09,,,3.913,
1981-10-13,,,4.013,
1981-10-14,,,4.053,
1981-10-15,,,3.915,
1981-10-16,,,3.975,
1981-10-19,,,3.985,
1981-10-20,,,4.125,
1981-10-21,,,4.375,
1981-10-22,,,4.415,
1981-10-23,,,4.335,
1981-10-26,,,4.635,
1981-10-27,,,4.575,
1981-10-28,,,4.475,
1981-10-29,,,4.095,
1981-10-30,,,3.665,
1981-11-02,,,3.605,
1981-11-04,,,3.215,
1981-11-05,,,3.225,
1981-11-06,,,2.975,
1981-11-09,,,2.425,
1981-11-10,,,2.435,
1981-11-12,,,2.225,
1981-11-13,,,2.215,
1981-11-16,,,2.798,
1981-11-17,,,2.908,
1981-11-18,,,2.728,
1981-11-19,,,2.768,
1981-11-20,,,2.868,
1981-11-23,,,3.168,
1981-11-24,,,2.858,
1981-11-25,,,2.708,
1981-11-27,,,2.648,
1981-11-30,,,2.858,
1981-12-01,,,3.098,
1981-12-02,,,3.218,
1981-12-03,,,3.178,
1981-12-04,,,2.878,
1981-12-07,,,3.228,
1981-12-08,,,3.228,
1981-12-09,,,3.368,
1981-12-10,,,3.528,
1981-12-11,,,3.568,
1981-12-14,,,3.348,
1981-12-15,,,3.971,
1981-12-16,,,3.951,
1981-12-17,,,4.131,
1981-12-18,,,3.931,
1981-12-21,,,4.251,
1981-12-22,,,4.441,
1981-12-23,,,4.561,
1981-12-24,,,4.431,
1981-12-28,,,4.431,
1981-12-29,,,4.541,
1981-12-30,,,4.591,
1981-12-31,,,4.401,
1982-01-04,,,4.611,
1982-01-05,,,4.861,
1982-01-06,,,5.011,
1982-01-07,,,5.051,
1982-01-08,,,4.901,
1982-01-11,,,5.231,
1982-01-12,,,5.041,
1982-01-13,,,5.251,
1982-01-14,,,5.121,
1982-01-15,,,5.908,
1982-01-18,,,5.838,
1982-01-19,,,5.888,
1982-01-20,,,5.898,
1982-01-21,,,5.708,
1982-01-22,,,5.778,
1982-01-25,,,5.708,
1982-01-26,,,5.628,
1982-01-27,,,5.598,
1982-01-28,,,5.378,
1982-01-29,,,5.228,
1982-02-01,,,5.668,
1982-02-02,,,5.558,
1982-02-03,,,5.778,
1982-02-04,,,5.848,
1982-02-05,,,5.738,
1982-02-08,,,5.968,
1982-02-09,,,6.038,
1982-02-10,,,5.898,
1982-02-11,,,5.798,
1982-02-16,,,6.273,
1982-02-17,,,6.243,
1982-02-18,,,6.023,
1982-02-19,,,5.983,
1982-02-22,,,5.613,
1982-02-23,,,5.673,
1982-02-24,,,5.613,
1982-02-25,,,5.653,
1982-02-26,,,5.773,
1982-03-01,,,5.593,
1982-03-02,,,5.483,
1982-03-03,,,5.433,
1982-03-04,,,5.353,
1982-03-05,,,5.333,
1982-03-08,,,5.413,
1982-03-09,,,5.433,
1982-03-10,,,5.473,
1982-03-11,,,5.693,
1982-03-12,,,5.713,
1982-03-15,,,6.346,
1982-03-16,,,6.296,
1982-03-17,,,6.266,
1982-03-18,,,6.256,
1982-03-19,,,6.276,
1982-03-22,,,6.126,
1982-03-23,,,6.106,
1982-03-24,,,6.296,
1982-03-25,,,6.286,
1982-03-26,,,6.396,
1982-03-29,,,6.546,
1982-03-30,,,6.576,
1982-03-31,,,6.566,
1982-04-01,,,6.486,
1982-04-02,,,6.486,
1982-04-05,,,6.546,
1982-04-06,,,6.566,
1982-04-07,,,6.566,
1982-04-08,,,6.366,
1982-04-12,,,6.216,
1982-04-13,,,6.216,
1982-04-14,,,6.336,
1982-04-15,,,7.025,
1982-04-16,,,6.825,
1982-04-19,,,6.775,
1982-04-20,,,6.835,
1982-04-21,,,6.805,
1982-04-22,,,6.825,
1982-04-23,,,6.805,
1982-04-26,,,6.815,
1982-04-27,,,6.815,
1982-04-28,,,6.885,
1982-04-29,,,6.985,
1982-04-30,,,6.985,
1982-05-03,,,7.065,
1982-05-04,,,6.985,
1982-05-05,,,6.915,
1982-05-06,,,6.655,
1982-05-07,,,6.595,
1982-05-10,,,6.605,
1982-05-11,,,6.575,
1982-05-12,,,6.705,
1982-05-13,,,6.735,
1982-05-14,,,6.595,
1982-05-17,,,6.948,
1982-05-18,,,6.978,
1982-05-19,,,7.018,
1982-05-20,,,6.908,
1982-05-21,,,6.898,
1982-05-24,,,6.958,
1982-05-25,,,6.998,
1982-05-26,,,7.058,
1982-05-27,,,7.098,
1982-05-28,,,7.088,
1982-06-01,,,7.308,
1982-06-02,,,7.238,
1982-06-03,,,7.278,
1982-06-04,,,7.358,
1982-06-07,,,7.318,
1982-06-08,,,7.358,
1982-06-09,,,7.368,
1982-06-10,,,7.398,
1982-06-11,,,7.308,
1982-06-14,,,7.588,
1982-06-15,,,7.298,
1982-06-16,,,7.348,
1982-06-17,,,7.568,
1982-06-18,,,7.708,
1982-06-21,,,7.718,
1982-06-22,,,7.748,
1982-06-23,,,7.828,
1982-06-24,,,7.798,
1982-06-25,,,7.848,
1982-06-28,,,7.818,
1982-06-29,,,7.698,
1982-06-30,,,7.528,
1982-07-01,,,7.488,
1982-07-02,,,7.588,
1982-07-06,,,7.568,
1982-07-07,,,7.578,
1982-07-08,,,7.278,
1982-07-09,,,7.118,
1982-07-12,,,6.958,
1982-07-13,,,7.108,
1982-07-14,,,7.188,
1982-07-15,,,6.778,
1982-07-16,,,6.518,
1982-07-19,,,6.498,
1982-07-20,,,6.348,
1982-07-21,,,6.418,
1982-07-22,,,6.328,
1982-07-23,,,6.378,
1982-07-26,,,6.728,
1982-07-27,,,6.678,
1982-07-28,,,6.788,
1982-07-29,,,6.648,
1982-07-30,,,6.498,
1982-08-02,,,6.228,
1982-08-03,,,6.328,
1982-08-04,,,6.498,
1982-08-05,,,6.518,
1982-08-06,,,6.668,
1982-08-09,,,6.518,
1982-08-10,,,6.508,
1982-08-11,,,6.528,
1982-08-12,,,6.368,
1982-08-13,,,6.018,
1982-08-16,,,6.533,
1982-08-17,,,6.093,
1982-08-18,,,6.013,
1982-08-19,,,5.913,
1982-08-20,,,5.683,
1982-08-23,,,5.913,
1982-08-24,,,5.793,
1982-08-25,,,5.873,
1982-08-26,,,5.993,
1982-08-27,,,6.213,
1982-08-30,,,6.253,
1982-08-31,,,6.253,
1982-09-01,,,6.203,
1982-09-02,,,6.043,
1982-09-03,,,5.913,
1982-09-07,,,5.973,
1982-09-08,,,5.953,
1982-09-09,,,5.973,
1982-09-10,,,6.173,
1982-09-13,,,6.073,
1982-09-14,,,6.003,
1982-09-15,,,6.635,
1982-09-16,,,6.635,
1982-09-17,,,6.545,
1982-09-20,,,6.505,
1982-09-21,,,6.215,
1982-09-22,,,6.075,
1982-09-23,,,5.975,
1982-09-24,,,6.125,
1982-09-27,,,6.025,
1982-09-28,,,5.885,
1982-09-29,,,5.835,
1982-09-30,,,5.765,
1982-10-01,,,5.545,
1982-10-04,,,5.755,
1982-10-05,,,5.725,
1982-10-06,,,5.535,
1982-10-07,,,4.945,
1982-10-08,,,4.865,
1982-10-12,,,4.565,
1982-10-13,,,4.425,
1982-10-14,,,4.645,
1982-10-15,,,5.809,
1982-10-18,,,5.639,
1982-10-19,,,5.619,
1982-10-20,,,5.749,
1982-10-21,,,5.749,
1982-10-22,,,5.869,
1982-10-25,,,6.169,
1982-10-26,,,5.929,
1982-10-27,,,5.959,
1982-10-28,,,5.829,
1982-10-29,,,5.769,
1982-11-01,,,5.619,
1982-11-03,,,5.519,
1982-11-04,,,5.479,
1982-11-05,,,5.539,
1982-11-08,,,5.609,
1982-11-09,,,5.569,
1982-11-10,,,5.539,
1982-11-12,,,5.639,
1982-11-15,,,5.618,
1982-11-16,,,5.638,
1982-11-17,,,5.558,
1982-11-18,,,5.428,
1982-11-19,,,5.388,
1982-11-22,,,5.398,
1982-11-23,,,5.498,
1982-11-24,,,5.558,
1982-11-26,,,5.478,
1982-11-29,,,5.748,
1982-11-30,,,5.758,
1982-12-01,,,5.708,
1982-12-02,,,5.648,
1982-12-03,,,5.438,
1982-12-06,,,5.428,
1982-12-07,,,5.448,
1982-12-08,,,5.588,
1982-12-09,,,5.548,
1982-12-10,,,5.628,
1982-12-13,,,5.578,
1982-12-14,,,5.428,
1982-12-15,,,6.022,
1982-12-16,,,6.112,
1982-12-17,,,6.162,
1982-12-20,,,6.222,
1982-12-21,,,6.062,
1982-12-22,,,6.052,
1982-12-23,,,5.992,
1982-12-27,,,5.962,
1982-12-28,,,5.962,
1982-12-29,,,5.992,
1982-12-30,,,5.962,
1982-12-31,,,5.882,
1983-01-03,,,5.842,
1983-01-04,,,5.892,
1983-01-05,,,5.872,
1983-01-06,,,5.912,
1983-01-07,,,5.882,
1983-01-10,,,5.902,
1983-01-11,,,5.862,
1983-01-12,,,5.842,
1983-01-13,,,5.792,
1983-01-14,,,5.802,
1983-01-17,,,6.454,
1983-01-18,,,6.474,
1983-01-19,,,6.584,
1983-01-20,,,6.604,
1983-01-21,,,6.784,
1983-01-24,,,6.874,
1983-01-25,,,6.794,
1983-01-26,,,6.864,
1983-01-27,,,6.844,
1983-01-28,,,6.884,
1983-01-31,,,6.974,
1983-02-01,,,6.954,
1983-02-02,,,7.054,
1983-02-03,,,7.104,
1983-02-04,,,7.164,
1983-02-07,,,7.134,
1983-02-08,,,7.164,
1983-02-09,,,7.174,
1983-02-10,,,7.004,
1983-02-11,,,6.974,
1983-02-14,,,6.974,
1983-02-15,,,7.132,
1983-02-16,,,7.102,
1983-02-17,,,7.002,
1983-02-18,,,6.892,
1983-02-22,,,6.752,
1983-02-23,,,6.732,
1983-02-24,,,6.712,
1983-02-25,,,6.552,
1983-02-28,,,6.562,
1983-03-01,,,6.512,
1983-03-02,,,6.552,
1983-03-03,,,6.522,
1983-03-04,,,6.562,
1983-03-07,,,6.722,
1983-03-08,,,6.812,
1983-03-09,,,6.772,
1983-03-10,,,6.842,
1983-03-11,,,6.882,
1983-03-14,,,6.772,
1983-03-15,,,6.975,
1983-03-16,,,7.045,
1983-03-17,,,7.075,
1983-03-18,,,7.095,
1983-03-21,,,7.115,
1983-03-22,,,7.135,
1983-03-23,,,7.095,
1983-03-24,,,7.095,
1983-03-25,,,7.155,
1983-03-28,,,7.175,
1983-03-29,,,7.115,
1983-03-30,,,7.105,
1983-03-31,,,7.135,
1983-04-04,,,7.115,
1983-04-05,,,7.005,
1983-04-06,,,7.005,
1983-04-07,,,7.025,
1983-04-08,,,7.025,
1983-04-11,,,6.925,
1983-04-12,,,6.935,
1983-04-13,,,6.905,
1983-04-14,,,6.805,
1983-04-15,,,6.74,
1983-04-18,,,6.7,
1983-04-19,,,6.8,
1983-04-20,,,6.8,
1983-04-21,,,6.84,
1983-04-22,,,6.83,
1983-04-25,,,6.81,
1983-04-26,,,6.78,
1983-04-27,,,6.7,
1983-04-28,,,6.72,
1983-04-29,,,6.68,
1983-05-02,,,6.67,
1983-05-03,,,6.67,
1983-05-04,,,6.53,
1983-05-05,,,6.57,
1983-05-06,,,6.54,
1983-05-09,,,6.66,
1983-05-10,,,6.57,
1983-05-11,,,6.59,
1983-05-12,,,6.64,
1983-05-13,,,6.63,
1983-05-16,,,6.37,
1983-05-17,,,6.41,
1983-05-18,,,6.43,
1983-05-19,,,6.49,
1983-05-20,,,6.54,
1983-05-23,,,6.57,
1983-05-24,,,6.56,
1983-05-25,,,6.58,
1983-05-26,,,6.63,
1983-05-27,,,6.62,
1983-05-31,,,6.81,
1983-06-01,,,6.77,
1983-06-02,,,6.78,
1983-06-03,,,6.79,
1983-06-06,,,6.79,
1983-06-07,,,6.85,
1983-06-08,,,6.92,
1983-06-09,,,6.88,
1983-06-10,,,6.89,
1983-06-13,,,6.75,
1983-06-14,,,6.77,
1983-06-15,,,7.279,
1983-06-16,,,7.199,
1983-06-17,,,7.239,
1983-06-20,,,7.359,
1983-06-21,,,7.349,
1983-06-22,,,7.389,
1983-06-23,,,7.459,
1983-06-24,,,7.579,
1983-06-27,,,7.669,
1983-06-28,,,7.599,
1983-06-29,,,7.549,
1983-06-30,,,7.519,
1983-07-01,,,7.489,
1983-07-05,,,7.769,
1983-07-06,,,7.719,
1983-07-07,,,7.849,
1983-07-08,,,7.889,
1983-07-11,,,7.839,
1983-07-12,,,7.979,
1983-07-13,,,7.959,
1983-07-14,,,7.939,
1983-07-15,,,9.036,
1983-07-18,,,8.936,
1983-07-19,,,8.886,
1983-07-20,,,8.806,
1983-07-21,,,8.846,
1983-07-22,,,8.956,
1983-07-25,,,8.936,
1983-07-26,,,9.016,
1983-07-27,,,9.036,
1983-07-28,,,9.186,
1983-07-29,,,9.286,
1983-08-01,,,9.326,
1983-08-02,,,9.346,
1983-08-03,,,9.446,
1983-08-04,,,9.646,
1983-08-05,,,9.626,
1983-08-08,,,9.726,
1983-08-09,,,9.656,
1983-08-10,,,9.696,
1983-08-11,,,9.566,
1983-08-12,,,9.486,
1983-08-15,,,9.401,
1983-08-16,,,9.351,
1983-08-17,,,9.291,
1983-08-18,,,9.341,
1983-08-19,,,9.361,
1983-08-22,,,9.181,
1983-08-23,,,9.211,
1983-08-24,,,9.181,
1983-08-25,,,9.261,
1983-08-26,,,9.291,
1983-08-29,,,9.501,
1983-08-30,,,9.541,
1983-08-31,,,9.621,
1983-09-01,,,9.611,
1983-09-02,,,9.651,
1983-09-06,,,9.491,
1983-09-07,,,9.341,
1983-09-08,,,9.411,
1983-09-09,,,9.371,
1983-09-12,,,9.201,
1983-09-13,,,9.271,
1983-09-14,,,9.401,
1983-09-15,,,9.364,
1983-09-16,,,9.224,
1983-09-19,,,9.204,
1983-09-20,,,9.114,
1983-09-21,,,9.184,
1983-09-22,,,9.144,
1983-09-23,,,9.034,
1983-09-26,,,8.954,
1983-09-27,,,8.994,
1983-09-28,,,9.034,
1983-09-29,,,9.044,
1983-09-30,,,8.984,
1983-10-03,,,9.014,
1983-10-04,,,9.004,
1983-10-05,,,8.894,
1983-10-06,,,8.854,
1983-10-07,,,8.874,
1983-10-11,,,9.114,
1983-10-12,,,9.134,
1983-10-13,,,9.194,
1983-10-14,,,9.124,
1983-10-17,,,8.706,
1983-10-18,,,8.726,
1983-10-19,,,8.726,
1983-10-20,,,8.706,
1983-10-21,,,8.666,
1983-10-24,,,8.896,
1983-10-25,,,8.936,
1983-10-26,,,8.956,
1983-10-27,,,8.896,
1983-10-28,,,8.916,
1983-10-31,,,8.976,
1983-11-01,,,8.926,
1983-11-02,,,8.936,
1983-11-03,,,8.986,
1983-11-04,,,9.086,
1983-11-07,,,9.086,
1983-11-09,,,9.076,
1983-11-10,,,8.946,
1983-11-14,,,8.916,
1983-11-15,,,8.948,
1983-11-16,,,8.948,
1983-11-17,,,8.968,
1983-11-18,,,8.968,
1983-11-21,,,8.898,
1983-11-22,,,8.818,
1983-11-23,,,8.838,
1983-11-25,,,8.798,
1983-11-28,,,8.878,
1983-11-29,,,8.828,
1983-11-30,,,8.878,
1983-12-01,,,8.878,
1983-12-02,,,8.998,
1983-12-05,,,9.028,
1983-12-06,,,9.008,
1983-12-07,,,9.038,
1983-12-08,,,9.138,
1983-12-09,,,9.148,
1983-12-12,,,9.118,
1983-12-13,,,9.198,
1983-12-14,,,9.218,
1983-12-15,,,8.797,
1983-12-16,,,8.717,
1983-12-19,,,8.707,
1983-12-20,,,8.697,
1983-12-21,,,8.667,
1983-12-22,,,8.607,
1983-12-23,,,8.627,
1983-12-27,,,8.587,
1983-12-28,,,8.647,
1983-12-29,,,8.627,
1983-12-30,,,8.657,
1984-01-03,,,8.697,
1984-01-04,,,8.617,
1984-01-05,,,8.607,
1984-01-06,,,8.567,
1984-01-09,,,8.587,
1984-01-10,,,8.547,
1984-01-11,,,8.597,
1984-01-12,,,8.597,
1984-01-13,,,8.427,
1984-01-16,,,7.753,
1984-01-17,,,7.783,
1984-01-18,,,7.823,
1984-01-19,,,7.813,
1984-01-20,,,7.853,
1984-01-23,,,7.843,
1984-01-24,,,7.843,
1984-01-25,,,7.853,
1984-01-26,,,7.843,
1984-01-27,,,7.843,
1984-01-30,,,7.873,
1984-01-31,,,7.883,
1984-02-01,,,7.853,
1984-02-02,,,7.813,
1984-02-03,,,7.813,
1984-02-06,,,7.913,
1984-02-07,,,7.923,
1984-02-08,,,7.933,
1984-02-09,,,7.943,
1984-02-10,,,8.043,
1984-02-14,,,8.063,
1984-02-15,,,7.52,
1984-02-16,,,7.54,
1984-02-17,,,7.63,
1984-02-21,,,7.62,
1984-02-22,,,7.64,
1984-02-23,,,7.76,
1984-02-24,,,7.7,
1984-02-27,,,7.76,
1984-02-28,,,7.8,
1984-02-29,,,7.75,
1984-03-01,,,7.78,
1984-03-02,,,7.7,
1984-03-05,,,7.78,
1984-03-06,,,7.8,
1984-03-07,,,7.93,
1984-03-08,,,7.95,
1984-03-09,,,7.99,
1984-03-12,,,7.95,
1984-03-13,,,7.98,
1984-03-14,,,8.02,
1984-03-15,,,7.616,
1984-03-16,,,7.646,
1984-03-19,,,7.756,
1984-03-20,,,7.746,
1984-03-21,,,7.756,
1984-03-22,,,7.796,
1984-03-23,,,7.786,
1984-03-26,,,7.766,
1984-03-27,,,7.766,
1984-03-28,,,7.726,
1984-03-29,,,7.716,
1984-03-30,,,7.836,
1984-04-02,,,7.866,
1984-04-03,,,7.956,
1984-04-04,,,7.976,
1984-04-05,,,7.956,
1984-04-06,,,7.816,
1984-04-09,,,7.776,
1984-04-10,,,7.826,
1984-04-11,,,7.806,
1984-04-12,,,7.706,
1984-04-13,,,7.876,
1984-04-16,,,7.717,
1984-04-17,,,7.677,
1984-04-18,,,7.807,
1984-04-19,,,7.877,
1984-04-23,,,7.907,
1984-04-24,,,7.857,
1984-04-25,,,7.797,
1984-04-26,,,7.777,
1984-04-27,,,7.897,
1984-04-30,,,7.927,
1984-05-01,,,7.927,
1984-05-02,,,7.967,
1984-05-03,,,7.997,
1984-05-04,,,8.177,
1984-05-07,,,8.237,
1984-05-08,,,8.197,
1984-05-09,,,8.317,
1984-05-10,,,8.357,
1984-05-11,,,8.567,
1984-05-14,,,8.687,
1984-05-15,,,8.925,
1984-05-16,,,8.855,
1984-05-17,,,8.985,
1984-05-18,,,8.895,
1984-05-21,,,8.875,
1984-05-22,,,8.965,
1984-05-23,,,8.985,
1984-05-24,,,9.165,
1984-05-25,,,9.195,
1984-05-29,,,9.335,
1984-05-30,,,9.435,
1984-05-31,,,9.355,
1984-06-01,,,9.075,
1984-06-04,,,8.865,
1984-06-05,,,8.815,
1984-06-06,,,8.985,
1984-06-07,,,8.985,
1984-06-08,,,8.905,
1984-06-11,,,9.025,
1984-06-12,,,8.985,
1984-06-13,,,8.885,
1984-06-14,,,8.835,
1984-06-15,,,8.875,
1984-06-18,,,8.935,
1984-06-19,,,9.045,
1984-06-20,,,9.315,
1984-06-21,,,9.385,
1984-06-22,,,9.405,
1984-06-25,,,9.415,
1984-06-26,,,9.455,
1984-06-27,,,9.425,
1984-06-28,,,9.465,
1984-06-29,,,9.505,
1984-07-02,,,9.535,
1984-07-03,,,9.465,
1984-07-05,,,9.435,
1984-07-06,,,9.415,
1984-07-09,,,9.145,
1984-07-10,,,9.195,
1984-07-11,,,9.215,
1984-07-12,,,9.085,
1984-07-13,,,8.965,
1984-07-16,,,8.994,
1984-07-17,,,9.044,
1984-07-18,,,8.994,
1984-07-19,,,8.924,
1984-07-20,,,9.034,
1984-07-23,,,9.024,
1984-07-24,,,8.984,
1984-07-25,,,8.734,
1984-07-26,,,8.564,
1984-07-27,,,8.624,
1984-07-30,,,8.724,
1984-07-31,,,8.584,
1984-08-01,,,8.484,
1984-08-02,,,8.414,
1984-08-03,,,8.284,
1984-08-06,,,8.404,
1984-08-07,,,8.364,
1984-08-08,,,8.334,
1984-08-09,,,8.284,
1984-08-10,,,8.354,
1984-08-13,,,8.414,
1984-08-14,,,8.344,
1984-08-15,,,8.431,
1984-08-16,,,8.391,
1984-08-17,,,8.391,
1984-08-20,,,8.381,
1984-08-21,,,8.311,
1984-08-22,,,8.341,
1984-08-23,,,8.381,
1984-08-24,,,8.351,
1984-08-27,,,8.501,
1984-08-28,,,8.501,
1984-08-29,,,8.521,
1984-08-30,,,8.531,
1984-08-31,,,8.481,
1984-09-04,,,8.571,
1984-09-05,,,8.611,
1984-09-06,,,8.501,
1984-09-07,,,8.391,
1984-09-10,,,8.311,
1984-09-11,,,8.231,
1984-09-12,,,8.241,
1984-09-13,,,8.131,
1984-09-14,,,8.111,
1984-09-17,,,8.104,
1984-09-18,,,8.054,
1984-09-19,,,7.954,
1984-09-20,,,7.984,
1984-09-21,,,8.154,
1984-09-24,,,8.224,
1984-09-25,,,8.264,
1984-09-26,,,8.164,
1984-09-27,,,8.014,
1984-09-28,,,8.174,
1984-10-01,,,8.244,
1984-10-02,,,8.244,
1984-10-03,,,8.244,
1984-10-04,,,8.224,
1984-10-05,,,8.094,
1984-10-09,,,8.064,
1984-10-10,,,8.064,
1984-10-11,,,8.014,
1984-10-12,,,7.984,
1984-10-15,,,8.057,
1984-10-16,,,8.037,
1984-10-17,,,7.997,
1984-10-18,,,7.807,
1984-10-19,,,7.647,
1984-10-22,,,7.617,
1984-10-23,,,7.497,
1984-10-24,,,7.457,
1984-10-25,,,7.547,
1984-10-26,,,7.707,
1984-10-29,,,7.667,
1984-10-30,,,7.467,
1984-10-31,,,7.507,
1984-11-01,,,7.377,
1984-11-02,,,7.377,
1984-11-05,,,7.317,
1984-11-07,,,7.437,
1984-11-08,,,7.527,
1984-11-09,,,7.427,
1984-11-13,,,7.497,
1984-11-14,,,7.527,
1984-11-15,,,7.464,
1984-11-16,,,7.424,
1984-11-19,,,7.344,
1984-11-20,,,7.264,
1984-11-21,,,7.124,
1984-11-23,,,6.974,
1984-11-26,,,7.014,
1984-11-27,,,7.014,
1984-11-28,,,7.114,
1984-11-29,,,7.154,
1984-11-30,,,7.314,
1984-12-03,,,7.294,
1984-12-04,,,7.254,
1984-12-05,,,7.254,
1984-12-06,,,7.344,
1984-12-07,,,7.434,
1984-12-10,,,7.394,
1984-12-11,,,7.304,
1984-12-12,,,7.274,
1984-12-13,,,7.434,
1984-12-14,,,7.294,
1984-12-17,,,7.336,
1984-12-18,,,7.136,
1984-12-19,,,7.186,
1984-12-20,,,7.216,
1984-12-21,,,7.186,
1984-12-24,,,7.156,
1984-12-26,,,7.296,
1984-12-27,,,7.296,
1984-12-28,,,7.306,
1984-12-31,,,7.396,
1985-01-02,,,7.546,
1985-01-03,,,7.466,
1985-01-04,,,7.516,
1985-01-07,,,7.346,
1985-01-08,,,7.296,
1985-01-09,,,7.316,
1985-01-10,,,7.326,
1985-01-11,,,7.436,
1985-01-14,,,7.446,
1985-01-15,,,7.447,
1985-01-16,,,7.467,
1985-01-17,,,7.437,
1985-01-18,,,7.347,
1985-01-22,,,7.227,
1985-01-23,,,7.167,
1985-01-24,,,7.017,
1985-01-25,,,7.067,
1985-01-28,,,7.067,
1985-01-29,,,7.067,
1985-01-30,,,7.037,
1985-01-31,,,7.127,
1985-02-01,,,7.247,
1985-02-04,,,7.307,
1985-02-05,,,7.257,
1985-02-06,,,7.357,
1985-02-07,,,7.367,
1985-02-08,,,7.327,
1985-02-11,,,7.377,
1985-02-13,,,7.347,
1985-02-14,,,7.247,
1985-02-15,,,7.854,
1985-02-19,,,7.844,
1985-02-20,,,7.994,
1985-02-21,,,8.114,
1985-02-22,,,8.234,
1985-02-25,,,8.224,
1985-02-26,,,8.194,
1985-02-27,,,8.364,
1985-02-28,,,8.384,
1985-03-01,,,8.334,
1985-03-04,,,8.404,
1985-03-05,,,8.334,
1985-03-06,,,8.394,
1985-03-07,,,8.414,
1985-03-08,,,8.184,
1985-03-11,,,8.194,
1985-03-12,,,8.254,
1985-03-13,,,8.374,
1985-03-14,,,8.394,
1985-03-15,,,8.324,
1985-03-18,,,8.414,
1985-03-19,,,8.384,
1985-03-20,,,8.304,
1985-03-21,,,8.214,
1985-03-22,,,8.274,
1985-03-25,,,8.254,
1985-03-26,,,8.164,
1985-03-27,,,8.234,
1985-03-28,,,8.144,
1985-03-29,,,8.044,
1985-04-01,,,8.054,
1985-04-02,,,8.094,
1985-04-03,,,8.124,
1985-04-04,,,8.144,
1985-04-08,,,8.164,
1985-04-09,,,8.054,
1985-04-10,,,7.974,
1985-04-11,,,7.814,
1985-04-12,,,7.824,
1985-04-15,,,7.58,
1985-04-16,,,7.46,
1985-04-17,,,7.5,
1985-04-18,,,7.34,
1985-04-19,,,7.37,
1985-04-22,,,7.34,
1985-04-23,,,7.46,
1985-04-24,,,7.46,
1985-04-25,,,7.58,
1985-04-26,,,7.56,
1985-04-29,,,7.68,
1985-04-30,,,7.62,
1985-05-01,,,7.48,
1985-05-02,,,7.5,
1985-05-03,,,7.42,
1985-05-06,,,7.4,
1985-05-07,,,7.38,
1985-05-08,,,7.47,
1985-05-09,,,7.41,
1985-05-10,,,7.25,
1985-05-13,,,7.25,
1985-05-14,,,7.08,
1985-05-15,,,7.308,
1985-05-16,,,7.228,
1985-05-17,,,7.258,
1985-05-20,,,6.978,
1985-05-21,,,7.018,
1985-05-22,,,7.038,
1985-05-23,,,7.058,
1985-05-24,,,6.988,
1985-05-28,,,6.848,
1985-05-29,,,6.878,
1985-05-30,,,6.808,
1985-05-31,,,6.698,
1985-06-03,,,6.468,
1985-06-04,,,6.468,
1985-06-05,,,6.248,
1985-06-06,,,6.308,
1985-06-07,,,6.608,
1985-06-10,,,6.578,
1985-06-11,,,6.498,
1985-06-12,,,6.578,
1985-06-13,,,6.628,
1985-06-14,,,6.398,
1985-06-17,,,6.395,
1985-06-18,,,6.325,
1985-06-19,,,6.465,
1985-06-20,,,6.565,
1985-06-21,,,6.765,
1985-06-24,,,6.875,
1985-06-25,,,6.925,
1985-06-26,,,6.965,
1985-06-27,,,6.815,
1985-06-28,,,6.675,
1985-07-01,,,6.615,
1985-07-02,,,6.625,
1985-07-03,,,6.655,
1985-07-05,,,6.355,
1985-07-08,,,6.475,
1985-07-09,,,6.475,
1985-07-10,,,6.495,
1985-07-11,,,6.645,
1985-07-12,,,6.655,
1985-07-15,,,6.556,
1985-07-16,,,6.486,
1985-07-17,,,6.456,
1985-07-18,,,6.636,
1985-07-19,,,6.676,
1985-07-22,,,6.796,
1985-07-23,,,6.806,
1985-07-24,,,6.846,
1985-07-25,,,6.856,
1985-07-26,,,6.926,
1985-07-29,,,7.006,
1985-07-30,,,6.996,
1985-07-31,,,6.906,
1985-08-01,,,6.846,
1985-08-02,,,6.996,
1985-08-05,,,6.976,
1985-08-06,,,6.986,
1985-08-07,,,6.886,
1985-08-08,,,6.766,
1985-08-09,,,6.706,
1985-08-12,,,6.716,
1985-08-13,,,6.796,
1985-08-14,,,6.716,
1985-08-15,,,6.902,
1985-08-16,,,6.802,
1985-08-19,,,6.772,
1985-08-20,,,6.742,
1985-08-21,,,6.662,
1985-08-22,,,6.642,
1985-08-23,,,6.682,
1985-08-26,,,6.722,
1985-08-27,,,6.662,
1985-08-28,,,6.702,
1985-08-29,,,6.662,
1985-08-30,,,6.822,
1985-09-03,,,6.782,
1985-09-04,,,6.702,
1985-09-05,,,6.812,
1985-09-06,,,7.042,
1985-09-09,,,7.032,
1985-09-10,,,7.022,
1985-09-11,,,7.052,
1985-09-12,,,7.062,
1985-09-13,,,6.942,
1985-09-16,,,7.018,
1985-09-17,,,7.058,
1985-09-18,,,7.078,
1985-09-19,,,7.078,
1985-09-20,,,7.008,
1985-09-23,,,7.038,
1985-09-24,,,6.978,
1985-09-25,,,6.918,
1985-09-26,,,6.868,
1985-09-30,,,6.958,
1985-10-01,,,6.938,
1985-10-02,,,6.948,
1985-10-03,,,6.968,
1985-10-04,,,7.008,
1985-10-07,,,7.068,
1985-10-08,,,7.008,
1985-10-09,,,7.018,
1985-10-10,,,6.998,
1985-10-11,,,6.988,
1985-10-15,,,7.053,
1985-10-16,,,7.003,
1985-10-17,,,6.963,
1985-10-18,,,6.923,
1985-10-21,,,6.933,
1985-10-22,,,6.873,
1985-10-23,,,6.893,
1985-10-24,,,6.903,
1985-10-25,,,6.963,
1985-10-28,,,7.033,
1985-10-29,,,6.863,
1985-10-30,,,6.723,
1985-10-31,,,6.763,
1985-11-01,,,6.733,
1985-11-04,,,6.733,
1985-11-05,,,6.683,
1985-11-06,,,6.683,
1985-11-07,,,6.663,
1985-11-08,,,6.593,
1985-11-12,,,6.493,
1985-11-13,,,6.533,
1985-11-14,,,6.593,
1985-11-15,,,6.685,
1985-11-18,,,6.485,
1985-11-19,,,6.495,
1985-11-20,,,6.485,
1985-11-21,,,6.345,
1985-11-22,,,6.425,
1985-11-25,,,6.445,
1985-11-26,,,6.445,
1985-11-27,,,6.405,
1985-11-29,,,6.355,
1985-12-02,,,6.455,
1985-12-03,,,6.445,
1985-12-04,,,6.395,
1985-12-05,,,6.385,
1985-12-06,,,6.415,
1985-12-09,,,6.255,
1985-12-10,,,6.125,
1985-12-11,,,5.965,
1985-12-12,,,6.035,
1985-12-13,,,5.975,
1985-12-16,,,5.646,
1985-12-17,,,5.526,
1985-12-18,,,5.596,
1985-12-19,,,5.586,
1985-12-20,,,5.526,
1985-12-23,,,5.566,
1985-12-24,,,5.556,
1985-12-26,,,5.526,
1985-12-27,,,5.476,
1985-12-30,,,5.496,
1985-12-31,,,5.486,
1986-01-02,,,5.526,
1986-01-03,,,5.536,
1986-01-06,,,5.556,
1986-01-07,,,5.426,
1986-01-08,,,5.616,
1986-01-09,,,5.756,
1986-01-10,,,5.876,
1986-01-13,,,5.976,
1986-01-14,,,5.916,
1986-01-15,,,5.519,
1986-01-16,,,5.509,
1986-01-17,,,5.449,
1986-01-21,,,5.429,
1986-01-22,,,5.489,
1986-01-23,,,5.439,
1986-01-24,,,5.439,
1986-01-27,,,5.339,
1986-01-28,,,5.259,
1986-01-29,,,5.299,
1986-01-30,,,5.309,
1986-01-31,,,5.289,
1986-02-03,,,5.229,
1986-02-04,,,5.169,
1986-02-05,,,5.179,
1986-02-06,,,5.239,
1986-02-07,,,5.319,
1986-02-10,,,5.209,
1986-02-11,,,5.139,
1986-02-12,,,5.119,
1986-02-13,,,5.059,
1986-02-14,,,4.889,
1986-02-18,,,4.666,
1986-02-19,,,4.726,
1986-02-20,,,4.696,
1986-02-21,,,4.506,
1986-02-24,,,4.416,
1986-02-25,,,4.426,
1986-02-26,,,4.386,
1986-02-27,,,4.176,
1986-02-28,,,4.156,
1986-03-03,,,4.016,
1986-03-04,,,3.956,
1986-03-05,,,4.146,
1986-03-06,,,4.066,
1986-03-07,,,3.986,
1986-03-10,,,3.786,
1986-03-11,,,3.726,
1986-03-12,,,3.706,
1986-03-13,,,3.776,
1986-03-14,,,3.746,
1986-03-17,,,4.572,
1986-03-18,,,4.632,
1986-03-19,,,4.622,
1986-03-20,,,4.582,
1986-03-21,,,4.602,
1986-03-24,,,4.502,
1986-03-25,,,4.502,
1986-03-26,,,4.442,
1986-03-27,,,4.292,
1986-03-31,,,4.192,
1986-04-01,,,4.172,
1986-04-02,,,4.132,
1986-04-03,,,4.212,
1986-04-04,,,4.252,
1986-04-07,,,4.232,
1986-04-08,,,4.112,
1986-04-09,,,4.072,
1986-04-10,,,4.032,
1986-04-11,,,4.092,
1986-04-14,,,3.992,
1986-04-15,,,5.066,
1986-04-16,,,4.826,
1986-04-17,,,4.876,
1986-04-18,,,4.936,
1986-04-21,,,4.886,
1986-04-22,,,5.096,
1986-04-23,,,5.206,
1986-04-24,,,5.356,
1986-04-25,,,5.426,
1986-04-28,,,5.326,
1986-04-29,,,5.226,
1986-04-30,,,5.226,
1986-05-01,,,5.296,
1986-05-02,,,5.356,
1986-05-05,,,5.296,
1986-05-06,,,5.306,
1986-05-07,,,5.276,
1986-05-08,,,5.246,
1986-05-09,,,5.326,
1986-05-12,,,5.516,
1986-05-13,,,5.476,
1986-05-14,,,5.506,
1986-05-15,,,6.201,
1986-05-16,,,6.401,
1986-05-19,,,6.391,
1986-05-20,,,6.291,
1986-05-21,,,6.311,
1986-05-22,,,6.291,
1986-05-23,,,6.251,
1986-05-27,,,6.141,
1986-05-28,,,6.141,
1986-05-29,,,6.401,
1986-05-30,,,6.461,
1986-06-02,,,6.731,
1986-06-03,,,6.601,
1986-06-04,,,6.801,
1986-06-05,,,6.721,
1986-06-06,,,6.361,
1986-06-09,,,6.541,
1986-06-10,,,6.481,
1986-06-11,,,6.421,
1986-06-12,,,6.391,
1986-06-13,,,6.141,
1986-06-16,,,5.951,
1986-06-17,,,5.951,
1986-06-18,,,5.891,
1986-06-19,,,6.011,
1986-06-20,,,5.921,
1986-06-23,,,5.871,
1986-06-24,,,5.791,
1986-06-25,,,5.741,
1986-06-26,,,5.741,
1986-06-27,,,5.701,
1986-06-30,,,5.671,
1986-07-01,,,5.691,
1986-07-02,,,5.691,
1986-07-03,,,5.631,
1986-07-07,,,5.631,
1986-07-08,,,5.761,
1986-07-09,,,5.631,
1986-07-10,,,5.631,
1986-07-11,,,5.621,
1986-07-14,,,5.571,
1986-07-15,,,5.393,
1986-07-16,,,5.433,
1986-07-17,,,5.413,
1986-07-18,,,5.393,
1986-07-21,,,5.373,
1986-07-22,,,5.433,
1986-07-23,,,5.523,
1986-07-24,,,5.583,
1986-07-25,,,5.563,
1986-07-28,,,5.763,
1986-07-29,,,5.643,
1986-07-30,,,5.643,
1986-07-31,,,5.573,
1986-08-01,,,5.573,
1986-08-04,,,5.563,
1986-08-05,,,5.623,
1986-08-06,,,5.703,
1986-08-07,,,5.683,
1986-08-08,,,5.533,
1986-08-11,,,5.483,
1986-08-12,,,5.463,
1986-08-13,,,5.383,
1986-08-14,,,5.393,
1986-08-15,,,5.469,
1986-08-18,,,5.469,
1986-08-19,,,5.349,
1986-08-20,,,5.329,
1986-08-21,,,5.289,
1986-08-22,,,5.399,
1986-08-25,,,5.389,
1986-08-26,,,5.299,
1986-08-27,,,5.389,
1986-08-28,,,5.369,
1986-08-29,,,5.279,
1986-09-02,,,5.359,
1986-09-03,,,5.529,
1986-09-04,,,5.479,
1986-09-05,,,5.649,
1986-09-08,,,5.709,
1986-09-09,,,5.679,
1986-09-10,,,5.679,
1986-09-11,,,5.899,
1986-09-12,,,5.959,
1986-09-15,,,5.954,
1986-09-16,,,5.954,
1986-09-17,,,5.884,
1986-09-18,,,6.044,
1986-09-19,,,6.094,
1986-09-22,,,6.044,
1986-09-23,,,6.004,
1986-09-24,,,5.904,
1986-09-25,,,5.894,
1986-09-26,,,5.894,
1986-09-29,,,5.964,
1986-09-30,,,5.874,
1986-10-01,,,5.834,
1986-10-02,,,5.874,
1986-10-03,,,5.734,
1986-10-06,,,5.704,
1986-10-07,,,5.704,
1986-10-08,,,5.734,
1986-10-09,,,5.754,
1986-10-10,,,5.784,
1986-10-14,,,5.914,
1986-10-15,,,5.752,
1986-10-16,,,5.772,
1986-10-17,,,5.812,
1986-10-20,,,5.902,
1986-10-21,,,5.812,
1986-10-22,,,5.732,
1986-10-23,,,5.672,
1986-10-24,,,5.712,
1986-10-27,,,5.662,
1986-10-28,,,5.692,
1986-10-29,,,5.652,
1986-10-30,,,5.552,
1986-10-31,,,5.582,
1986-11-03,,,5.532,
1986-11-04,,,5.552,
1986-11-05,,,5.482,
1986-11-06,,,5.562,
1986-11-07,,,5.642,
1986-11-10,,,5.622,
1986-11-12,,,5.592,
1986-11-13,,,5.572,
1986-11-14,,,5.532,
1986-11-17,,,5.653,
1986-11-18,,,5.703,
1986-11-19,,,5.623,
1986-11-20,,,5.623,
1986-11-21,,,5.603,
1986-11-24,,,5.543,
1986-11-25,,,5.583,
1986-11-26,,,5.583,
1986-11-28,,,5.583,
1986-12-01,,,5.613,
1986-12-02,,,5.513,
1986-12-03,,,5.493,
1986-12-04,,,5.443,
1986-12-05,,,5.553,
1986-12-08,,,5.533,
1986-12-09,,,5.503,
1986-12-10,,,5.483,
1986-12-11,,,5.553,
1986-12-12,,,5.563,
1986-12-15,,,5.866,
1986-12-16,,,5.836,
1986-12-17,,,5.836,
1986-12-18,,,5.826,
1986-12-19,,,5.816,
1986-12-22,,,5.816,
1986-12-23,,,5.796,
1986-12-24,,,5.786,
1986-12-26,,,5.796,
1986-12-29,,,5.886,
1986-12-30,,,5.946,
1986-12-31,,,5.946,
1987-01-02,,,5.896,
1987-01-05,,,5.796,
1987-01-06,,,5.796,
1987-01-07,,,5.766,
1987-01-08,,,5.756,
1987-01-09,,,5.726,
1987-01-12,,,5.766,
1987-01-13,,,5.816,
1987-01-14,,,5.826,
1987-01-15,,,5.893,
1987-01-16,,,5.843,
1987-01-20,,,5.823,
1987-01-21,,,5.823,
1987-01-22,,,5.843,
1987-01-23,,,5.873,
1987-01-26,,,5.983,
1987-01-27,,,5.973,
1987-01-28,,,5.943,
1987-01-29,,,5.943,
1987-01-30,,,5.993,
1987-02-02,,,6.043,
1987-02-03,,,6.063,
1987-02-04,,,6.043,
1987-02-05,,,6.013,
1987-02-06,,,6.003,
1987-02-09,,,6.063,
1987-02-10,,,6.143,
1987-02-11,,,6.183,
1987-02-12,,,6.123,
1987-02-13,,,6.093,
1987-02-17,,,5.965,
1987-02-18,,,5.935,
1987-02-19,,,5.865,
1987-02-20,,,5.875,
1987-02-23,,,5.865,
1987-02-24,,,5.815,
1987-02-25,,,5.845,
1987-02-26,,,5.845,
1987-02-27,,,5.825,
1987-03-02,,,5.805,
1987-03-03,,,5.845,
1987-03-04,,,5.775,
1987-03-05,,,5.795,
1987-03-06,,,5.865,
1987-03-09,,,5.865,
1987-03-10,,,5.865,
1987-03-11,,,5.865,
1987-03-12,,,5.855,
1987-03-13,,,5.825,
1987-03-16,,,5.306,
1987-03-17,,,5.286,
1987-03-18,,,5.296,
1987-03-19,,,5.296,
1987-03-20,,,5.306,
1987-03-23,,,5.336,
1987-03-24,,,5.356,
1987-03-25,,,5.346,
1987-03-26,,,5.326,
1987-03-27,,,5.416,
1987-03-30,,,5.626,
1987-03-31,,,5.596,
1987-04-01,,,5.676,
1987-04-02,,,5.676,
1987-04-03,,,5.676,
1987-04-06,,,5.626,
1987-04-07,,,5.706,
1987-04-08,,,5.696,
1987-04-09,,,5.866,
1987-04-10,,,6.066,
1987-04-13,,,6.156,
1987-04-14,,,6.366,
1987-04-15,,,5.259,
1987-04-16,,,5.189,
1987-04-20,,,5.359,
1987-04-21,,,5.349,
1987-04-22,,,5.399,
1987-04-23,,,5.549,
1987-04-24,,,5.629,
1987-04-27,,,5.529,
1987-04-28,,,5.439,
1987-04-29,,,5.509,
1987-04-30,,,5.369,
1987-05-01,,,5.549,
1987-05-04,,,5.679,
1987-05-05,,,5.609,
1987-05-06,,,5.699,
1987-05-07,,,5.659,
1987-05-08,,,5.589,
1987-05-11,,,5.729,
1987-05-12,,,5.709,
1987-05-13,,,5.709,
1987-05-14,,,5.729,
1987-05-15,,,5.12,
1987-05-18,,,5.05,
1987-05-19,,,5.21,
1987-05-20,,,5.24,
1987-05-21,,,5.19,
1987-05-22,,,5.1,
1987-05-26,,,4.87,
1987-05-27,,,4.92,
1987-05-28,,,4.88,
1987-05-29,,,4.81,
1987-06-01,,,4.77,
1987-06-02,,,5.04,
1987-06-03,,,4.96,
1987-06-04,,,4.9,
1987-06-05,,,4.82,
1987-06-08,,,4.85,
1987-06-09,,,4.88,
1987-06-10,,,4.88,
1987-06-11,,,4.84,
1987-06-12,,,4.64,
1987-06-15,,,4.61,
1987-06-16,,,4.61,
1987-06-17,,,4.56,
1987-06-18,,,4.6,
1987-06-19,,,4.63,
1987-06-22,,,4.56,
1987-06-23,,,4.56,
1987-06-24,,,4.64,
1987-06-25,,,4.58,
1987-06-26,,,4.7,
1987-06-29,,,4.67,
1987-06-30,,,4.71,
1987-07-01,,,4.69,
1987-07-02,,,4.63,
1987-07-06,,,4.62,
1987-07-07,,,4.61,
1987-07-08,,,4.65,
1987-07-09,,,4.7,
1987-07-10,,,4.65,
1987-07-13,,,4.71,
1987-07-14,,,4.66,
1987-07-15,,,4.682,
1987-07-16,,,4.662,
1987-07-17,,,4.612,
1987-07-20,,,4.662,
1987-07-21,,,4.742,
1987-07-22,,,4.792,
1987-07-23,,,4.812,
1987-07-24,,,4.832,
1987-07-27,,,4.852,
1987-07-28,,,4.872,
1987-07-29,,,4.862,
1987-07-30,,,4.862,
1987-07-31,,,4.912,
1987-08-03,,,5.062,
1987-08-04,,,5.062,
1987-08-05,,,4.962,
1987-08-06,,,4.982,
1987-08-07,,,4.952,
1987-08-10,,,4.992,
1987-08-11,,,4.982,
1987-08-12,,,4.972,
1987-08-13,,,4.882,
1987-08-14,,,4.832,
1987-08-17,,,4.633,
1987-08-18,,,4.803,
1987-08-19,,,4.843,
1987-08-20,,,4.813,
1987-08-21,,,4.843,
1987-08-24,,,4.853,
1987-08-25,,,4.803,
1987-08-26,,,4.863,
1987-08-27,,,4.993,
1987-08-28,,,5.093,
1987-08-31,,,5.073,
1987-09-01,,,5.123,
1987-09-02,,,5.353,
1987-09-03,,,5.363,
1987-09-04,,,5.373,
1987-09-08,,,5.573,
1987-09-09,,,5.553,
1987-09-10,,,5.493,
1987-09-11,,,5.403,
1987-09-14,,,5.413,
1987-09-15,,,5.152,
1987-09-16,,,5.232,
1987-09-17,,,5.192,
1987-09-18,,,5.092,
1987-09-21,,,5.162,
1987-09-22,,,5.082,
1987-09-23,,,5.112,
1987-09-24,,,5.222,
1987-09-25,,,5.242,
1987-09-28,,,5.232,
1987-09-29,,,5.352,
1987-09-30,,,5.342,
1987-10-01,,,5.372,
1987-10-02,,,5.312,
1987-10-05,,,5.402,
1987-10-06,,,5.432,
1987-10-07,,,5.422,
1987-10-08,,,5.572,
1987-10-09,,,5.652,
1987-10-13,,,5.612,
1987-10-14,,,5.842,
1987-10-15,,,5.907,
1987-10-16,,,5.957,
1987-10-19,,,5.877,
1987-10-20,,,5.127,
1987-10-21,,,5.027,
1987-10-22,,,4.697,
1987-10-23,,,4.707,
1987-10-26,,,4.527,
1987-10-27,,,4.647,
1987-10-28,,,4.737,
1987-10-29,,,4.617,
1987-10-30,,,4.607,
1987-11-02,,,4.707,
1987-11-03,,,4.637,
1987-11-04,,,4.577,
1987-11-05,,,4.447,
1987-11-06,,,4.487,
1987-11-09,,,4.507,
1987-11-10,,,4.517,
1987-11-12,,,4.527,
1987-11-13,,,4.567,
1987-11-16,,,4.464,
1987-11-17,,,4.504,
1987-11-18,,,4.494,
1987-11-19,,,4.474,
1987-11-20,,,4.434,
1987-11-23,,,4.444,
1987-11-24,,,4.534,
1987-11-25,,,4.624,
1987-11-27,,,4.754,
1987-11-30,,,4.634,
1987-12-01,,,4.654,
1987-12-02,,,4.654,
1987-12-03,,,4.584,
1987-12-04,,,4.584,
1987-12-07,,,4.714,
1987-12-08,,,4.734,
1987-12-09,,,4.694,
1987-12-10,,,4.874,
1987-12-11,,,4.924,
1987-12-14,,,4.874,
1987-12-15,,,4.561,
1987-12-16,,,4.471,
1987-12-17,,,4.501,
1987-12-18,,,4.361,
1987-12-21,,,4.351,
1987-12-22,,,4.421,
1987-12-23,,,4.301,
1987-12-24,,,4.291,
1987-12-28,,,4.401,
1987-12-29,,,4.321,
1987-12-30,,,4.251,
1987-12-31,,,4.301,
1988-01-04,,,4.301,
1988-01-05,,,4.231,
1988-01-06,,,4.291,
1988-01-07,,,4.301,
1988-01-08,,,4.441,
1988-01-11,,,4.411,
1988-01-12,,,4.401,
1988-01-13,,,4.341,
1988-01-14,,,4.331,
1988-01-15,,,4.268,
1988-01-19,,,4.318,
1988-01-20,,,4.278,
1988-01-21,,,4.198,
1988-01-22,,,4.158,
1988-01-25,,,4.118,
1988-01-26,,,4.208,
1988-01-27,,,4.048,
1988-01-28,,,3.998,
1988-01-29,,,3.928,
1988-02-01,,,3.928,
1988-02-02,,,3.848,
1988-02-03,,,3.878,
1988-02-04,,,3.908,
1988-02-05,,,3.788,
1988-02-08,,,3.858,
1988-02-09,,,3.828,
1988-02-10,,,3.778,
1988-02-11,,,3.828,
1988-02-12,,,3.948,
1988-02-16,,,4.181,
1988-02-17,,,4.191,
1988-02-18,,,4.151,
1988-02-19,,,4.131,
1988-02-22,,,4.111,
1988-02-23,,,4.041,
1988-02-24,,,4.051,
1988-02-25,,,4.101,
1988-02-26,,,4.051,
1988-02-29,,,4.031,
1988-03-01,,,4.021,
1988-03-02,,,4.001,
1988-03-03,,,3.991,
1988-03-04,,,4.151,
1988-03-07,,,4.171,
1988-03-08,,,4.201,
1988-03-09,,,4.191,
1988-03-10,,,4.221,
1988-03-11,,,4.161,
1988-03-14,,,4.161,
1988-03-15,,,4.364,
1988-03-16,,,4.424,
1988-03-17,,,4.364,
1988-03-18,,,4.474,
1988-03-21,,,4.534,
1988-03-22,,,4.524,
1988-03-23,,,4.534,
1988-03-24,,,4.574,
1988-03-25,,,4.534,
1988-03-28,,,4.644,
1988-03-29,,,4.624,
1988-03-30,,,4.634,
1988-03-31,,,4.634,
1988-04-04,,,4.744,
1988-04-05,,,4.734,
1988-04-06,,,4.674,
1988-04-07,,,4.664,
1988-04-08,,,4.584,
1988-04-11,,,4.654,
1988-04-12,,,4.634,
1988-04-13,,,4.624,
1988-04-14,,,4.734,
1988-04-15,,,4.908,
1988-04-18,,,4.978,
1988-04-19,,,4.978,
1988-04-20,,,4.998,
1988-04-21,,,4.988,
1988-04-22,,,4.948,
1988-04-25,,,4.948,
1988-04-26,,,4.968,
1988-04-27,,,4.968,
1988-04-28,,,5.028,
1988-04-29,,,5.038,
1988-05-02,,,5.108,
1988-05-03,,,5.058,
1988-05-04,,,5.068,
1988-05-05,,,5.088,
1988-05-06,,,5.178,
1988-05-09,,,5.198,
1988-05-10,,,5.238,
1988-05-11,,,5.218,
1988-05-12,,,5.208,
1988-05-13,,,5.168,
1988-05-16,,,5.017,
1988-05-17,,,5.127,
1988-05-18,,,5.197,
1988-05-19,,,5.187,
1988-05-20,,,5.227,
1988-05-23,,,5.237,
1988-05-24,,,5.227,
1988-05-25,,,5.207,
1988-05-26,,,5.217,
1988-05-27,,,5.247,
1988-05-31,,,5.207,
1988-06-01,,,5.037,
1988-06-02,,,5.077,
1988-06-03,,,4.977,
1988-06-06,,,4.977,
1988-06-07,,,5.027,
1988-06-08,,,4.927,
1988-06-09,,,4.967,
1988-06-10,,,4.927,
1988-06-13,,,4.917,
1988-06-14,,,4.697,
1988-06-15,,,4.728,
1988-06-16,,,4.908,
1988-06-17,,,5.038,
1988-06-20,,,5.038,
1988-06-21,,,5.048,
1988-06-22,,,4.918,
1988-06-23,,,4.898,
1988-06-24,,,4.868,
1988-06-27,,,4.958,
1988-06-28,,,4.888,
1988-06-29,,,4.898,
1988-06-30,,,4.838,
1988-07-01,,,4.788,
1988-07-05,,,4.838,
1988-07-06,,,4.928,
1988-07-07,,,4.968,
1988-07-08,,,5.058,
1988-07-11,,,5.038,
1988-07-12,,,5.098,
1988-07-13,,,5.138,
1988-07-14,,,5.138,
1988-07-15,,,5.115,
1988-07-18,,,5.185,
1988-07-19,,,5.135,
1988-07-20,,,5.145,
1988-07-21,,,5.195,
1988-07-22,,,5.145,
1988-07-25,,,5.105,
1988-07-26,,,5.125,
1988-07-27,,,5.175,
1988-07-28,,,5.195,
1988-07-29,,,5.155,
1988-08-01,,,5.105,
1988-08-02,,,5.035,
1988-08-03,,,5.075,
1988-08-04,,,5.025,
1988-08-05,,,5.155,
1988-08-08,,,5.155,
1988-08-09,,,5.235,
1988-08-10,,,5.335,
1988-08-11,,,5.385,
1988-08-12,,,5.395,
1988-08-15,,,5.24,
1988-08-16,,,5.22,
1988-08-17,,,5.25,
1988-08-18,,,5.22,
1988-08-19,,,5.22,
1988-08-22,,,5.24,
1988-08-23,,,5.19,
1988-08-24,,,5.21,
1988-08-25,,,5.28,
1988-08-26,,,5.25,
1988-08-29,,,5.17,
1988-08-30,,,5.14,
1988-08-31,,,5.12,
1988-09-01,,,5.12,
1988-09-02,,,4.87,
1988-09-06,,,4.86,
1988-09-07,,,4.86,
1988-09-08,,,4.86,
1988-09-09,,,4.8,
1988-09-12,,,4.84,
1988-09-13,,,4.81,
1988-09-14,,,4.75,
1988-09-15,,,4.798,
1988-09-16,,,4.818,
1988-09-19,,,4.858,
1988-09-20,,,4.858,
1988-09-21,,,4.818,
1988-09-22,,,4.838,
1988-09-23,,,4.858,
1988-09-26,,,4.888,
1988-09-27,,,4.928,
1988-09-28,,,4.948,
1988-09-29,,,4.868,
1988-09-30,,,4.758,
1988-10-03,,,4.728,
1988-10-04,,,4.758,
1988-10-05,,,4.758,
1988-10-06,,,4.758,
1988-10-07,,,4.588,
1988-10-11,,,4.638,
1988-10-12,,,4.728,
1988-10-13,,,4.728,
1988-10-14,,,4.698,
1988-10-17,,,4.605,
1988-10-18,,,4.595,
1988-10-19,,,4.635,
1988-10-20,,,4.605,
1988-10-21,,,4.645,
1988-10-24,,,4.645,
1988-10-25,,,4.645,
1988-10-26,,,4.605,
1988-10-27,,,4.535,
1988-10-28,,,4.505,
1988-10-31,,,4.465,
1988-11-01,,,4.495,
1988-11-02,,,4.545,
1988-11-03,,,4.505,
1988-11-04,,,4.665,
1988-11-07,,,4.725,
1988-11-08,,,4.725,
1988-11-09,,,4.725,
1988-11-10,,,4.715,
1988-11-14,,,4.725,
1988-11-15,,,4.659,
1988-11-16,,,4.739,
1988-11-17,,,4.799,
1988-11-18,,,4.789,
1988-11-21,,,4.779,
1988-11-22,,,4.829,
1988-11-23,,,4.819,
1988-11-25,,,4.909,
1988-11-28,,,4.899,
1988-11-29,,,4.869,
1988-11-30,,,4.799,
1988-12-01,,,4.749,
1988-12-02,,,4.919,
1988-12-05,,,4.869,
1988-12-06,,,4.689,
1988-12-07,,,4.739,
1988-12-08,,,4.759,
1988-12-09,,,4.809,
1988-12-12,,,4.819,
1988-12-13,,,4.889,
1988-12-14,,,4.929,
1988-12-15,,,4.944,
1988-12-16,,,4.924,
1988-12-19,,,4.904,
1988-12-20,,,4.834,
1988-12-21,,,4.824,
1988-12-22,,,4.824,
1988-12-23,,,4.804,
1988-12-27,,,4.884,
1988-12-28,,,4.964,
1988-12-29,,,4.934,
1988-12-30,,,4.894,
1989-01-03,,,4.984,
1989-01-04,,,4.974,
1989-01-05,,,5.024,
1989-01-06,,,5.004,
1989-01-09,,,4.984,
1989-01-10,,,4.994,
1989-01-11,,,4.994,
1989-01-12,,,4.894,
1989-01-13,,,4.814,
1989-01-17,,,4.648,
1989-01-18,,,4.578,
1989-01-19,,,4.588,
1989-01-20,,,4.618,
1989-01-23,,,4.588,
1989-01-24,,,4.518,
1989-01-25,,,4.578,
1989-01-26,,,4.578,
1989-01-27,,,4.538,
1989-01-30,,,4.588,
1989-01-31,,,4.598,
1989-02-01,,,4.578,
1989-02-02,,,4.568,
1989-02-03,,,4.598,
1989-02-06,,,4.598,
1989-02-07,,,4.548,
1989-02-08,,,4.538,
1989-02-09,,,4.718,
1989-02-10,,,4.778,
1989-02-13,,,4.788,
1989-02-14,,,4.818,
1989-02-15,,,4.737,
1989-02-16,,,4.727,
1989-02-17,,,4.717,
1989-02-21,,,4.737,
1989-02-22,,,4.807,
1989-02-23,,,4.877,
1989-02-24,,,4.897,
1989-02-27,,,4.877,
1989-02-28,,,4.837,
1989-03-01,,,4.877,
1989-03-02,,,4.827,
1989-03-03,,,4.827,
1989-03-06,,,4.777,
1989-03-07,,,4.777,
1989-03-08,,,4.747,
1989-03-09,,,4.757,
1989-03-10,,,4.857,
1989-03-13,,,4.867,
1989-03-14,,,4.837,
1989-03-15,,,4.663,
1989-03-16,,,4.653,
1989-03-17,,,4.843,
1989-03-20,,,4.883,
1989-03-21,,,4.883,
1989-03-22,,,4.803,
1989-03-23,,,4.783,
1989-03-27,,,4.793,
1989-03-28,,,4.763,
1989-03-29,,,4.713,
1989-03-30,,,4.693,
1989-03-31,,,4.653,
1989-04-03,,,4.563,
1989-04-04,,,4.523,
1989-04-05,,,4.523,
1989-04-06,,,4.553,
1989-04-07,,,4.623,
1989-04-10,,,4.623,
1989-04-11,,,4.623,
1989-04-12,,,4.643,
1989-04-13,,,4.693,
1989-04-14,,,4.533,
1989-04-17,,,4.307,
1989-04-18,,,4.167,
1989-04-19,,,4.187,
1989-04-20,,,4.307,
1989-04-21,,,4.257,
1989-04-24,,,4.257,
1989-04-25,,,4.227,
1989-04-26,,,4.217,
1989-04-27,,,4.157,
1989-04-28,,,4.127,
1989-05-01,,,4.247,
1989-05-02,,,4.187,
1989-05-03,,,4.167,
1989-05-04,,,4.167,
1989-05-05,,,4.097,
1989-05-08,,,4.147,
1989-05-09,,,4.257,
1989-05-10,,,4.267,
1989-05-11,,,4.207,
1989-05-12,,,3.917,
1989-05-15,,,3.786,
1989-05-16,,,3.786,
1989-05-17,,,3.766,
1989-05-18,,,3.746,
1989-05-19,,,3.676,
1989-05-22,,,3.546,
1989-05-23,,,3.566,
1989-05-24,,,3.596,
1989-05-25,,,3.636,
1989-05-26,,,3.626,
1989-05-30,,,3.606,
1989-05-31,,,3.566,
1989-06-01,,,3.576,
1989-06-02,,,3.396,
1989-06-05,,,3.326,
1989-06-06,,,3.326,
1989-06-07,,,3.236,
1989-06-08,,,3.236,
1989-06-09,,,3.116,
1989-06-12,,,3.126,
1989-06-13,,,3.216,
1989-06-14,,,3.166,
1989-06-15,,,3.053,
1989-06-16,,,3.073,
1989-06-19,,,3.093,
1989-06-20,,,3.033,
1989-06-21,,,3.093,
1989-06-22,,,3.103,
1989-06-23,,,2.973,
1989-06-26,,,2.903,
1989-06-27,,,2.833,
1989-06-28,,,2.893,
1989-06-29,,,2.843,
1989-06-30,,,2.823,
1989-07-03,,,2.813,
1989-07-05,,,2.833,
1989-07-06,,,2.803,
1989-07-07,,,2.743,
1989-07-10,,,2.713,
1989-07-11,,,2.723,
1989-07-12,,,2.723,
1989-07-13,,,2.723,
1989-07-14,,,2.763,
1989-07-17,,,2.881,
1989-07-18,,,2.961,
1989-07-19,,,2.921,
1989-07-20,,,2.841,
1989-07-21,,,2.901,
1989-07-24,,,2.881,
1989-07-25,,,2.841,
1989-07-26,,,2.851,
1989-07-27,,,2.751,
1989-07-28,,,2.701,
1989-07-31,,,2.651,
1989-08-01,,,2.571,
1989-08-02,,,2.591,
1989-08-03,,,2.631,
1989-08-04,,,2.831,
1989-08-07,,,2.861,
1989-08-08,,,2.831,
1989-08-09,,,2.881,
1989-08-10,,,2.851,
1989-08-11,,,2.921,
1989-08-14,,,3.071,
1989-08-15,,,3.147,
1989-08-16,,,3.057,
1989-08-17,,,3.117,
1989-08-18,,,3.087,
1989-08-21,,,3.137,
1989-08-22,,,3.227,
1989-08-23,,,3.187,
1989-08-24,,,3.137,
1989-08-25,,,3.147,
1989-08-28,,,3.207,
1989-08-29,,,3.207,
1989-08-30,,,3.187,
1989-08-31,,,3.197,
1989-09-01,,,3.127,
1989-09-05,,,3.127,
1989-09-06,,,3.107,
1989-09-07,,,3.107,
1989-09-08,,,3.077,
1989-09-11,,,3.067,
1989-09-12,,,3.067,
1989-09-13,,,3.117,
1989-09-14,,,3.067,
1989-09-15,,,3.468,
1989-09-18,,,3.478,
1989-09-19,,,3.468,
1989-09-20,,,3.528,
1989-09-21,,,3.578,
1989-09-22,,,3.598,
1989-09-25,,,3.698,
1989-09-26,,,3.678,
1989-09-27,,,3.678,
1989-09-28,,,3.678,
1989-09-29,,,3.688,
1989-10-02,,,3.658,
1989-10-03,,,3.608,
1989-10-04,,,3.598,
1989-10-05,,,3.528,
1989-10-06,,,3.408,
1989-10-10,,,3.408,
1989-10-11,,,3.448,
1989-10-12,,,3.418,
1989-10-13,,,3.248,
1989-10-16,,,3.545,
1989-10-17,,,3.565,
1989-10-18,,,3.575,
1989-10-19,,,3.525,
1989-10-20,,,3.545,
1989-10-23,,,3.485,
1989-10-24,,,3.435,
1989-10-25,,,3.425,
1989-10-26,,,3.445,
1989-10-27,,,3.505,
1989-10-30,,,3.485,
1989-10-31,,,3.485,
1989-11-01,,,3.475,
1989-11-02,,,3.435,
1989-11-03,,,3.525,
1989-11-06,,,3.565,
1989-11-07,,,3.465,
1989-11-08,,,3.435,
1989-11-09,,,3.465,
1989-11-10,,,3.485,
1989-11-13,,,3.455,
1989-11-14,,,3.435,
1989-11-15,,,3.233,
1989-11-16,,,3.233,
1989-11-17,,,3.293,
1989-11-20,,,3.273,
1989-11-21,,,3.263,
1989-11-22,,,3.223,
1989-11-24,,,3.213,
1989-11-27,,,3.263,
1989-11-28,,,3.273,
1989-11-29,,,3.293,
1989-11-30,,,3.253,
1989-12-01,,,3.223,
1989-12-04,,,3.233,
1989-12-05,,,3.233,
1989-12-06,,,3.263,
1989-12-07,,,3.293,
1989-12-08,,,3.233,
1989-12-11,,,3.243,
1989-12-12,,,3.253,
1989-12-13,,,3.233,
1989-12-14,,,3.203,
1989-12-15,,,3.145,
1989-12-18,,,3.115,
1989-12-19,,,3.125,
1989-12-20,,,3.115,
1989-12-21,,,3.115,
1989-12-22,,,3.165,
1989-12-26,,,3.295,
1989-12-27,,,3.285,
1989-12-28,,,3.255,
1989-12-29,,,3.275,
1990-01-02,,,3.285,
1990-01-03,,,3.335,
1990-01-04,,,3.325,
1990-01-05,,,3.335,
1990-01-08,,,3.365,
1990-01-09,,,3.365,
1990-01-10,,,3.375,
1990-01-11,,,3.385,
1990-01-12,,,3.445,
1990-01-16,,,3.56,
1990-01-17,,,3.55,
1990-01-18,,,3.68,
1990-01-19,,,3.62,
1990-01-22,,,3.63,
1990-01-23,,,3.62,
1990-01-24,,,3.74,
1990-01-25,,,3.78,
1990-01-26,,,3.85,
1990-01-29,,,3.86,
1990-01-30,,,3.87,
1990-01-31,,,3.79,
1990-02-01,,,3.78,
1990-02-02,,,3.86,
1990-02-05,,,3.89,
1990-02-06,,,3.93,
1990-02-07,,,3.88,
1990-02-08,,,3.85,
1990-02-09,,,3.67,
1990-02-12,,,3.76,
1990-02-13,,,3.71,
1990-02-14,,,3.72,
1990-02-15,,,3.232,
1990-02-16,,,3.222,
1990-02-20,,,3.422,
1990-02-21,,,3.422,
1990-02-22,,,3.342,
1990-02-23,,,3.332,
1990-02-26,,,3.262,
1990-02-27,,,3.212,
1990-02-28,,,3.312,
1990-03-01,,,3.392,
1990-03-02,,,3.342,
1990-03-05,,,3.452,
1990-03-06,,,3.392,
1990-03-07,,,3.382,
1990-03-08,,,3.372,
1990-03-09,,,3.452,
1990-03-12,,,3.432,
1990-03-13,,,3.532,
1990-03-14,,,3.452,
1990-03-15,,,3.397,
1990-03-16,,,3.327,
1990-03-19,,,3.327,
1990-03-20,,,3.277,
1990-03-21,,,3.287,
1990-03-22,,,3.267,
1990-03-23,,,3.257,
1990-03-26,,,3.247,
1990-03-27,,,3.257,
1990-03-28,,,3.247,
1990-03-29,,,3.337,
1990-03-30,,,3.387,
1990-04-02,,,3.387,
1990-04-03,,,3.367,
1990-04-04,,,3.287,
1990-04-05,,,3.307,
1990-04-06,,,3.297,
1990-04-09,,,3.327,
1990-04-10,,,3.337,
1990-04-11,,,3.367,
1990-04-12,,,3.377,
1990-04-16,,,3.443,
1990-04-17,,,3.533,
1990-04-18,,,3.623,
1990-04-19,,,3.633,
1990-04-20,,,3.713,
1990-04-23,,,3.743,
1990-04-24,,,3.763,
1990-04-25,,,3.773,
1990-04-26,,,3.833,
1990-04-27,,,3.823,
1990-04-30,,,3.803,
1990-05-01,,,3.843,
1990-05-02,,,3.853,
1990-05-03,,,3.803,
1990-05-04,,,3.603,
1990-05-07,,,3.633,
1990-05-08,,,3.603,
1990-05-09,,,3.643,
1990-05-10,,,3.583,
1990-05-11,,,3.403,
1990-05-14,,,3.373,
1990-05-15,,,3.938,
1990-05-16,,,3.968,
1990-05-17,,,3.978,
1990-05-18,,,4.038,
1990-05-21,,,4.028,
1990-05-22,,,3.938,
1990-05-23,,,3.898,
1990-05-24,,,3.918,
1990-05-25,,,3.978,
1990-05-29,,,3.948,
1990-05-30,,,3.908,
1990-05-31,,,3.888,
1990-06-01,,,3.728,
1990-06-04,,,3.728,
1990-06-05,,,3.758,
1990-06-06,,,3.748,
1990-06-07,,,3.748,
1990-06-08,,,3.748,
1990-06-11,,,3.768,
1990-06-12,,,3.768,
1990-06-13,,,3.688,
1990-06-14,,,3.668,
1990-06-15,,,4.095,
1990-06-18,,,4.135,
1990-06-19,,,4.145,
1990-06-20,,,4.185,
1990-06-21,,,4.155,
1990-06-22,,,4.145,
1990-06-25,,,4.215,
1990-06-26,,,4.195,
1990-06-27,,,4.155,
1990-06-28,,,4.105,
1990-06-29,,,4.065,
1990-07-02,,,4.065,
1990-07-03,,,4.035,
1990-07-05,,,4.055,
1990-07-06,,,4.145,
1990-07-09,,,4.205,
1990-07-10,,,4.205,
1990-07-11,,,4.205,
1990-07-12,,,4.135,
1990-07-13,,,4.085,
1990-07-16,,,3.766,
1990-07-17,,,3.766,
1990-07-18,,,3.826,
1990-07-19,,,3.836,
1990-07-20,,,3.806,
1990-07-23,,,3.806,
1990-07-24,,,3.856,
1990-07-25,,,3.816,
1990-07-26,,,3.816,
1990-07-27,,,3.746,
1990-07-30,,,3.666,
1990-07-31,,,3.686,
1990-08-01,,,3.616,
1990-08-02,,,3.736,
1990-08-03,,,3.756,
1990-08-06,,,4.036,
1990-08-07,,,4.106,
1990-08-08,,,4.096,
1990-08-09,,,3.986,
1990-08-10,,,4.006,
1990-08-13,,,4.036,
1990-08-14,,,3.986,
1990-08-15,,,3.821,
1990-08-16,,,3.941,
1990-08-17,,,3.981,
1990-08-20,,,3.991,
1990-08-21,,,4.021,
1990-08-22,,,4.091,
1990-08-23,,,4.181,
1990-08-24,,,4.231,
1990-08-27,,,4.081,
1990-08-28,,,4.121,
1990-08-29,,,4.021,
1990-08-30,,,4.041,
1990-08-31,,,4.041,
1990-09-04,,,4.081,
1990-09-05,,,4.041,
1990-09-06,,,4.021,
1990-09-07,,,3.991,
1990-09-10,,,4.031,
1990-09-11,,,4.011,
1990-09-12,,,4.001,
1990-09-13,,,4.001,
1990-09-14,,,4.051,
1990-09-17,,,3.197,
1990-09-18,,,3.197,
1990-09-19,,,3.177,
1990-09-20,,,3.207,
1990-09-21,,,3.287,
1990-09-24,,,3.337,
1990-09-25,,,3.317,
1990-09-26,,,3.297,
1990-09-27,,,3.207,
1990-09-28,,,3.117,
1990-10-01,,,3.007,
1990-10-02,,,2.987,
1990-10-03,,,3.007,
1990-10-04,,,2.967,
1990-10-05,,,2.947,
1990-10-09,,,3.127,
1990-10-10,,,3.187,
1990-10-11,,,3.217,
1990-10-12,,,3.137,
1990-10-15,,,2.63,
1990-10-16,,,2.62,
1990-10-17,,,2.59,
1990-10-18,,,2.54,
1990-10-19,,,2.45,
1990-10-22,,,2.46,
1990-10-23,,,2.48,
1990-10-24,,,2.49,
1990-10-25,,,2.45,
1990-10-26,,,2.46,
1990-10-29,,,2.53,
1990-10-30,,,2.53,
1990-10-31,,,2.48,
1990-11-01,,,2.4,
1990-11-02,,,2.4,
1990-11-05,,,2.33,
1990-11-06,,,2.35,
1990-11-07,,,2.4,
1990-11-08,,,2.41,
1990-11-09,,,2.32,
1990-11-13,,,2.2,
1990-11-14,,,2.19,
1990-11-15,,,1.99,
1990-11-16,,,1.92,
1990-11-19,,,1.97,
1990-11-20,,,1.93,
1990-11-21,,,1.89,
1990-11-23,,,1.9,
1990-11-26,,,1.89,
1990-11-27,,,1.9,
1990-11-28,,,1.92,
1990-11-29,,,1.94,
1990-11-30,,,1.88,
1990-12-03,,,1.84,
1990-12-04,,,1.82,
1990-12-05,,,1.78,
1990-12-06,,,1.8,
1990-12-07,,,1.65,
1990-12-10,,,1.6,
1990-12-11,,,1.56,
1990-12-12,,,1.53,
1990-12-13,,,1.6,
1990-12-14,,,1.67,
1990-12-17,,,1.825,
1990-12-18,,,1.795,
1990-12-19,,,1.805,
1990-12-20,,,1.855,
1990-12-21,,,1.915,
1990-12-24,,,2.005,
1990-12-26,,,1.955,
1990-12-27,,,1.915,
1990-12-28,,,1.945,
1990-12-31,,,1.885,
1991-01-02,,,1.775,
1991-01-03,,,1.735,
1991-01-04,,,1.825,
1991-01-07,,,1.935,
1991-01-08,,,1.965,
1991-01-09,,,2.055,
1991-01-10,,,1.965,
1991-01-11,,,2.005,
1991-01-14,,,2.035,
1991-01-15,,,1.965,
1991-01-16,,,1.985,
1991-01-17,,,1.795,
1991-01-18,,,1.775,
1991-01-22,,,1.815,
1991-01-23,,,1.785,
1991-01-24,,,1.745,
1991-01-25,,,1.805,
1991-01-28,,,1.805,
1991-01-29,,,1.775,
1991-01-30,,,1.795,
1991-01-31,,,1.775,
1991-02-01,,,1.655,
1991-02-04,,,1.625,
1991-02-05,,,1.595,
1991-02-06,,,1.535,
1991-02-07,,,1.565,
1991-02-08,,,1.515,
1991-02-11,,,1.525,
1991-02-12,,,1.525,
1991-02-13,,,1.525,
1991-02-14,,,1.545,
1991-02-15,,,2.133,
1991-02-19,,,2.153,
1991-02-20,,,2.193,
1991-02-21,,,2.233,
1991-02-22,,,2.263,
1991-02-25,,,2.263,
1991-02-26,,,2.313,
1991-02-27,,,2.333,
1991-02-28,,,2.373,
1991-03-01,,,2.473,
1991-03-04,,,2.473,
1991-03-05,,,2.433,
1991-03-06,,,2.463,
1991-03-07,,,2.423,
1991-03-08,,,2.483,
1991-03-11,,,2.413,
1991-03-12,,,2.443,
1991-03-13,,,2.373,
1991-03-14,,,2.373,
1991-03-15,,,2.787,
1991-03-18,,,2.837,
1991-03-19,,,2.937,
1991-03-20,,,2.887,
1991-03-21,,,2.847,
1991-03-22,,,2.817,
1991-03-25,,,2.817,
1991-03-26,,,2.817,
1991-03-27,,,2.767,
1991-03-28,,,2.737,
1991-04-01,,,2.757,
1991-04-02,,,2.717,
1991-04-03,,,2.737,
1991-04-04,,,2.687,
1991-04-05,,,2.677,
1991-04-08,,,2.667,
1991-04-09,,,2.717,
1991-04-10,,,2.787,
1991-04-11,,,2.777,
1991-04-12,,,2.667,
1991-04-15,,,3.129,
1991-04-16,,,3.149,
1991-04-17,,,3.129,
1991-04-18,,,3.199,
1991-04-19,,,3.279,
1991-04-22,,,3.329,
1991-04-23,,,3.299,
1991-04-24,,,3.239,
1991-04-25,,,3.249,
1991-04-26,,,3.239,
1991-04-29,,,3.249,
1991-04-30,,,3.199,
1991-05-01,,,3.189,
1991-05-02,,,3.149,
1991-05-03,,,3.219,
1991-05-06,,,3.229,
1991-05-07,,,3.239,
1991-05-08,,,3.219,
1991-05-09,,,3.199,
1991-05-10,,,3.299,
1991-05-13,,,3.249,
1991-05-14,,,3.319,
1991-05-15,,,3.32,
1991-05-16,,,3.31,
1991-05-17,,,3.27,
1991-05-20,,,3.29,
1991-05-21,,,3.25,
1991-05-22,,,3.25,
1991-05-23,,,3.29,
1991-05-24,,,3.29,
1991-05-28,,,3.26,
1991-05-29,,,3.26,
1991-05-30,,,3.21,
1991-05-31,,,3.25,
1991-06-03,,,3.33,
1991-06-04,,,3.33,
1991-06-05,,,3.38,
1991-06-06,,,3.42,
1991-06-07,,,3.48,
1991-06-10,,,3.48,
1991-06-11,,,3.48,
1991-06-12,,,3.55,
1991-06-13,,,3.53,
1991-06-14,,,3.48,
1991-06-17,,,3.265,
1991-06-18,,,3.285,
1991-06-19,,,3.295,
1991-06-20,,,3.265,
1991-06-21,,,3.285,
1991-06-24,,,3.295,
1991-06-25,,,3.295,
1991-06-26,,,3.295,
1991-06-27,,,3.285,
1991-06-28,,,3.205,
1991-07-01,,,3.225,
1991-07-02,,,3.235,
1991-07-03,,,3.225,
1991-07-05,,,3.305,
1991-07-08,,,3.305,
1991-07-09,,,3.325,
1991-07-10,,,3.315,
1991-07-11,,,3.265,
1991-07-12,,,3.225,
1991-07-15,,,3.564,
1991-07-16,,,3.574,
1991-07-17,,,3.604,
1991-07-18,,,3.614,
1991-07-19,,,3.584,
1991-07-22,,,3.584,
1991-07-23,,,3.614,
1991-07-24,,,3.544,
1991-07-25,,,3.504,
1991-07-26,,,3.504,
1991-07-29,,,3.504,
1991-07-30,,,3.514,
1991-07-31,,,3.504,
1991-08-01,,,3.504,
1991-08-02,,,3.364,
1991-08-05,,,3.344,
1991-08-06,,,3.274,
1991-08-07,,,3.234,
1991-08-08,,,3.284,
1991-08-09,,,3.284,
1991-08-12,,,3.254,
1991-08-13,,,3.214,
1991-08-14,,,3.124,
1991-08-15,,,3.472,
1991-08-16,,,3.472,
1991-08-19,,,3.462,
1991-08-20,,,3.442,
1991-08-21,,,3.432,
1991-08-22,,,3.412,
1991-08-23,,,3.512,
1991-08-26,,,3.542,
1991-08-27,,,3.522,
1991-08-28,,,3.452,
1991-08-29,,,3.372,
1991-08-30,,,3.452,
1991-09-03,,,3.442,
1991-09-04,,,3.442,
1991-09-05,,,3.462,
1991-09-06,,,3.392,
1991-09-09,,,3.362,
1991-09-10,,,3.362,
1991-09-11,,,3.372,
1991-09-12,,,3.302,
1991-09-13,,,3.292,
1991-09-16,,,3.831,
1991-09-17,,,3.821,
1991-09-18,,,3.821,
1991-09-19,,,3.811,
1991-09-20,,,3.771,
1991-09-23,,,3.751,
1991-09-24,,,3.761,
1991-09-25,,,3.781,
1991-09-26,,,3.761,
1991-09-27,,,3.691,
1991-09-30,,,3.671,
1991-10-01,,,3.651,
1991-10-02,,,3.671,
1991-10-03,,,3.671,
1991-10-04,,,3.591,
1991-10-07,,,3.601,
1991-10-08,,,3.631,
1991-10-09,,,3.711,
1991-10-10,,,3.781,
1991-10-11,,,3.691,
1991-10-15,,,4.064,
1991-10-16,,,4.054,
1991-10-17,,,4.154,
1991-10-18,,,4.134,
1991-10-21,,,4.224,
1991-10-22,,,4.274,
1991-10-23,,,4.294,
1991-10-24,,,4.254,
1991-10-25,,,4.284,
1991-10-28,,,4.254,
1991-10-29,,,4.114,
1991-10-30,,,4.084,
1991-10-31,,,4.074,
1991-11-01,,,4.084,
1991-11-04,,,4.104,
1991-11-05,,,4.164,
1991-11-06,,,4.114,
1991-11-07,,,4.034,
1991-11-08,,,4.014,
1991-11-12,,,3.974,
1991-11-13,,,4.014,
1991-11-14,,,3.954,
1991-11-15,,,4.481,
1991-11-18,,,4.481,
1991-11-19,,,4.521,
1991-11-20,,,4.531,
1991-11-21,,,4.541,
1991-11-22,,,4.591,
1991-11-25,,,4.601,
1991-11-26,,,4.571,
1991-11-27,,,4.571,
1991-11-29,,,4.531,
1991-12-02,,,4.471,
1991-12-03,,,4.431,
1991-12-04,,,4.321,
1991-12-05,,,4.361,
1991-12-06,,,4.411,
1991-12-09,,,4.371,
1991-12-10,,,4.361,
1991-12-11,,,4.371,
1991-12-12,,,4.341,
1991-12-13,,,4.371,
1991-12-16,,,4.143,
1991-12-17,,,4.113,
1991-12-18,,,4.123,
1991-12-19,,,4.043,
1991-12-20,,,3.903,
1991-12-23,,,3.813,
1991-12-24,,,3.813,
1991-12-26,,,3.783,
1991-12-27,,,3.753,
1991-12-30,,,3.693,
1991-12-31,,,3.643,
1992-01-02,,,3.713,
1992-01-03,,,3.783,
1992-01-06,,,3.753,
1992-01-07,,,3.693,
1992-01-08,,,3.703,
1992-01-09,,,3.723,
1992-01-10,,,3.783,
1992-01-13,,,3.853,
1992-01-14,,,3.963,
1992-01-15,,,4.069,
1992-01-16,,,4.149,
1992-01-17,,,4.109,
1992-01-21,,,4.049,
1992-01-22,,,4.109,
1992-01-23,,,4.219,
1992-01-24,,,4.269,
1992-01-27,,,4.259,
1992-01-28,,,4.179,
1992-01-29,,,4.269,
1992-01-30,,,4.329,
1992-01-31,,,4.329,
1992-02-03,,,4.379,
1992-02-04,,,4.309,
1992-02-05,,,4.229,
1992-02-06,,,4.219,
1992-02-07,,,4.219,
1992-02-10,,,4.229,
1992-02-11,,,4.249,
1992-02-12,,,4.319,
1992-02-13,,,4.419,
1992-02-14,,,4.429,
1992-02-18,,,4.797,
1992-02-19,,,4.747,
1992-02-20,,,4.737,
1992-02-21,,,4.777,
1992-02-24,,,4.797,
1992-02-25,,,4.767,
1992-02-26,,,4.657,
1992-02-27,,,4.677,
1992-02-28,,,4.597,
1992-03-02,,,4.707,
1992-03-03,,,4.757,
1992-03-04,,,4.757,
1992-03-05,,,4.837,
1992-03-06,,,4.807,
1992-03-09,,,4.747,
1992-03-10,,,4.757,
1992-03-11,,,4.837,
1992-03-12,,,4.947,
1992-03-13,,,5.037,
1992-03-16,,,4.871,
1992-03-17,,,4.801,
1992-03-18,,,4.801,
1992-03-19,,,4.751,
1992-03-20,,,4.821,
1992-03-23,,,4.801,
1992-03-24,,,4.711,
1992-03-25,,,4.711,
1992-03-26,,,4.751,
1992-03-27,,,4.721,
1992-03-30,,,4.721,
1992-03-31,,,4.721,
1992-04-01,,,4.641,
1992-04-02,,,4.651,
1992-04-03,,,4.601,
1992-04-06,,,4.591,
1992-04-07,,,4.591,
1992-04-08,,,4.621,
1992-04-09,,,4.531,
1992-04-10,,,4.551,
1992-04-13,,,4.511,
1992-04-14,,,4.531,
1992-04-15,,,4.18,
1992-04-16,,,4.26,
1992-04-20,,,4.4,
1992-04-21,,,4.39,
1992-04-22,,,4.38,
1992-04-23,,,4.4,
1992-04-24,,,4.36,
1992-04-27,,,4.41,
1992-04-28,,,4.38,
1992-04-29,,,4.41,
1992-04-30,,,4.42,
1992-05-01,,,4.37,
1992-05-04,,,4.39,
1992-05-05,,,4.37,
1992-05-06,,,4.27,
1992-05-07,,,4.3,
1992-05-08,,,4.22,
1992-05-11,,,4.21,
1992-05-12,,,4.17,
1992-05-13,,,4.15,
1992-05-14,,,4.15,
1992-05-15,,,4.097,
1992-05-18,,,4.097,
1992-05-19,,,4.017,
1992-05-20,,,4.067,
1992-05-21,,,4.207,
1992-05-22,,,4.167,
1992-05-26,,,4.277,
1992-05-27,,,4.257,
1992-05-28,,,4.177,
1992-05-29,,,4.147,
1992-06-01,,,4.207,
1992-06-02,,,4.167,
1992-06-03,,,4.157,
1992-06-04,,,4.157,
1992-06-05,,,4.127,
1992-06-08,,,4.127,
1992-06-09,,,4.147,
1992-06-10,,,4.167,
1992-06-11,,,4.147,
1992-06-12,,,4.107,
1992-06-15,,,4.256,
1992-06-16,,,4.216,
1992-06-17,,,4.206,
1992-06-18,,,4.166,
1992-06-19,,,4.216,
1992-06-22,,,4.216,
1992-06-23,,,4.226,
1992-06-24,,,4.176,
1992-06-25,,,4.116,
1992-06-26,,,4.126,
1992-06-29,,,4.096,
1992-06-30,,,4.116,
1992-07-01,,,4.076,
1992-07-02,,,3.906,
1992-07-06,,,3.876,
1992-07-07,,,3.846,
1992-07-08,,,3.886,
1992-07-09,,,3.886,
1992-07-10,,,3.906,
1992-07-13,,,3.946,
1992-07-14,,,3.946,
1992-07-15,,,3.885,
1992-07-16,,,3.855,
1992-07-17,,,3.885,
1992-07-20,,,3.885,
1992-07-21,,,3.875,
1992-07-22,,,3.835,
1992-07-23,,,3.705,
1992-07-24,,,3.715,
1992-07-27,,,3.675,
1992-07-28,,,3.615,
1992-07-29,,,3.585,
1992-07-30,,,3.675,
1992-07-31,,,3.705,
1992-08-03,,,3.705,
1992-08-04,,,3.645,
1992-08-05,,,3.625,
1992-08-06,,,3.635,
1992-08-07,,,3.555,
1992-08-10,,,3.505,
1992-08-11,,,3.485,
1992-08-12,,,3.465,
1992-08-13,,,3.535,
1992-08-14,,,3.515,
1992-08-17,,,3.403,
1992-08-18,,,3.323,
1992-08-19,,,3.313,
1992-08-20,,,3.303,
1992-08-21,,,3.373,
1992-08-24,,,3.523,
1992-08-25,,,3.573,
1992-08-26,,,3.523,
1992-08-27,,,3.483,
1992-08-28,,,3.473,
1992-08-31,,,3.463,
1992-09-01,,,3.403,
1992-09-02,,,3.383,
1992-09-03,,,3.383,
1992-09-04,,,3.243,
1992-09-08,,,3.133,
1992-09-09,,,3.153,
1992-09-10,,,3.153,
1992-09-11,,,3.213,
1992-09-14,,,3.163,
1992-09-15,,,3.325,
1992-09-16,,,3.335,
1992-09-17,,,3.325,
1992-09-18,,,3.335,
1992-09-21,,,3.345,
1992-09-22,,,3.425,
1992-09-23,,,3.465,
1992-09-24,,,3.405,
1992-09-25,,,3.335,
1992-09-28,,,3.295,
1992-09-29,,,3.295,
1992-09-30,,,3.295,
1992-10-01,,,3.155,
1992-10-02,,,3.185,
1992-10-05,,,3.165,
1992-10-06,,,3.225,
1992-10-07,,,3.385,
1992-10-08,,,3.335,
1992-10-09,,,3.445,
1992-10-13,,,3.435,
1992-10-14,,,3.435,
1992-10-15,,,3.537,
1992-10-16,,,3.607,
1992-10-19,,,3.697,
1992-10-20,,,3.867,
1992-10-21,,,3.807,
1992-10-22,,,3.747,
1992-10-23,,,3.837,
1992-10-26,,,3.837,
1992-10-27,,,3.787,
1992-10-28,,,3.767,
1992-10-29,,,3.717,
1992-10-30,,,3.807,
1992-11-02,,,3.887,
1992-11-03,,,3.877,
1992-11-04,,,3.897,
1992-11-05,,,3.877,
1992-11-06,,,3.977,
1992-11-09,,,4.007,
1992-11-10,,,3.917,
1992-11-12,,,3.797,
1992-11-13,,,3.827,
1992-11-16,,,3.62,
1992-11-17,,,3.58,
1992-11-18,,,3.5,
1992-11-19,,,3.53,
1992-11-20,,,3.56,
1992-11-23,,,3.58,
1992-11-24,,,3.54,
1992-11-25,,,3.56,
1992-11-27,,,3.65,
1992-11-30,,,3.67,
1992-12-01,,,3.66,
1992-12-02,,,3.65,
1992-12-03,,,3.63,
1992-12-04,,,3.56,
1992-12-07,,,3.5,
1992-12-08,,,3.45,
1992-12-09,,,3.48,
1992-12-10,,,3.49,
1992-12-11,,,3.52,
1992-12-14,,,3.55,
1992-12-15,,,3.71,
1992-12-16,,,3.65,
1992-12-17,,,3.65,
1992-12-18,,,3.64,
1992-12-21,,,3.59,
1992-12-22,,,3.53,
1992-12-23,,,3.56,
1992-12-24,,,3.57,
1992-12-28,,,3.6,
1992-12-29,,,3.57,
1992-12-30,,,3.56,
1992-12-31,,,3.58,
1993-01-04,,,3.48,
1993-01-05,,,3.49,
1993-01-06,,,3.51,
1993-01-07,,,3.64,
1993-01-08,,,3.63,
1993-01-11,,,3.59,
1993-01-12,,,3.6,
1993-01-13,,,3.59,
1993-01-14,,,3.53,
1993-01-15,,,3.633,
1993-01-19,,,3.623,
1993-01-20,,,3.643,
1993-01-21,,,3.633,
1993-01-22,,,3.603,
1993-01-25,,,3.513,
1993-01-26,,,3.533,
1993-01-27,,,3.513,
1993-01-28,,,3.473,
1993-01-29,,,3.423,
1993-02-01,,,3.413,
1993-02-02,,,3.493,
1993-02-03,,,3.483,
1993-02-04,,,3.423,
1993-02-05,,,3.353,
1993-02-08,,,3.403,
1993-02-09,,,3.443,
1993-02-10,,,3.433,
1993-02-11,,,3.403,
1993-02-12,,,3.383,
1993-02-16,,,3.086,
1993-02-17,,,3.026,
1993-02-18,,,2.916,
1993-02-19,,,2.896,
1993-02-22,,,2.836,
1993-02-23,,,2.666,
1993-02-24,,,2.756,
1993-02-25,,,2.776,
1993-02-26,,,2.776,
1993-03-01,,,2.686,
1993-03-02,,,2.696,
1993-03-03,,,2.626,
1993-03-04,,,2.576,
1993-03-05,,,2.646,
1993-03-08,,,2.596,
1993-03-09,,,2.656,
1993-03-10,,,2.716,
1993-03-11,,,2.706,
1993-03-12,,,2.856,
1993-03-15,,,2.923,
1993-03-16,,,2.813,
1993-03-17,,,2.773,
1993-03-18,,,2.683,
1993-03-19,,,2.703,
1993-03-22,,,2.713,
1993-03-23,,,2.663,
1993-03-24,,,2.703,
1993-03-25,,,2.733,
1993-03-26,,,2.843,
1993-03-29,,,2.813,
1993-03-30,,,2.773,
1993-03-31,,,2.783,
1993-04-01,,,2.813,
1993-04-02,,,2.913,
1993-04-05,,,2.883,
1993-04-06,,,2.833,
1993-04-07,,,2.823,
1993-04-08,,,2.723,
1993-04-12,,,2.673,
1993-04-13,,,2.683,
1993-04-14,,,2.653,
1993-04-15,,,2.861,
1993-04-16,,,2.871,
1993-04-19,,,2.851,
1993-04-20,,,2.851,
1993-04-21,,,2.841,
1993-04-22,,,2.831,
1993-04-23,,,2.871,
1993-04-26,,,2.921,
1993-04-27,,,3.001,
1993-04-28,,,3.011,
1993-04-29,,,2.971,
1993-04-30,,,3.031,
1993-05-03,,,2.941,
1993-05-04,,,2.901,
1993-05-05,,,2.911,
1993-05-06,,,2.871,
1993-05-07,,,2.901,
1993-05-10,,,2.871,
1993-05-11,,,2.871,
1993-05-12,,,2.941,
1993-05-13,,,3.001,
1993-05-14,,,3.011,
1993-05-17,,,2.914,
1993-05-18,,,2.994,
1993-05-19,,,2.954,
1993-05-20,,,2.934,
1993-05-21,,,3.004,
1993-05-24,,,3.004,
1993-05-25,,,3.014,
1993-05-26,,,2.964,
1993-05-27,,,2.954,
1993-05-28,,,3.004,
1993-06-01,,,2.914,
1993-06-02,,,2.904,
1993-06-03,,,2.864,
1993-06-04,,,2.954,
1993-06-07,,,2.924,
1993-06-08,,,2.934,
1993-06-09,,,2.914,
1993-06-10,,,2.914,
1993-06-11,,,2.814,
1993-06-14,,,2.814,
1993-06-15,,,2.739,
1993-06-16,,,2.739,
1993-06-17,,,2.709,
1993-06-18,,,2.749,
1993-06-21,,,2.699,
1993-06-22,,,2.689,
1993-06-23,,,2.689,
1993-06-24,,,2.659,
1993-06-25,,,2.619,
1993-06-28,,,2.579,
1993-06-29,,,2.569,
1993-06-30,,,2.579,
1993-07-01,,,2.579,
1993-07-02,,,2.539,
1993-07-06,,,2.579,
1993-07-07,,,2.579,
1993-07-08,,,2.559,
1993-07-09,,,2.539,
1993-07-12,,,2.529,
1993-07-13,,,2.559,
1993-07-14,,,2.499,
1993-07-15,,,2.722,
1993-07-16,,,2.712,
1993-07-19,,,2.712,
1993-07-20,,,2.752,
1993-07-21,,,2.832,
1993-07-22,,,2.902,
1993-07-23,,,2.952,
1993-07-26,,,2.932,
1993-07-27,,,2.922,
1993-07-28,,,2.902,
1993-07-29,,,2.812,
1993-07-30,,,2.832,
1993-08-02,,,2.852,
1993-08-03,,,2.832,
1993-08-04,,,2.872,
1993-08-05,,,2.862,
1993-08-06,,,2.862,
1993-08-09,,,2.822,
1993-08-10,,,2.822,
1993-08-11,,,2.752,
1993-08-12,,,2.772,
1993-08-13,,,2.722,
1993-08-16,,,2.833,
1993-08-17,,,2.853,
1993-08-18,,,2.843,
1993-08-19,,,2.793,
1993-08-20,,,2.763,
1993-08-23,,,2.753,
1993-08-24,,,2.693,
1993-08-25,,,2.663,
1993-08-26,,,2.573,
1993-08-27,,,2.633,
1993-08-30,,,2.593,
1993-08-31,,,2.603,
1993-09-01,,,2.613,
1993-09-02,,,2.563,
1993-09-03,,,2.463,
1993-09-07,,,2.383,
1993-09-08,,,2.383,
1993-09-09,,,2.503,
1993-09-10,,,2.443,
1993-09-13,,,2.413,
1993-09-14,,,2.523,
1993-09-15,,,2.549,
1993-09-16,,,2.529,
1993-09-17,,,2.539,
1993-09-20,,,2.579,
1993-09-21,,,2.629,
1993-09-22,,,2.609,
1993-09-23,,,2.579,
1993-09-24,,,2.579,
1993-09-27,,,2.459,
1993-09-28,,,2.439,
1993-09-29,,,2.509,
1993-09-30,,,2.559,
1993-10-01,,,2.499,
1993-10-04,,,2.499,
1993-10-05,,,2.509,
1993-10-06,,,2.509,
1993-10-07,,,2.489,
1993-10-08,,,2.419,
1993-10-12,,,2.429,
1993-10-13,,,2.429,
1993-10-14,,,2.389,
1993-10-15,,,2.426,
1993-10-18,,,2.506,
1993-10-19,,,2.506,
1993-10-20,,,2.496,
1993-10-21,,,2.586,
1993-10-22,,,2.656,
1993-10-25,,,2.706,
1993-10-26,,,2.666,
1993-10-27,,,2.676,
1993-10-28,,,2.646,
1993-10-29,,,2.666,
1993-11-01,,,2.796,
1993-11-02,,,2.866,
1993-11-03,,,2.906,
1993-11-04,,,2.906,
1993-11-05,,,2.986,
1993-11-08,,,2.936,
1993-11-09,,,2.876,
1993-11-10,,,2.956,
1993-11-12,,,2.896,
1993-11-15,,,2.938,
1993-11-16,,,2.908,
1993-11-17,,,2.898,
1993-11-18,,,2.968,
1993-11-19,,,3.088,
1993-11-22,,,3.138,
1993-11-23,,,3.068,
1993-11-24,,,3.088,
1993-11-26,,,3.028,
1993-11-29,,,3.008,
1993-11-30,,,3.078,
1993-12-01,,,3.068,
1993-12-02,,,3.058,
1993-12-03,,,3.048,
1993-12-06,,,2.968,
1993-12-07,,,2.958,
1993-12-08,,,2.958,
1993-12-09,,,2.928,
1993-12-10,,,2.978,
1993-12-13,,,3.028,
1993-12-14,,,3.068,
1993-12-15,,,3.085,
1993-12-16,,,3.095,
1993-12-17,,,3.065,
1993-12-20,,,3.085,
1993-12-21,,,3.105,
1993-12-22,,,2.995,
1993-12-23,,,2.975,
1993-12-27,,,2.975,
1993-12-28,,,2.975,
1993-12-29,,,2.995,
1993-12-30,,,3.075,
1993-12-31,,,3.085,
1994-01-03,,,3.175,
1994-01-04,,,3.135,
1994-01-05,,,3.155,
1994-01-06,,,3.095,
1994-01-07,,,2.955,
1994-01-10,,,2.925,
1994-01-11,,,2.925,
1994-01-12,,,2.855,
1994-01-13,,,2.965,
1994-01-14,,,3.035,
1994-01-18,,,2.929,
1994-01-19,,,2.949,
1994-01-20,,,2.899,
1994-01-21,,,2.919,
1994-01-24,,,2.929,
1994-01-25,,,2.969,
1994-01-26,,,2.959,
1994-01-27,,,2.919,
1994-01-28,,,2.869,
1994-01-31,,,2.889,
1994-02-01,,,2.959,
1994-02-02,,,2.959,
1994-02-03,,,2.999,
1994-02-04,,,3.129,
1994-02-07,,,3.149,
1994-02-08,,,3.199,
1994-02-09,,,3.109,
1994-02-10,,,3.099,
1994-02-11,,,3.069,
1994-02-14,,,3.089,
1994-02-15,,,3.429,
1994-02-16,,,3.439,
1994-02-17,,,3.549,
1994-02-18,,,3.639,
1994-02-22,,,3.599,
1994-02-23,,,3.679,
1994-02-24,,,3.769,
1994-02-25,,,3.759,
1994-02-28,,,3.699,
1994-03-01,,,3.829,
1994-03-02,,,3.849,
1994-03-03,,,3.899,
1994-03-04,,,3.929,
1994-03-07,,,3.869,
1994-03-08,,,3.929,
1994-03-09,,,3.929,
1994-03-10,,,4.029,
1994-03-11,,,4.009,
1994-03-14,,,4.049,
1994-03-15,,,3.954,
1994-03-16,,,3.884,
1994-03-17,,,3.884,
1994-03-18,,,3.974,
1994-03-21,,,4.034,
1994-03-22,,,3.924,
1994-03-23,,,3.924,
1994-03-24,,,4.064,
1994-03-25,,,4.094,
1994-03-28,,,4.114,
1994-03-29,,,4.194,
1994-03-30,,,4.264,
1994-03-31,,,4.254,
1994-04-04,,,4.644,
1994-04-05,,,4.454,
1994-04-06,,,4.414,
1994-04-07,,,4.344,
1994-04-08,,,4.424,
1994-04-11,,,4.404,
1994-04-12,,,4.354,
1994-04-13,,,4.414,
1994-04-14,,,4.454,
1994-04-15,,,4.318,
1994-04-18,,,4.488,
1994-04-19,,,4.448,
1994-04-20,,,4.398,
1994-04-21,,,4.258,
1994-04-22,,,4.278,
1994-04-25,,,4.208,
1994-04-26,,,4.208,
1994-04-28,,,4.388,
1994-04-29,,,4.408,
1994-05-02,,,4.438,
1994-05-03,,,4.478,
1994-05-04,,,4.488,
1994-05-05,,,4.458,
1994-05-06,,,4.698,
1994-05-09,,,4.838,
1994-05-10,,,4.678,
1994-05-11,,,4.748,
1994-05-12,,,4.708,
1994-05-13,,,4.638,
1994-05-16,,,4.876,
1994-05-17,,,4.666,
1994-05-18,,,4.666,
1994-05-19,,,4.596,
1994-05-20,,,4.656,
1994-05-23,,,4.826,
1994-05-24,,,4.806,
1994-05-25,,,4.776,
1994-05-26,,,4.726,
1994-05-27,,,4.756,
1994-05-31,,,4.806,
1994-06-01,,,4.756,
1994-06-02,,,4.706,
1994-06-03,,,4.616,
1994-06-06,,,4.546,
1994-06-07,,,4.586,
1994-06-08,,,4.596,
1994-06-09,,,4.616,
1994-06-10,,,4.666,
1994-06-13,,,4.706,
1994-06-14,,,4.636,
1994-06-15,,,4.812,
1994-06-16,,,4.782,
1994-06-17,,,4.852,
1994-06-20,,,4.872,
1994-06-21,,,4.932,
1994-06-22,,,4.842,
1994-06-23,,,4.812,
1994-06-24,,,4.932,
1994-06-27,,,4.892,
1994-06-28,,,4.972,
1994-06-29,,,4.952,
1994-06-30,,,5.052,
1994-07-01,,,5.052,
1994-07-05,,,5.022,
1994-07-06,,,5.032,
1994-07-07,,,5.012,
1994-07-08,,,5.132,
1994-07-11,,,5.182,
1994-07-12,,,5.142,
1994-07-13,,,5.122,
1994-07-14,,,4.962,
1994-07-15,,,4.755,
1994-07-18,,,4.705,
1994-07-19,,,4.655,
1994-07-20,,,4.755,
1994-07-21,,,4.775,
1994-07-22,,,4.795,
1994-07-25,,,4.775,
1994-07-26,,,4.785,
1994-07-27,,,4.845,
1994-07-28,,,4.795,
1994-07-29,,,4.625,
1994-08-01,,,4.635,
1994-08-02,,,4.615,
1994-08-03,,,4.595,
1994-08-04,,,4.625,
1994-08-05,,,4.785,
1994-08-08,,,4.785,
1994-08-09,,,4.835,
1994-08-10,,,4.805,
1994-08-11,,,4.865,
1994-08-12,,,4.775,
1994-08-15,,,4.601,
1994-08-16,,,4.491,
1994-08-17,,,4.451,
1994-08-18,,,4.581,
1994-08-19,,,4.571,
1994-08-22,,,4.611,
1994-08-23,,,4.581,
1994-08-24,,,4.521,
1994-08-25,,,4.591,
1994-08-26,,,4.541,
1994-08-29,,,4.541,
1994-08-30,,,4.501,
1994-08-31,,,4.491,
1994-09-01,,,4.491,
1994-09-02,,,4.511,
1994-09-06,,,4.571,
1994-09-07,,,4.591,
1994-09-08,,,4.601,
1994-09-09,,,4.741,
1994-09-12,,,4.761,
1994-09-13,,,4.741,
1994-09-14,,,4.711,
1994-09-15,,,4.449,
1994-09-16,,,4.619,
1994-09-19,,,4.589,
1994-09-20,,,4.629,
1994-09-21,,,4.659,
1994-09-22,,,4.659,
1994-09-23,,,4.669,
1994-09-26,,,4.669,
1994-09-27,,,4.709,
1994-09-28,,,4.669,
1994-09-29,,,4.739,
1994-09-30,,,4.719,
1994-10-03,,,4.759,
1994-10-04,,,4.799,
1994-10-05,,,4.869,
1994-10-06,,,4.879,
1994-10-07,,,4.799,
1994-10-11,,,4.749,
1994-10-12,,,4.789,
1994-10-13,,,4.739,
1994-10-14,,,4.709,
1994-10-17,,,4.654,
1994-10-18,,,4.674,
1994-10-19,,,4.714,
1994-10-20,,,4.834,
1994-10-21,,,4.844,
1994-10-24,,,4.894,
1994-10-25,,,4.914,
1994-10-26,,,4.914,
1994-10-27,,,4.914,
1994-10-28,,,4.854,
1994-10-31,,,4.844,
1994-11-01,,,4.944,
1994-11-02,,,4.994,
1994-11-03,,,4.994,
1994-11-04,,,5.074,
1994-11-07,,,5.084,
1994-11-08,,,5.044,
1994-11-09,,,4.974,
1994-11-10,,,5.014,
1994-11-14,,,4.974,
1994-11-15,,,5.31,
1994-11-16,,,5.36,
1994-11-17,,,5.42,
1994-11-18,,,5.4,
1994-11-21,,,5.42,
1994-11-22,,,5.39,
1994-11-23,,,5.2,
1994-11-25,,,5.19,
1994-11-28,,,5.27,
1994-11-29,,,5.34,
1994-11-30,,,5.3,
1994-12-01,,,5.31,
1994-12-02,,,5.2,
1994-12-05,,,5.22,
1994-12-06,,,5.12,
1994-12-07,,,5.2,
1994-12-08,,,5.18,
1994-12-09,,,5.18,
1994-12-12,,,5.24,
1994-12-13,,,5.22,
1994-12-14,,,5.19,
1994-12-15,,,5.187,
1994-12-16,,,5.207,
1994-12-19,,,5.207,
1994-12-20,,,5.207,
1994-12-21,,,5.197,
1994-12-22,,,5.237,
1994-12-23,,,5.247,
1994-12-27,,,5.157,
1994-12-28,,,5.197,
1994-12-29,,,5.217,
1994-12-30,,,5.237,
1995-01-03,,,5.277,
1995-01-04,,,5.217,
1995-01-05,,,5.277,
1995-01-06,,,5.267,
1995-01-09,,,5.287,
1995-01-10,,,5.237,
1995-01-11,,,5.187,
1995-01-12,,,5.197,
1995-01-13,,,5.087,
1995-01-17,,,5.103,
1995-01-18,,,5.113,
1995-01-19,,,5.143,
1995-01-20,,,5.223,
1995-01-23,,,5.233,
1995-01-24,,,5.263,
1995-01-25,,,5.203,
1995-01-26,,,5.163,
1995-01-27,,,5.063,
1995-01-30,,,5.053,
1995-01-31,,,5.003,
1995-02-01,,,5.063,
1995-02-02,,,5.083,
1995-02-03,,,4.893,
1995-02-06,,,4.933,
1995-02-07,,,4.923,
1995-02-08,,,4.933,
1995-02-09,,,4.983,
1995-02-10,,,5.023,
1995-02-13,,,5.013,
1995-02-14,,,4.913,
1995-02-15,,,4.579,
1995-02-16,,,4.529,
1995-02-17,,,4.559,
1995-02-21,,,4.569,
1995-02-22,,,4.469,
1995-02-23,,,4.469,
1995-02-24,,,4.459,
1995-02-27,,,4.369,
1995-02-28,,,4.349,
1995-03-01,,,4.359,
1995-03-02,,,4.429,
1995-03-03,,,4.489,
1995-03-06,,,4.539,
1995-03-07,,,4.569,
1995-03-08,,,4.489,
1995-03-09,,,4.429,
1995-03-10,,,4.359,
1995-03-13,,,4.319,
1995-03-14,,,4.219,
1995-03-15,,,4.227,
1995-03-16,,,4.187,
1995-03-17,,,4.257,
1995-03-20,,,4.257,
1995-03-21,,,4.297,
1995-03-22,,,4.347,
1995-03-23,,,4.347,
1995-03-24,,,4.227,
1995-03-27,,,4.187,
1995-03-28,,,4.297,
1995-03-29,,,4.297,
1995-03-30,,,4.317,
1995-03-31,,,4.337,
1995-04-03,,,4.277,
1995-04-04,,,4.257,
1995-04-05,,,4.257,
1995-04-06,,,4.227,
1995-04-07,,,4.247,
1995-04-10,,,4.257,
1995-04-11,,,4.227,
1995-04-12,,,4.197,
1995-04-13,,,4.167,
1995-04-17,,,4.253,
1995-04-18,,,4.253,
1995-04-19,,,4.273,
1995-04-20,,,4.233,
1995-04-21,,,4.223,
1995-04-24,,,4.223,
1995-04-25,,,4.223,
1995-04-26,,,4.223,
1995-04-27,,,4.253,
1995-04-28,,,4.283,
1995-05-01,,,4.303,
1995-05-02,,,4.253,
1995-05-03,,,4.173,
1995-05-04,,,4.063,
1995-05-05,,,3.903,
1995-05-08,,,3.913,
1995-05-09,,,3.823,
1995-05-10,,,3.873,
1995-05-11,,,3.893,
1995-05-12,,,3.883,
1995-05-15,,,3.495,
1995-05-16,,,3.445,
1995-05-17,,,3.405,
1995-05-18,,,3.485,
1995-05-19,,,3.485,
1995-05-22,,,3.505,
1995-05-23,,,3.445,
1995-05-24,,,3.315,
1995-05-25,,,3.265,
1995-05-26,,,3.275,
1995-05-30,,,3.175,
1995-05-31,,,3.175,
1995-06-01,,,3.075,
1995-06-02,,,2.975,
1995-06-05,,,2.955,
1995-06-06,,,2.955,
1995-06-07,,,3.075,
1995-06-08,,,3.095,
1995-06-09,,,3.275,
1995-06-12,,,3.245,
1995-06-13,,,3.015,
1995-06-14,,,3.025,
1995-06-15,,,3.061,
1995-06-16,,,3.091,
1995-06-19,,,3.011,
1995-06-20,,,3.041,
1995-06-21,,,3.011,
1995-06-22,,,2.921,
1995-06-23,,,2.941,
1995-06-26,,,2.991,
1995-06-27,,,3.031,
1995-06-28,,,2.981,
1995-06-29,,,3.161,
1995-06-30,,,3.091,
1995-07-03,,,3.091,
1995-07-05,,,3.071,
1995-07-06,,,2.931,
1995-07-07,,,2.921,
1995-07-10,,,2.921,
1995-07-11,,,2.971,
1995-07-12,,,2.981,
1995-07-13,,,2.971,
1995-07-14,,,3.031,
1995-07-17,,,3.177,
1995-07-18,,,3.207,
1995-07-19,,,3.387,
1995-07-20,,,3.387,
1995-07-21,,,3.487,
1995-07-24,,,3.417,
1995-07-25,,,3.387,
1995-07-26,,,3.437,
1995-07-27,,,3.387,
1995-07-28,,,3.447,
1995-07-31,,,3.407,
1995-08-01,,,3.457,
1995-08-02,,,3.397,
1995-08-03,,,3.487,
1995-08-04,,,3.457,
1995-08-07,,,3.437,
1995-08-08,,,3.427,
1995-08-09,,,3.427,
1995-08-10,,,3.467,
1995-08-11,,,3.547,
1995-08-14,,,3.547,
1995-08-15,,,3.74,
1995-08-16,,,3.71,
1995-08-17,,,3.74,
1995-08-18,,,3.74,
1995-08-21,,,3.71,
1995-08-22,,,3.74,
1995-08-23,,,3.77,
1995-08-24,,,3.67,
1995-08-25,,,3.55,
1995-08-28,,,3.51,
1995-08-29,,,3.53,
1995-08-30,,,3.5,
1995-08-31,,,3.45,
1995-09-01,,,3.39,
1995-09-05,,,3.35,
1995-09-06,,,3.34,
1995-09-07,,,3.38,
1995-09-08,,,3.41,
1995-09-11,,,3.41,
1995-09-12,,,3.33,
1995-09-13,,,3.35,
1995-09-14,,,3.25,
1995-09-15,,,3.493,
1995-09-18,,,3.553,
1995-09-19,,,3.523,
1995-09-20,,,3.483,
1995-09-21,,,3.593,
1995-09-22,,,3.633,
1995-09-25,,,3.643,
1995-09-26,,,3.663,
1995-09-27,,,3.683,
1995-09-28,,,3.663,
1995-09-29,,,3.553,
1995-10-02,,,3.533,
1995-10-03,,,3.513,
1995-10-04,,,3.503,
1995-10-05,,,3.443,
1995-10-06,,,3.443,
1995-10-10,,,3.453,
1995-10-11,,,3.473,
1995-10-12,,,3.453,
1995-10-13,,,3.353,
1995-10-16,,,3.425,
1995-10-17,,,3.425,
1995-10-18,,,3.445,
1995-10-19,,,3.435,
1995-10-20,,,3.495,
1995-10-23,,,3.525,
1995-10-24,,,3.475,
1995-10-25,,,3.455,
1995-10-26,,,3.515,
1995-10-27,,,3.505,
1995-10-30,,,3.495,
1995-10-31,,,3.485,
1995-11-01,,,3.435,
1995-11-02,,,3.375,
1995-11-03,,,3.395,
1995-11-06,,,3.415,
1995-11-07,,,3.445,
1995-11-08,,,3.375,
1995-11-09,,,3.425,
1995-11-10,,,3.455,
1995-11-13,,,3.435,
1995-11-14,,,3.425,
1995-11-15,,,3.256,
1995-11-16,,,3.186,
1995-11-17,,,3.176,
1995-11-20,,,3.186,
1995-11-21,,,3.176,
1995-11-22,,,3.186,
1995-11-24,,,3.166,
1995-11-27,,,3.136,
1995-11-28,,,3.136,
1995-11-29,,,3.106,
1995-11-30,,,3.016,
1995-12-01,,,2.966,
1995-12-04,,,2.886,
1995-12-05,,,2.906,
1995-12-06,,,2.926,
1995-12-07,,,2.976,
1995-12-08,,,2.986,
1995-12-11,,,2.966,
1995-12-12,,,2.976,
1995-12-13,,,2.996,
1995-12-14,,,2.996,
1995-12-15,,,3.147,
1995-12-18,,,3.247,
1995-12-19,,,3.207,
1995-12-20,,,3.157,
1995-12-21,,,3.167,
1995-12-22,,,3.107,
1995-12-26,,,3.087,
1995-12-27,,,3.057,
1995-12-28,,,3.027,
1995-12-29,,,2.977,
1996-01-02,,,2.997,
1996-01-03,,,2.977,
1996-01-04,,,3.047,
1996-01-05,,,3.087,
1996-01-08,,,3.077,
1996-01-09,,,3.097,
1996-01-10,,,3.197,
1996-01-11,,,3.177,
1996-01-12,,,3.147,
1996-01-16,,,3.128,
1996-01-17,,,3.048,
1996-01-18,,,2.998,
1996-01-19,,,3.008,
1996-01-22,,,3.078,
1996-01-23,,,3.128,
1996-01-24,,,3.088,
1996-01-25,,,3.168,
1996-01-26,,,3.118,
1996-01-29,,,3.158,
1996-01-30,,,3.098,
1996-01-31,,,3.068,
1996-02-01,,,3.098,
1996-02-02,,,3.128,
1996-02-05,,,3.168,
1996-02-06,,,3.148,
1996-02-07,,,3.128,
1996-02-08,,,3.128,
1996-02-09,,,3.128,
1996-02-12,,,3.078,
1996-02-13,,,3.048,
1996-02-14,,,3.088,
1996-02-15,,,2.909,
1996-02-16,,,2.969,
1996-02-20,,,3.219,
1996-02-21,,,3.189,
1996-02-22,,,3.129,
1996-02-23,,,3.179,
1996-02-26,,,3.219,
1996-02-27,,,3.269,
1996-02-28,,,3.319,
1996-02-29,,,3.339,
1996-03-01,,,3.199,
1996-03-04,,,3.129,
1996-03-05,,,3.169,
1996-03-06,,,3.259,
1996-03-07,,,3.279,
1996-03-08,,,3.619,
1996-03-11,,,3.539,
1996-03-12,,,3.569,
1996-03-13,,,3.559,
1996-03-14,,,3.569,
1996-03-15,,,3.743,
1996-03-18,,,3.713,
1996-03-19,,,3.693,
1996-03-20,,,3.623,
1996-03-21,,,3.563,
1996-03-22,,,3.603,
1996-03-25,,,3.543,
1996-03-26,,,3.533,
1996-03-27,,,3.623,
1996-03-28,,,3.693,
1996-03-29,,,3.623,
1996-04-01,,,3.593,
1996-04-02,,,3.533,
1996-04-03,,,3.553,
1996-04-04,,,3.613,
1996-04-05,,,3.853,
1996-04-08,,,3.913,
1996-04-09,,,3.843,
1996-04-10,,,3.913,
1996-04-11,,,3.963,
1996-04-12,,,3.803,
1996-04-15,,,3.626,
1996-04-16,,,3.636,
1996-04-17,,,3.676,
1996-04-18,,,3.736,
1996-04-19,,,3.686,
1996-04-22,,,3.636,
1996-04-23,,,3.676,
1996-04-24,,,3.726,
1996-04-25,,,3.716,
1996-04-26,,,3.696,
1996-04-29,,,3.746,
1996-04-30,,,3.816,
1996-05-01,,,3.836,
1996-05-02,,,4.006,
1996-05-03,,,4.056,
1996-05-06,,,4.016,
1996-05-07,,,4.026,
1996-05-08,,,3.936,
1996-05-09,,,3.996,
1996-05-10,,,3.906,
1996-05-13,,,3.876,
1996-05-14,,,3.816,
1996-05-15,,,3.817,
1996-05-16,,,3.867,
1996-05-17,,,3.817,
1996-05-20,,,3.787,
1996-05-21,,,3.817,
1996-05-22,,,3.797,
1996-05-23,,,3.847,
1996-05-24,,,3.817,
1996-05-28,,,3.837,
1996-05-29,,,3.937,
1996-05-30,,,3.947,
1996-05-31,,,4.017,
1996-06-03,,,4.037,
1996-06-04,,,4.027,
1996-06-05,,,3.987,
1996-06-06,,,3.927,
1996-06-07,,,4.097,
1996-06-10,,,4.137,
1996-06-11,,,4.157,
1996-06-12,,,4.197,
1996-06-13,,,4.177,
1996-06-14,,,4.117,
1996-06-17,,,4.073,
1996-06-18,,,4.103,
1996-06-19,,,4.133,
1996-06-20,,,4.153,
1996-06-21,,,4.133,
1996-06-24,,,4.113,
1996-06-25,,,4.083,
1996-06-26,,,4.083,
1996-06-27,,,4.003,
1996-06-28,,,3.903,
1996-07-01,,,3.913,
1996-07-02,,,3.973,
1996-07-03,,,3.953,
1996-07-05,,,4.233,
1996-07-08,,,4.223,
1996-07-09,,,4.173,
1996-07-10,,,4.123,
1996-07-11,,,4.073,
1996-07-12,,,4.023,
1996-07-15,,,4.068,
1996-07-16,,,4.018,
1996-07-17,,,4.008,
1996-07-18,,,3.898,
1996-07-19,,,3.958,
1996-07-22,,,4.018,
1996-07-23,,,3.978,
1996-07-24,,,4.048,
1996-07-25,,,4.048,
1996-07-26,,,4.028,
1996-07-29,,,4.108,
1996-07-30,,,4.068,
1996-07-31,,,3.978,
1996-08-01,,,3.828,
1996-08-02,,,3.688,
1996-08-05,,,3.708,
1996-08-06,,,3.718,
1996-08-07,,,3.728,
1996-08-08,,,3.738,
1996-08-09,,,3.678,
1996-08-12,,,3.668,
1996-08-13,,,3.748,
1996-08-14,,,3.758,
1996-08-15,,,3.737,
1996-08-16,,,3.677,
1996-08-19,,,3.707,
1996-08-20,,,3.707,
1996-08-21,,,3.727,
1996-08-22,,,3.737,
1996-08-23,,,3.837,
1996-08-26,,,3.917,
1996-08-27,,,3.897,
1996-08-28,,,3.907,
1996-08-29,,,3.977,
1996-08-30,,,4.077,
1996-09-03,,,4.037,
1996-09-04,,,4.057,
1996-09-05,,,4.097,
1996-09-06,,,4.057,
1996-09-09,,,4.017,
1996-09-10,,,4.057,
1996-09-11,,,4.057,
1996-09-12,,,3.997,
1996-09-13,,,3.857,
1996-09-16,,,3.918,
1996-09-17,,,3.998,
1996-09-18,,,4.018,
1996-09-19,,,4.058,
1996-09-20,,,4.038,
1996-09-23,,,4.018,
1996-09-24,,,3.958,
1996-09-25,,,3.898,
1996-09-26,,,3.848,
1996-09-27,,,3.868,
1996-09-30,,,3.908,
1996-10-01,,,3.838,
1996-10-02,,,3.798,
1996-10-03,,,3.798,
1996-10-04,,,3.668,
1996-10-07,,,3.718,
1996-10-08,,,3.718,
1996-10-09,,,3.738,
1996-10-10,,,3.798,
1996-10-11,,,3.738,
1996-10-15,,,3.555,
1996-10-16,,,3.565,
1996-10-17,,,3.505,
1996-10-18,,,3.495,
1996-10-21,,,3.515,
1996-10-22,,,3.555,
1996-10-23,,,3.555,
1996-10-24,,,3.565,
1996-10-25,,,3.535,
1996-10-28,,,3.555,
1996-10-29,,,3.395,
1996-10-30,,,3.395,
1996-10-31,,,3.365,
1996-11-01,,,3.375,
1996-11-04,,,3.355,
1996-11-05,,,3.275,
1996-11-06,,,3.295,
1996-11-07,,,3.255,
1996-11-08,,,3.285,
1996-11-12,,,3.185,
1996-11-13,,,3.195,
1996-11-14,,,3.145,
1996-11-15,,,3.128,
1996-11-18,,,3.138,
1996-11-19,,,3.108,
1996-11-20,,,3.078,
1996-11-21,,,3.088,
1996-11-22,,,3.088,
1996-11-25,,,3.068,
1996-11-26,,,3.068,
1996-11-27,,,3.078,
1996-11-29,,,2.998,
1996-12-02,,,3.018,
1996-12-03,,,2.998,
1996-12-04,,,3.048,
1996-12-05,,,3.158,
1996-12-06,,,3.198,
1996-12-09,,,3.148,
1996-12-10,,,3.168,
1996-12-11,,,3.318,
1996-12-12,,,3.338,
1996-12-13,,,3.268,
1996-12-16,,,3.137,
1996-12-17,,,3.167,
1996-12-18,,,3.207,
1996-12-19,,,3.107,
1996-12-20,,,3.097,
1996-12-23,,,3.087,
1996-12-24,,,3.107,
1996-12-26,,,3.097,
1996-12-27,,,3.047,
1996-12-30,,,3.057,
1996-12-31,,,3.177,
1997-01-02,,,3.287,
1997-01-03,,,3.267,
1997-01-06,,,3.287,
1997-01-07,,,3.317,
1997-01-08,,,3.347,
1997-01-09,,,3.267,
1997-01-10,,,3.377,
1997-01-13,,,3.377,
1997-01-14,,,3.277,
1997-01-15,,,3.151,
1997-01-16,,,3.191,
1997-01-17,,,3.181,
1997-01-21,,,3.141,
1997-01-22,,,3.181,
1997-01-23,,,3.221,
1997-01-24,,,3.261,
1997-01-27,,,3.311,
1997-01-28,,,3.261,
1997-01-29,,,3.251,
1997-01-30,,,3.231,
1997-01-31,,,3.151,
1997-02-03,,,3.091,
1997-02-04,,,3.071,
1997-02-05,,,3.091,
1997-02-06,,,3.111,
1997-02-07,,,3.051,
1997-02-10,,,3.051,
1997-02-11,,,3.051,
1997-02-12,,,3.011,
1997-02-13,,,2.941,
1997-02-14,,,2.901,
1997-02-18,,,3.242,
1997-02-19,,,3.262,
1997-02-20,,,3.342,
1997-02-21,,,3.322,
1997-02-24,,,3.352,
1997-02-25,,,3.362,
1997-02-26,,,3.522,
1997-02-27,,,3.542,
1997-02-28,,,3.522,
1997-03-03,,,3.542,
1997-03-04,,,3.562,
1997-03-05,,,3.562,
1997-03-06,,,3.582,
1997-03-07,,,3.532,
1997-03-10,,,3.522,
1997-03-11,,,3.532,
1997-03-12,,,3.562,
1997-03-13,,,3.682,
1997-03-14,,,3.672,
1997-03-17,,,3.688,
1997-03-18,,,3.688,
1997-03-19,,,3.708,
1997-03-20,,,3.718,
1997-03-21,,,3.708,
1997-03-24,,,3.688,
1997-03-25,,,3.718,
1997-03-26,,,3.768,
1997-03-27,,,3.868,
1997-03-31,,,3.888,
1997-04-01,,,3.868,
1997-04-02,,,3.848,
1997-04-03,,,3.828,
1997-04-04,,,3.888,
1997-04-07,,,3.838,
1997-04-08,,,3.878,
1997-04-09,,,3.878,
1997-04-10,,,3.878,
1997-04-11,,,3.948,
1997-04-14,,,3.948,
1997-04-15,,,4.115,
1997-04-16,,,4.135,
1997-04-17,,,4.095,
1997-04-18,,,4.075,
1997-04-21,,,4.105,
1997-04-22,,,4.075,
1997-04-23,,,4.125,
1997-04-24,,,4.165,
1997-04-25,,,4.175,
1997-04-28,,,4.155,
1997-04-29,,,4.005,
1997-04-30,,,3.955,
1997-05-01,,,3.925,
1997-05-02,,,3.915,
1997-05-05,,,3.905,
1997-05-06,,,3.905,
1997-05-07,,,3.995,
1997-05-08,,,3.955,
1997-05-09,,,3.905,
1997-05-12,,,3.885,
1997-05-13,,,3.945,
1997-05-14,,,3.915,
1997-05-15,,,4.236,
1997-05-16,,,4.266,
1997-05-19,,,4.276,
1997-05-20,,,4.266,
1997-05-21,,,4.306,
1997-05-22,,,4.326,
1997-05-23,,,4.306,
1997-05-27,,,4.356,
1997-05-28,,,4.366,
1997-05-29,,,4.316,
1997-05-30,,,4.236,
1997-06-02,,,4.226,
1997-06-03,,,4.196,
1997-06-04,,,4.186,
1997-06-05,,,4.186,
1997-06-06,,,4.076,
1997-06-09,,,4.116,
1997-06-10,,,4.136,
1997-06-11,,,4.126,
1997-06-12,,,4.046,
1997-06-13,,,3.996,
1997-06-16,,,4.162,
1997-06-17,,,4.192,
1997-06-18,,,4.162,
1997-06-19,,,4.162,
1997-06-20,,,4.132,
1997-06-23,,,4.162,
1997-06-24,,,4.182,
1997-06-25,,,4.212,
1997-06-26,,,4.262,
1997-06-27,,,4.222,
1997-06-30,,,4.272,
1997-07-01,,,4.212,
1997-07-02,,,4.182,
1997-07-03,,,4.072,
1997-07-07,,,4.032,
1997-07-08,,,4.032,
1997-07-09,,,4.012,
1997-07-10,,,4.022,
1997-07-11,,,3.992,
1997-07-14,,,4.022,
1997-07-15,,,4.026,
1997-07-16,,,3.966,
1997-07-17,,,3.956,
1997-07-18,,,4.006,
1997-07-21,,,4.036,
1997-07-22,,,3.916,
1997-07-23,,,3.906,
1997-07-24,,,3.926,
1997-07-25,,,3.946,
1997-07-28,,,3.926,
1997-07-29,,,3.876,
1997-07-30,,,3.816,
1997-07-31,,,3.786,
1997-08-01,,,3.966,
1997-08-04,,,3.996,
1997-08-05,,,3.996,
1997-08-06,,,3.976,
1997-08-07,,,4.006,
1997-08-08,,,4.146,
1997-08-11,,,4.126,
1997-08-12,,,4.156,
1997-08-13,,,4.126,
1997-08-14,,,4.036,
1997-08-15,,,4.104,
1997-08-18,,,4.044,
1997-08-19,,,4.044,
1997-08-20,,,4.074,
1997-08-21,,,4.134,
1997-08-22,,,4.214,
1997-08-25,,,4.224,
1997-08-26,,,4.214,
1997-08-27,,,4.214,
1997-08-28,,,4.134,
1997-08-29,,,4.174,
1997-09-02,,,4.144,
1997-09-03,,,4.164,
1997-09-04,,,4.164,
1997-09-05,,,4.204,
1997-09-08,,,4.164,
1997-09-09,,,4.174,
1997-09-10,,,4.204,
1997-09-11,,,4.224,
1997-09-12,,,4.124,
1997-09-15,,,3.99,
1997-09-16,,,3.82,
1997-09-17,,,3.81,
1997-09-18,,,3.82,
1997-09-19,,,3.8,
1997-09-22,,,3.77,
1997-09-23,,,3.81,
1997-09-24,,,3.75,
1997-09-25,,,3.84,
1997-09-26,,,3.79,
1997-09-29,,,3.81,
1997-09-30,,,3.83,
1997-10-01,,,3.75,
1997-10-02,,,3.72,
1997-10-03,,,3.72,
1997-10-06,,,3.67,
1997-10-07,,,3.65,
1997-10-08,,,3.79,
1997-10-09,,,3.8,
1997-10-10,,,3.86,
1997-10-14,,,3.78,
1997-10-15,,,3.881,
1997-10-16,,,3.871,
1997-10-17,,,3.951,
1997-10-20,,,3.931,
1997-10-21,,,3.921,
1997-10-22,,,3.901,
1997-10-23,,,3.821,
1997-10-24,,,3.791,
1997-10-27,,,3.691,
1997-10-28,,,3.761,
1997-10-29,,,3.691,
1997-10-30,,,3.621,
1997-10-31,,,3.621,
1997-11-03,,,3.691,
1997-11-04,,,3.731,
1997-11-05,,,3.731,
1997-11-06,,,3.681,
1997-11-07,,,3.681,
1997-11-10,,,3.691,
1997-11-12,,,3.671,
1997-11-13,,,3.651,
1997-11-14,,,3.641,
1997-11-17,,,3.764,
1997-11-18,,,3.764,
1997-11-19,,,3.734,
1997-11-20,,,3.754,
1997-11-21,,,3.734,
1997-11-24,,,3.774,
1997-11-25,,,3.764,
1997-11-26,,,3.774,
1997-11-28,,,3.774,
1997-12-01,,,3.774,
1997-12-02,,,3.774,
1997-12-03,,,3.744,
1997-12-04,,,3.754,
1997-12-05,,,3.834,
1997-12-08,,,3.874,
1997-12-09,,,3.864,
1997-12-10,,,3.814,
1997-12-11,,,3.734,
1997-12-12,,,3.654,
1997-12-15,,,3.89,
1997-12-16,,,3.88,
1997-12-17,,,3.92,
1997-12-18,,,3.87,
1997-12-19,,,3.83,
1997-12-22,,,3.83,
1997-12-23,,,3.84,
1997-12-24,,,3.87,
1997-12-26,,,3.86,
1997-12-29,,,3.87,
1997-12-30,,,3.91,
1997-12-31,,,3.86,
1998-01-02,,,3.78,
1998-01-05,,,3.63,
1998-01-06,,,3.6,
1998-01-07,,,3.66,
1998-01-08,,,3.6,
1998-01-09,,,3.51,
1998-01-12,,,3.5,
1998-01-13,,,3.52,
1998-01-14,,,3.56,
1998-01-15,,,3.783,
1998-01-16,,,3.843,
1998-01-20,,,3.873,
1998-01-21,,,3.843,
1998-01-22,,,3.863,
1998-01-23,,,4.003,
1998-01-26,,,3.933,
1998-01-27,,,4.003,
1998-01-28,,,3.993,
1998-01-29,,,3.883,
1998-01-30,,,3.833,
1998-02-02,,,3.873,
1998-02-03,,,3.863,
1998-02-04,,,3.873,
1998-02-05,,,3.923,
1998-02-06,,,3.923,
1998-02-09,,,3.953,
1998-02-10,,,3.943,
1998-02-11,,,3.833,
1998-02-12,,,3.823,
1998-02-13,,,3.793,
1998-02-17,,,3.809,
1998-02-18,,,3.859,
1998-02-19,,,3.879,
1998-02-20,,,3.909,
1998-02-23,,,3.949,
1998-02-24,,,4.059,
1998-02-25,,,3.999,
1998-02-26,,,4.019,
1998-02-27,,,3.989,
1998-03-02,,,4.089,
1998-03-03,,,4.139,
1998-03-04,,,4.129,
1998-03-05,,,4.149,
1998-03-06,,,4.099,
1998-03-09,,,4.039,
1998-03-10,,,4.039,
1998-03-11,,,3.999,
1998-03-12,,,3.929,
1998-03-13,,,3.949,
1998-03-16,,,4.1,
1998-03-17,,,4.12,
1998-03-18,,,4.14,
1998-03-19,,,4.14,
1998-03-20,,,4.13,
1998-03-23,,,4.13,
1998-03-24,,,4.14,
1998-03-25,,,4.2,
1998-03-26,,,4.24,
1998-03-27,,,4.24,
1998-03-30,,,4.28,
1998-03-31,,,4.23,
1998-04-01,,,4.18,
1998-04-02,,,4.12,
1998-04-03,,,4.03,
1998-04-06,,,4.07,
1998-04-07,,,4.09,
1998-04-08,,,4.14,
1998-04-09,,,4.15,
1998-04-13,,,4.22,
1998-04-14,,,4.19,
1998-04-15,,,4.223,
1998-04-16,,,4.213,
1998-04-17,,,4.213,
1998-04-20,,,4.273,
1998-04-21,,,4.303,
1998-04-22,,,4.303,
1998-04-23,,,4.313,
1998-04-24,,,4.293,
1998-04-27,,,4.423,
1998-04-28,,,4.423,
1998-04-29,,,4.433,
1998-04-30,,,4.303,
1998-05-01,,,4.293,
1998-05-04,,,4.293,
1998-05-05,,,4.323,
1998-05-06,,,4.293,
1998-05-07,,,4.293,
1998-05-08,,,4.333,
1998-05-11,,,4.413,
1998-05-12,,,4.323,
1998-05-13,,,4.263,
1998-05-14,,,4.293,
1998-05-15,,,4.242,
1998-05-18,,,4.202,
1998-05-19,,,4.212,
1998-05-20,,,4.172,
1998-05-21,,,4.212,
1998-05-22,,,4.202,
1998-05-26,,,4.152,
1998-05-27,,,4.122,
1998-05-28,,,4.142,
1998-05-29,,,4.122,
1998-06-01,,,4.092,
1998-06-02,,,4.122,
1998-06-03,,,4.132,
1998-06-04,,,4.152,
1998-06-05,,,4.142,
1998-06-08,,,4.142,
1998-06-09,,,4.152,
1998-06-10,,,4.072,
1998-06-11,,,4.002,
1998-06-12,,,3.992,
1998-06-15,,,3.691,
1998-06-16,,,3.761,
1998-06-17,,,3.851,
1998-06-18,,,3.811,
1998-06-19,,,3.781,
1998-06-22,,,3.771,
1998-06-23,,,3.761,
1998-06-24,,,3.771,
1998-06-25,,,3.771,
1998-06-26,,,3.771,
1998-06-29,,,3.781,
1998-06-30,,,3.751,
1998-07-01,,,3.751,
1998-07-02,,,3.731,
1998-07-06,,,3.701,
1998-07-07,,,3.731,
1998-07-08,,,3.741,
1998-07-09,,,3.721,
1998-07-10,,,3.731,
1998-07-13,,,3.771,
1998-07-14,,,3.801,
1998-07-15,,,3.857,
1998-07-16,,,3.877,
1998-07-17,,,3.887,
1998-07-20,,,3.857,
1998-07-21,,,3.827,
1998-07-22,,,3.837,
1998-07-23,,,3.827,
1998-07-24,,,3.827,
1998-07-27,,,3.847,
1998-07-28,,,3.877,
1998-07-29,,,3.897,
1998-07-30,,,3.877,
1998-07-31,,,3.877,
1998-08-03,,,3.837,
1998-08-04,,,3.807,
1998-08-05,,,3.807,
1998-08-06,,,3.817,
1998-08-07,,,3.777,
1998-08-10,,,3.787,
1998-08-11,,,3.747,
1998-08-12,,,3.777,
1998-08-13,,,3.817,
1998-08-14,,,3.777,
1998-08-17,,,3.654,
1998-08-18,,,3.664,
1998-08-19,,,3.674,
1998-08-20,,,3.634,
1998-08-21,,,3.574,
1998-08-24,,,3.554,
1998-08-25,,,3.504,
1998-08-26,,,3.514,
1998-08-27,,,3.374,
1998-08-28,,,3.344,
1998-08-31,,,3.304,
1998-09-01,,,3.304,
1998-09-02,,,3.354,
1998-09-03,,,3.284,
1998-09-04,,,3.274,
1998-09-08,,,3.294,
1998-09-09,,,3.204,
1998-09-10,,,3.014,
1998-09-11,,,3.104,
1998-09-14,,,3.124,
1998-09-15,,,3.283,
1998-09-16,,,3.263,
1998-09-17,,,3.183,
1998-09-18,,,3.083,
1998-09-21,,,3.073,
1998-09-22,,,3.113,
1998-09-23,,,3.073,
1998-09-24,,,3.023,
1998-09-25,,,2.983,
1998-09-28,,,2.993,
1998-09-29,,,2.973,
1998-09-30,,,2.823,
1998-10-01,,,2.713,
1998-10-02,,,2.693,
1998-10-05,,,2.543,
1998-10-06,,,2.623,
1998-10-07,,,2.723,
1998-10-08,,,2.943,
1998-10-09,,,3.153,
1998-10-13,,,3.113,
1998-10-14,,,2.963,
1998-10-15,,,3.153,
1998-10-16,,,3.013,
1998-10-19,,,3.043,
1998-10-20,,,3.143,
1998-10-21,,,3.163,
1998-10-22,,,3.193,
1998-10-23,,,3.273,
1998-10-26,,,3.303,
1998-10-27,,,3.203,
1998-10-28,,,3.173,
1998-10-29,,,3.113,
1998-10-30,,,3.213,
1998-11-02,,,3.343,
1998-11-03,,,3.353,
1998-11-04,,,3.403,
1998-11-05,,,3.393,
1998-11-06,,,3.503,
1998-11-09,,,3.453,
1998-11-10,,,3.383,
1998-11-12,,,3.343,
1998-11-13,,,3.393,
1998-11-16,,,3.364,
1998-11-17,,,3.384,
1998-11-18,,,3.364,
1998-11-19,,,3.364,
1998-11-20,,,3.334,
1998-11-23,,,3.354,
1998-11-24,,,3.364,
1998-11-25,,,3.344,
1998-11-27,,,3.324,
1998-11-30,,,3.254,
1998-12-01,,,3.184,
1998-12-02,,,3.104,
1998-12-03,,,3.094,
1998-12-04,,,3.134,
1998-12-07,,,3.204,
1998-12-08,,,3.114,
1998-12-09,,,3.074,
1998-12-10,,,3.044,
1998-12-11,,,3.124,
1998-12-14,,,3.094,
1998-12-15,,,3.136,
1998-12-16,,,3.096,
1998-12-17,,,3.096,
1998-12-18,,,3.096,
1998-12-21,,,3.156,
1998-12-22,,,3.216,
1998-12-23,,,3.326,
1998-12-24,,,3.376,
1998-12-28,,,3.296,
1998-12-29,,,3.226,
1998-12-30,,,3.166,
1998-12-31,,,3.166,
1999-01-04,,,3.206,
1999-01-05,,,3.256,
1999-01-06,,,3.246,
1999-01-07,,,3.286,
1999-01-08,,,3.376,
1999-01-11,,,3.416,
1999-01-12,,,3.336,
1999-01-13,,,3.256,
1999-01-14,,,3.146,
1999-01-15,,,3.053,
1999-01-19,,,3.103,
1999-01-20,,,3.153,
1999-01-21,,,3.093,
1999-01-22,,,3.033,
1999-01-25,,,3.063,
1999-01-26,,,3.083,
1999-01-27,,,3.073,
1999-01-28,,,3.063,
1999-01-29,,,3.053,
1999-02-01,,,3.143,
1999-02-02,,,3.183,
1999-02-03,,,3.223,
1999-02-04,,,3.283,
1999-02-05,,,3.333,
1999-02-08,,,3.333,
1999-02-09,,,3.303,
1999-02-10,,,3.293,
1999-02-11,,,3.323,
1999-02-12,,,3.453,
1999-02-16,,,3.363,
1999-02-17,,,3.313,
1999-02-18,,,3.373,
1999-02-19,,,3.403,
1999-02-22,,,3.363,
1999-02-23,,,3.433,
1999-02-24,,,3.513,
1999-02-25,,,3.653,
1999-02-26,,,3.623,
1999-03-01,,,3.733,
1999-03-02,,,3.683,
1999-03-03,,,3.723,
1999-03-04,,,3.743,
1999-03-05,,,3.673,
1999-03-08,,,3.623,
1999-03-09,,,3.513,
1999-03-10,,,3.533,
1999-03-11,,,3.543,
1999-03-12,,,3.493,
1999-03-15,,,3.483,
1999-03-16,,,3.443,
1999-03-17,,,3.473,
1999-03-18,,,3.443,
1999-03-19,,,3.503,
1999-03-22,,,3.543,
1999-03-23,,,3.533,
1999-03-24,,,3.503,
1999-03-25,,,3.543,
1999-03-26,,,3.543,
1999-03-29,,,3.613,
1999-03-30,,,3.543,
1999-03-31,,,3.583,
1999-04-01,,,3.603,
1999-04-02,,,3.533,
1999-04-05,,,3.533,
1999-04-06,,,3.463,
1999-04-07,,,3.473,
1999-04-08,,,3.363,
1999-04-09,,,3.383,
1999-04-12,,,3.393,
1999-04-13,,,3.453,
1999-04-14,,,3.463,
1999-04-15,,,3.452,
1999-04-16,,,3.502,
1999-04-19,,,3.452,
1999-04-20,,,3.432,
1999-04-21,,,3.442,
1999-04-22,,,3.522,
1999-04-23,,,3.532,
1999-04-26,,,3.502,
1999-04-27,,,3.492,
1999-04-28,,,3.542,
1999-04-29,,,3.492,
1999-04-30,,,3.632,
1999-05-03,,,3.652,
1999-05-04,,,3.692,
1999-05-05,,,3.672,
1999-05-06,,,3.792,
1999-05-07,,,3.812,
1999-05-10,,,3.812,
1999-05-11,,,3.862,
1999-05-12,,,3.782,
1999-05-13,,,3.682,
1999-05-14,,,3.892,
1999-05-17,,,3.379,
1999-05-18,,,3.399,
1999-05-19,,,3.319,
1999-05-20,,,3.319,
1999-05-21,,,3.239,
1999-05-24,,,3.219,
1999-05-25,,,3.209,
1999-05-26,,,3.269,
1999-05-27,,,3.339,
1999-05-28,,,3.359,
1999-06-01,,,3.499,
1999-06-02,,,3.519,
1999-06-03,,,3.519,
1999-06-04,,,3.539,
1999-06-07,,,3.529,
1999-06-08,,,3.549,
1999-06-09,,,3.589,
1999-06-10,,,3.639,
1999-06-11,,,3.739,
1999-06-14,,,3.699,
1999-06-15,,,3.889,
1999-06-16,,,3.849,
1999-06-17,,,3.699,
1999-06-18,,,3.749,
1999-06-21,,,3.809,
1999-06-22,,,3.849,
1999-06-23,,,3.909,
1999-06-24,,,3.959,
1999-06-25,,,3.929,
1999-06-28,,,3.869,
1999-06-29,,,3.839,
1999-06-30,,,3.719,
1999-07-01,,,3.759,
1999-07-02,,,3.729,
1999-07-06,,,3.789,
1999-07-07,,,3.829,
1999-07-08,,,3.759,
1999-07-09,,,3.749,
1999-07-12,,,3.649,
1999-07-13,,,3.619,
1999-07-14,,,3.649,
1999-07-15,,,3.754,
1999-07-16,,,3.714,
1999-07-19,,,3.694,
1999-07-20,,,3.684,
1999-07-21,,,3.694,
1999-07-22,,,3.814,
1999-07-23,,,3.874,
1999-07-26,,,3.894,
1999-07-27,,,3.854,
1999-07-28,,,3.844,
1999-07-29,,,3.914,
1999-07-30,,,3.954,
1999-08-02,,,3.954,
1999-08-03,,,3.984,
1999-08-04,,,3.994,
1999-08-05,,,3.914,
1999-08-06,,,4.054,
1999-08-09,,,4.164,
1999-08-10,,,4.194,
1999-08-11,,,4.084,
1999-08-12,,,4.114,
1999-08-13,,,4.014,
1999-08-16,,,3.835,
1999-08-17,,,3.745,
1999-08-18,,,3.735,
1999-08-19,,,3.755,
1999-08-20,,,3.735,
1999-08-23,,,3.745,
1999-08-24,,,3.705,
1999-08-25,,,3.585,
1999-08-26,,,3.605,
1999-08-27,,,3.705,
1999-08-30,,,3.805,
1999-08-31,,,3.835,
1999-09-01,,,3.845,
1999-09-02,,,3.885,
1999-09-03,,,3.745,
1999-09-07,,,3.805,
1999-09-08,,,3.785,
1999-09-09,,,3.825,
1999-09-10,,,3.745,
1999-09-13,,,3.775,
1999-09-14,,,3.815,
1999-09-15,,,3.676,
1999-09-16,,,3.636,
1999-09-17,,,3.606,
1999-09-20,,,3.646,
1999-09-21,,,3.676,
1999-09-22,,,3.656,
1999-09-23,,,3.606,
1999-09-24,,,3.486,
1999-09-27,,,3.566,
1999-09-28,,,3.626,
1999-09-29,,,3.706,
1999-09-30,,,3.636,
1999-10-01,,,3.736,
1999-10-04,,,3.686,
1999-10-05,,,3.756,
1999-10-06,,,3.776,
1999-10-07,,,3.786,
1999-10-08,,,3.776,
1999-10-12,,,3.806,
1999-10-13,,,3.856,
1999-10-14,,,3.906,
1999-10-15,,,3.46,
1999-10-18,,,3.49,
1999-10-19,,,3.55,
1999-10-20,,,3.56,
1999-10-21,,,3.57,
1999-10-22,,,3.58,
1999-10-25,,,3.59,
1999-10-26,,,3.61,
1999-10-27,,,3.56,
1999-10-28,,,3.49,
1999-10-29,,,3.39,
1999-11-01,,,3.43,
1999-11-02,,,3.41,
1999-11-03,,,3.38,
1999-11-04,,,3.32,
1999-11-05,,,3.29,
1999-11-08,,,3.32,
1999-11-09,,,3.34,
1999-11-10,,,3.37,
1999-11-12,,,3.3,
1999-11-15,,,3.377,
1999-11-16,,,3.407,
1999-11-17,,,3.477,
1999-11-18,,,3.497,
1999-11-19,,,3.507,
1999-11-22,,,3.527,
1999-11-23,,,3.517,
1999-11-24,,,3.527,
1999-11-26,,,3.557,
1999-11-29,,,3.647,
1999-11-30,,,3.617,
1999-12-01,,,3.647,
1999-12-02,,,3.677,
1999-12-03,,,3.607,
1999-12-06,,,3.597,
1999-12-07,,,3.547,
1999-12-08,,,3.587,
1999-12-09,,,3.577,
1999-12-10,,,3.517,
1999-12-13,,,3.547,
1999-12-14,,,3.657,
1999-12-15,,,3.63,
1999-12-16,,,3.69,
1999-12-17,,,3.68,
1999-12-20,,,3.74,
1999-12-21,,,3.76,
1999-12-22,,,3.77,
1999-12-23,,,3.79,
1999-12-27,,,3.78,
1999-12-28,,,3.81,
1999-12-29,,,3.78,
1999-12-30,,,3.77,
1999-12-31,,,3.83,
2000-01-03,,,3.96,
2000-01-04,,,3.87,
2000-01-05,,,4.0,
2000-01-06,,,3.95,
2000-01-07,,,3.9,
2000-01-10,,,3.95,
2000-01-11,,,4.05,
2000-01-12,,,4.1,
2000-01-13,,,4.01,
2000-01-14,,,4.07,
2000-01-18,,,4.074,
2000-01-19,,,4.054,
2000-01-20,,,4.114,
2000-01-21,,,4.114,
2000-01-24,,,4.014,
2000-01-25,,,4.024,
2000-01-26,,,4.014,
2000-01-27,,,4.004,
2000-01-28,,,3.984,
2000-01-31,,,4.004,
2000-02-01,,,3.944,
2000-02-02,,,3.924,
2000-02-03,,,3.814,
2000-02-04,,,3.854,
2000-02-07,,,3.964,
2000-02-08,,,3.914,
2000-02-09,,,3.884,
2000-02-10,,,3.994,
2000-02-11,,,3.954,
2000-02-14,,,3.884,
2000-02-15,,,3.767,
2000-02-16,,,3.767,
2000-02-17,,,3.787,
2000-02-18,,,3.697,
2000-02-22,,,3.567,
2000-02-23,,,3.647,
2000-02-24,,,3.567,
2000-02-25,,,3.567,
2000-02-28,,,3.577,
2000-02-29,,,3.627,
2000-03-01,,,3.597,
2000-03-02,,,3.607,
2000-03-03,,,3.597,
2000-03-06,,,3.627,
2000-03-07,,,3.597,
2000-03-08,,,3.587,
2000-03-09,,,3.557,
2000-03-10,,,3.597,
2000-03-13,,,3.567,
2000-03-14,,,3.517,
2000-03-15,,,3.072,
2000-03-16,,,3.042,
2000-03-17,,,2.982,
2000-03-20,,,2.962,
2000-03-21,,,2.912,
2000-03-22,,,2.912,
2000-03-23,,,2.862,
2000-03-24,,,2.982,
2000-03-27,,,2.992,
2000-03-28,,,2.952,
2000-03-29,,,2.962,
2000-03-30,,,2.842,
2000-03-31,,,2.812,
2000-04-03,,,2.782,
2000-04-04,,,2.682,
2000-04-05,,,2.682,
2000-04-06,,,2.712,
2000-04-07,,,2.642,
2000-04-10,,,2.582,
2000-04-11,,,2.672,
2000-04-12,,,2.752,
2000-04-13,,,2.722,
2000-04-14,,,2.632,
2000-04-17,,,2.248,
2000-04-18,,,2.288,
2000-04-19,,,2.228,
2000-04-20,,,2.228,
2000-04-24,,,2.238,
2000-04-25,,,2.378,
2000-04-26,,,2.378,
2000-04-27,,,2.468,
2000-04-28,,,2.468,
2000-05-01,,,2.528,
2000-05-02,,,2.558,
2000-05-03,,,2.638,
2000-05-04,,,2.698,
2000-05-05,,,2.748,
2000-05-08,,,2.808,
2000-05-09,,,2.768,
2000-05-10,,,2.708,
2000-05-11,,,2.668,
2000-05-12,,,2.748,
2000-05-15,,,3.456,
2000-05-16,,,3.416,
2000-05-17,,,3.466,
2000-05-18,,,3.546,
2000-05-19,,,3.496,
2000-05-22,,,3.426,
2000-05-23,,,3.436,
2000-05-24,,,3.456,
2000-05-25,,,3.376,
2000-05-26,,,3.316,
2000-05-30,,,3.366,
2000-05-31,,,3.276,
2000-06-01,,,3.186,
2000-06-02,,,3.136,
2000-06-05,,,3.106,
2000-06-06,,,3.126,
2000-06-07,,,3.116,
2000-06-08,,,3.116,
2000-06-09,,,3.116,
2000-06-12,,,3.076,
2000-06-13,,,3.096,
2000-06-14,,,3.046,
2000-06-15,,,2.917,
2000-06-16,,,2.857,
2000-06-19,,,2.867,
2000-06-20,,,2.897,
2000-06-21,,,2.977,
2000-06-22,,,2.987,
2000-06-23,,,3.057,
2000-06-26,,,2.977,
2000-06-27,,,2.967,
2000-06-28,,,2.977,
2000-06-29,,,2.907,
2000-06-30,,,2.897,
2000-07-03,,,2.867,
2000-07-05,,,2.857,
2000-07-06,,,2.917,
2000-07-07,,,2.877,
2000-07-10,,,2.907,
2000-07-11,,,2.927,
2000-07-12,,,2.957,
2000-07-13,,,2.877,
2000-07-14,,,2.967,
2000-07-17,,,2.435,
2000-07-18,,,2.425,
2000-07-19,,,2.425,
2000-07-20,,,2.275,
2000-07-21,,,2.275,
2000-07-24,,,2.305,
2000-07-25,,,2.305,
2000-07-26,,,2.305,
2000-07-27,,,2.285,
2000-07-28,,,2.305,
2000-07-31,,,2.305,
2000-08-01,,,2.265,
2000-08-02,,,2.245,
2000-08-03,,,2.215,
2000-08-04,,,2.175,
2000-08-07,,,2.235,
2000-08-08,,,2.195,
2000-08-09,,,2.075,
2000-08-10,,,2.025,
2000-08-11,,,2.055,
2000-08-14,,,2.045,
2000-08-15,,,2.211,
2000-08-16,,,2.231,
2000-08-17,,,2.211,
2000-08-18,,,2.181,
2000-08-21,,,2.191,
2000-08-22,,,2.181,
2000-08-23,,,2.131,
2000-08-24,,,2.131,
2000-08-25,,,2.131,
2000-08-28,,,2.181,
2000-08-29,,,2.211,
2000-08-30,,,2.211,
2000-08-31,,,2.131,
2000-09-01,,,2.081,
2000-09-05,,,2.091,
2000-09-06,,,2.121,
2000-09-07,,,2.161,
2000-09-08,,,2.131,
2000-09-11,,,2.171,
2000-09-12,,,2.181,
2000-09-13,,,2.141,
2000-09-14,,,2.191,
2000-09-15,,,2.489,
2000-09-18,,,2.529,
2000-09-19,,,2.509,
2000-09-20,,,2.559,
2000-09-21,,,2.529,
2000-09-22,,,2.499,
2000-09-25,,,2.489,
2000-09-26,,,2.459,
2000-09-27,,,2.479,
2000-09-28,,,2.469,
2000-09-29,,,2.449,
2000-10-02,,,2.479,
2000-10-03,,,2.519,
2000-10-04,,,2.549,
2000-10-05,,,2.519,
2000-10-06,,,2.469,
2000-10-10,,,2.449,
2000-10-11,,,2.419,
2000-10-12,,,2.379,
2000-10-13,,,2.379,
2000-10-16,,,2.284,
2000-10-17,,,2.224,
2000-10-18,,,2.204,
2000-10-19,,,2.204,
2000-10-20,,,2.184,
2000-10-23,,,2.134,
2000-10-24,,,2.174,
2000-10-25,,,2.214,
2000-10-26,,,2.234,
2000-10-27,,,2.264,
2000-10-30,,,2.284,
2000-10-31,,,2.314,
2000-11-01,,,2.284,
2000-11-02,,,2.284,
2000-11-03,,,2.374,
2000-11-06,,,2.414,
2000-11-07,,,2.414,
2000-11-08,,,2.414,
2000-11-09,,,2.364,
2000-11-10,,,2.364,
2000-11-13,,,2.314,
2000-11-14,,,2.304,
2000-11-15,,,2.27,
2000-11-16,,,2.23,
2000-11-17,,,2.26,
2000-11-20,,,2.23,
2000-11-21,,,2.22,
2000-11-22,,,2.17,
2000-11-24,,,2.18,
2000-11-27,,,2.19,
2000-11-28,,,2.14,
2000-11-29,,,2.1,
2000-11-30,,,2.03,
2000-12-01,,,2.07,
2000-12-04,,,2.08,
2000-12-05,,,1.98,
2000-12-06,,,1.87,
2000-12-07,,,1.87,
2000-12-08,,,1.9,
2000-12-11,,,1.92,
2000-12-12,,,1.91,
2000-12-13,,,1.84,
2000-12-14,,,1.78,
2000-12-15,,,1.756,
2000-12-18,,,1.726,
2000-12-19,,,1.746,
2000-12-20,,,1.636,
2000-12-21,,,1.586,
2000-12-22,,,1.576,
2000-12-26,,,1.596,
2000-12-27,,,1.666,
2000-12-28,,,1.686,
2000-12-29,,,1.676,
2001-01-02,,,1.476,
2001-01-03,,,1.696,
2001-01-04,,,1.586,
2001-01-05,,,1.486,
2001-01-08,,,1.496,
2001-01-09,,,1.536,
2001-01-10,,,1.656,
2001-01-11,,,1.696,
2001-01-12,,,1.806,
2001-01-16,,,1.804,
2001-01-17,,,1.754,
2001-01-18,,,1.684,
2001-01-19,,,1.754,
2001-01-22,,,1.814,
2001-01-23,,,1.864,
2001-01-24,,,1.894,
2001-01-25,,,1.854,
2001-01-26,,,1.854,
2001-01-29,,,1.884,
2001-01-30,,,1.804,
2001-01-31,,,1.754,
2001-02-01,,,1.664,
2001-02-02,,,1.734,
2001-02-05,,,1.744,
2001-02-06,,,1.784,
2001-02-07,,,1.664,
2001-02-08,,,1.664,
2001-02-09,,,1.594,
2001-02-12,,,1.614,
2001-02-13,,,1.634,
2001-02-14,,,1.694,
2001-02-15,,,1.469,
2001-02-16,,,1.389,
2001-02-20,,,1.389,
2001-02-21,,,1.419,
2001-02-22,,,1.429,
2001-02-23,,,1.379,
2001-02-26,,,1.329,
2001-02-27,,,1.239,
2001-02-28,,,1.199,
2001-03-01,,,1.149,
2001-03-02,,,1.229,
2001-03-05,,,1.259,
2001-03-06,,,1.269,
2001-03-07,,,1.199,
2001-03-08,,,1.169,
2001-03-09,,,1.229,
2001-03-12,,,1.199,
2001-03-13,,,1.229,
2001-03-14,,,1.119,
2001-03-15,,,1.281,
2001-03-16,,,1.251,
2001-03-19,,,1.291,
2001-03-20,,,1.251,
2001-03-21,,,1.241,
2001-03-22,,,1.201,
2001-03-23,,,1.271,
2001-03-26,,,1.321,
2001-03-27,,,1.471,
2001-03-28,,,1.441,
2001-03-29,,,1.451,
2001-03-30,,,1.401,
2001-04-02,,,1.451,
2001-04-03,,,1.411,
2001-04-04,,,1.411,
2001-04-05,,,1.451,
2001-04-06,,,1.361,
2001-04-09,,,1.401,
2001-04-10,,,1.561,
2001-04-11,,,1.591,
2001-04-12,,,1.641,
2001-04-16,,,2.298,
2001-04-17,,,2.228,
2001-04-18,,,2.158,
2001-04-19,,,2.288,
2001-04-20,,,2.308,
2001-04-23,,,2.218,
2001-04-24,,,2.238,
2001-04-25,,,2.298,
2001-04-26,,,2.218,
2001-04-27,,,2.358,
2001-04-30,,,2.368,
2001-05-01,,,2.318,
2001-05-02,,,2.328,
2001-05-03,,,2.238,
2001-05-04,,,2.228,
2001-05-07,,,2.228,
2001-05-08,,,2.258,
2001-05-09,,,2.218,
2001-05-10,,,2.328,
2001-05-11,,,2.528,
2001-05-14,,,2.478,
2001-05-15,,,2.282,
2001-05-16,,,2.262,
2001-05-17,,,2.242,
2001-05-18,,,2.192,
2001-05-21,,,2.192,
2001-05-22,,,2.202,
2001-05-23,,,2.192,
2001-05-24,,,2.302,
2001-05-25,,,2.302,
2001-05-29,,,2.322,
2001-05-30,,,2.322,
2001-05-31,,,2.212,
2001-06-01,,,2.172,
2001-06-04,,,2.132,
2001-06-05,,,2.072,
2001-06-06,,,2.052,
2001-06-07,,,2.112,
2001-06-08,,,2.162,
2001-06-11,,,2.102,
2001-06-12,,,2.052,
2001-06-13,,,2.062,
2001-06-14,,,2.042,
2001-06-15,,,1.707,
2001-06-18,,,1.707,
2001-06-19,,,1.697,
2001-06-20,,,1.677,
2001-06-21,,,1.657,
2001-06-22,,,1.577,
2001-06-25,,,1.597,
2001-06-26,,,1.677,
2001-06-27,,,1.697,
2001-06-28,,,1.787,
2001-06-29,,,1.857,
2001-07-02,,,1.807,
2001-07-03,,,1.847,
2001-07-05,,,1.877,
2001-07-06,,,1.847,
2001-07-09,,,1.807,
2001-07-10,,,1.757,
2001-07-11,,,1.747,
2001-07-12,,,1.707,
2001-07-13,,,1.707,
2001-07-16,,,2.016,
2001-07-17,,,2.026,
2001-07-18,,,1.926,
2001-07-19,,,1.936,
2001-07-20,,,1.956,
2001-07-23,,,1.936,
2001-07-24,,,1.936,
2001-07-25,,,2.006,
2001-07-26,,,1.996,
2001-07-27,,,1.936,
2001-07-30,,,1.916,
2001-07-31,,,1.876,
2001-08-01,,,1.916,
2001-08-02,,,1.976,
2001-08-03,,,2.006,
2001-08-06,,,1.996,
2001-08-07,,,2.006,
2001-08-08,,,1.796,
2001-08-09,,,1.846,
2001-08-10,,,1.796,
2001-08-13,,,1.776,
2001-08-14,,,1.776,
2001-08-15,,,2.279,
2001-08-16,,,2.229,
2001-08-17,,,2.119,
2001-08-20,,,2.189,
2001-08-21,,,2.149,
2001-08-22,,,2.189,
2001-08-23,,,2.169,
2001-08-24,,,2.209,
2001-08-27,,,2.219,
2001-08-28,,,2.129,
2001-08-29,,,2.059,
2001-08-30,,,2.069,
2001-08-31,,,2.129,
2001-09-04,,,2.269,
2001-09-05,,,2.249,
2001-09-06,,,2.139,
2001-09-07,,,2.079,
2001-09-10,,,2.119,
2001-09-13,,,1.919,
2001-09-14,,,1.849,
2001-09-17,,,1.909,
2001-09-18,,,1.999,
2001-09-19,,,1.969,
2001-09-20,,,2.029,
2001-09-21,,,1.979,
2001-09-24,,,2.009,
2001-09-25,,,1.999,
2001-09-26,,,1.929,
2001-09-27,,,1.859,
2001-09-28,,,1.879,
2001-10-01,,,1.829,
2001-10-02,,,1.809,
2001-10-03,,,1.779,
2001-10-04,,,1.809,
2001-10-05,,,1.799,
2001-10-09,,,1.899,
2001-10-10,,,1.889,
2001-10-11,,,1.969,
2001-10-12,,,1.959,
2001-10-15,,,2.028,
2001-10-16,,,1.998,
2001-10-17,,,1.998,
2001-10-18,,,1.988,
2001-10-19,,,2.038,
2001-10-22,,,2.038,
2001-10-23,,,2.068,
2001-10-24,,,2.018,
2001-10-25,,,1.968,
2001-10-26,,,1.938,
2001-10-29,,,1.908,
2001-10-30,,,1.848,
2001-10-31,,,1.708,
2001-11-01,,,1.648,
2001-11-02,,,1.778,
2001-11-05,,,1.718,
2001-11-06,,,1.708,
2001-11-07,,,1.628,
2001-11-08,,,1.728,
2001-11-09,,,1.748,
2001-11-13,,,1.818,
2001-11-14,,,1.948,
2001-11-15,,,2.662,
2001-11-16,,,2.782,
2001-11-19,,,2.672,
2001-11-20,,,2.752,
2001-11-21,,,2.852,
2001-11-23,,,2.912,
2001-11-26,,,2.922,
2001-11-27,,,2.852,
2001-11-28,,,2.852,
2001-11-29,,,2.662,
2001-11-30,,,2.652,
2001-12-03,,,2.622,
2001-12-04,,,2.572,
2001-12-05,,,2.792,
2001-12-06,,,2.912,
2001-12-07,,,3.072,
2001-12-10,,,3.042,
2001-12-11,,,3.002,
2001-12-12,,,2.892,
2001-12-13,,,3.002,
2001-12-14,,,3.112,
2001-12-17,,,3.366,
2001-12-18,,,3.266,
2001-12-19,,,3.186,
2001-12-20,,,3.186,
2001-12-21,,,3.226,
2001-12-24,,,3.286,
2001-12-26,,,3.326,
2001-12-27,,,3.236,
2001-12-28,,,3.256,
2001-12-31,,,3.176,
2002-01-02,,,3.306,
2002-01-03,,,3.266,
2002-01-04,,,3.286,
2002-01-07,,,3.196,
2002-01-08,,,3.206,
2002-01-09,,,3.206,
2002-01-10,,,3.106,
2002-01-11,,,3.026,
2002-01-14,,,3.016,
2002-01-15,,,3.276,
2002-01-16,,,3.276,
2002-01-17,,,3.376,
2002-01-18,,,3.336,
2002-01-22,,,3.356,
2002-01-23,,,3.446,
2002-01-24,,,3.466,
2002-01-25,,,3.496,
2002-01-28,,,3.516,
2002-01-29,,,3.416,
2002-01-30,,,3.416,
2002-01-31,,,3.466,
2002-02-01,,,3.416,
2002-02-04,,,3.336,
2002-02-05,,,3.316,
2002-02-06,,,3.316,
2002-02-07,,,3.326,
2002-02-08,,,3.296,
2002-02-11,,,3.306,
2002-02-12,,,3.366,
2002-02-13,,,3.406,
2002-02-14,,,3.346,
2002-02-15,,,3.664,
2002-02-19,,,3.684,
2002-02-20,,,3.684,
2002-02-21,,,3.684,
2002-02-22,,,3.644,
2002-02-25,,,3.664,
2002-02-26,,,3.734,
2002-02-27,,,3.644,
2002-02-28,,,3.684,
2002-03-01,,,3.784,
2002-03-04,,,3.824,
2002-03-05,,,3.824,
2002-03-06,,,3.864,
2002-03-07,,,4.024,
2002-03-08,,,4.134,
2002-03-11,,,4.134,
2002-03-12,,,4.124,
2002-03-13,,,4.084,
2002-03-14,,,4.204,
2002-03-15,,,4.214,
2002-03-18,,,4.184,
2002-03-19,,,4.194,
2002-03-20,,,4.264,
2002-03-21,,,4.254,
2002-03-22,,,4.264,
2002-03-25,,,4.274,
2002-03-26,,,4.214,
2002-03-27,,,4.214,
2002-03-28,,,4.284,
2002-04-01,,,4.304,
2002-04-02,,,4.224,
2002-04-03,,,4.164,
2002-04-04,,,4.144,
2002-04-05,,,4.084,
2002-04-08,,,4.114,
2002-04-09,,,4.084,
2002-04-10,,,4.104,
2002-04-11,,,4.084,
2002-04-12,,,4.044,
2002-04-15,,,3.787,
2002-04-16,,,3.837,
2002-04-17,,,3.877,
2002-04-18,,,3.867,
2002-04-19,,,3.847,
2002-04-22,,,3.827,
2002-04-23,,,3.817,
2002-04-24,,,3.747,
2002-04-25,,,3.737,
2002-04-26,,,3.717,
2002-04-29,,,3.767,
2002-04-30,,,3.747,
2002-05-01,,,3.717,
2002-05-02,,,3.767,
2002-05-03,,,3.717,
2002-05-06,,,3.737,
2002-05-07,,,3.727,
2002-05-08,,,3.877,
2002-05-09,,,3.837,
2002-05-10,,,3.787,
2002-05-13,,,3.867,
2002-05-14,,,3.957,
2002-05-15,,,3.636,
2002-05-16,,,3.556,
2002-05-17,,,3.626,
2002-05-20,,,3.566,
2002-05-21,,,3.536,
2002-05-22,,,3.486,
2002-05-23,,,3.516,
2002-05-24,,,3.516,
2002-05-28,,,3.516,
2002-05-29,,,3.466,
2002-05-30,,,3.416,
2002-05-31,,,3.436,
2002-06-03,,,3.416,
2002-06-04,,,3.396,
2002-06-05,,,3.436,
2002-06-06,,,3.396,
2002-06-07,,,3.456,
2002-06-10,,,3.426,
2002-06-11,,,3.376,
2002-06-12,,,3.336,
2002-06-13,,,3.296,
2002-06-14,,,3.186,
2002-06-17,,,3.649,
2002-06-18,,,3.639,
2002-06-19,,,3.519,
2002-06-20,,,3.609,
2002-06-21,,,3.549,
2002-06-24,,,3.629,
2002-06-25,,,3.639,
2002-06-26,,,3.509,
2002-06-27,,,3.599,
2002-06-28,,,3.619,
2002-07-01,,,3.609,
2002-07-02,,,3.529,
2002-07-03,,,3.539,
2002-07-05,,,3.659,
2002-07-08,,,3.599,
2002-07-09,,,3.539,
2002-07-10,,,3.419,
2002-07-11,,,3.419,
2002-07-12,,,3.389,
2002-07-15,,,3.591,
2002-07-16,,,3.681,
2002-07-17,,,3.641,
2002-07-18,,,3.591,
2002-07-19,,,3.541,
2002-07-22,,,3.441,
2002-07-23,,,3.401,
2002-07-24,,,3.421,
2002-07-25,,,3.361,
2002-07-26,,,3.361,
2002-07-29,,,3.551,
2002-07-30,,,3.581,
2002-07-31,,,3.441,
2002-08-01,,,3.401,
2002-08-02,,,3.261,
2002-08-05,,,3.221,
2002-08-06,,,3.351,
2002-08-07,,,3.281,
2002-08-08,,,3.331,
2002-08-09,,,3.201,
2002-08-12,,,3.151,
2002-08-13,,,3.051,
2002-08-14,,,2.991,
2002-08-15,,,2.704,
2002-08-16,,,2.854,
2002-08-19,,,2.824,
2002-08-20,,,2.704,
2002-08-21,,,2.734,
2002-08-22,,,2.834,
2002-08-23,,,2.784,
2002-08-26,,,2.754,
2002-08-27,,,2.824,
2002-08-28,,,2.754,
2002-08-29,,,2.694,
2002-08-30,,,2.674,
2002-09-03,,,2.514,
2002-09-04,,,2.494,
2002-09-05,,,2.444,
2002-09-06,,,2.584,
2002-09-09,,,2.584,
2002-09-10,,,2.534,
2002-09-11,,,2.604,
2002-09-12,,,2.514,
2002-09-13,,,2.454,
2002-09-16,,,2.153,
2002-09-17,,,2.123,
2002-09-18,,,2.113,
2002-09-19,,,2.043,
2002-09-20,,,2.043,
2002-09-23,,,1.953,
2002-09-24,,,1.943,
2002-09-25,,,2.023,
2002-09-26,,,2.043,
2002-09-27,,,1.943,
2002-09-30,,,1.883,
2002-10-01,,,1.973,
2002-10-02,,,1.963,
2002-10-03,,,1.953,
2002-10-04,,,1.943,
2002-10-07,,,1.893,
2002-10-08,,,1.903,
2002-10-09,,,1.863,
2002-10-10,,,1.933,
2002-10-11,,,2.083,
2002-10-15,,,2.554,
2002-10-16,,,2.544,
2002-10-17,,,2.644,
2002-10-18,,,2.624,
2002-10-21,,,2.724,
2002-10-22,,,2.754,
2002-10-23,,,2.744,
2002-10-24,,,2.644,
2002-10-25,,,2.604,
2002-10-28,,,2.584,
2002-10-29,,,2.454,
2002-10-30,,,2.474,
2002-10-31,,,2.414,
2002-11-01,,,2.494,
2002-11-04,,,2.554,
2002-11-05,,,2.584,
2002-11-06,,,2.574,
2002-11-07,,,2.364,
2002-11-08,,,2.334,
2002-11-12,,,2.324,
2002-11-13,,,2.324,
2002-11-14,,,2.514,
2002-11-15,,,2.023,
2002-11-18,,,1.993,
2002-11-19,,,1.963,
2002-11-20,,,2.053,
2002-11-21,,,2.113,
2002-11-22,,,2.153,
2002-11-25,,,2.163,
2002-11-26,,,2.053,
2002-11-27,,,2.233,
2002-11-29,,,2.193,
2002-12-02,,,2.193,
2002-12-03,,,2.213,
2002-12-04,,,2.153,
2002-12-05,,,2.103,
2002-12-06,,,2.063,
2002-12-09,,,2.033,
2002-12-10,,,2.033,
2002-12-11,,,1.983,
2002-12-12,,,1.983,
2002-12-13,,,2.043,
2002-12-16,,,1.896,
2002-12-17,,,1.876,
2002-12-18,,,1.806,
2002-12-19,,,1.706,
2002-12-20,,,1.716,
2002-12-23,,,1.726,
2002-12-24,,,1.696,
2002-12-26,,,1.676,
2002-12-27,,,1.576,
2002-12-30,,,1.566,
2002-12-31,,,1.576,
2003-01-02,,,1.816,2.43
2003-01-03,,,1.796,2.43
2003-01-06,,,1.836,2.46
2003-01-07,,,1.786,2.42
2003-01-08,,,1.746,2.29
2003-01-09,,,1.936,2.41
2003-01-10,,,1.906,2.41
2003-01-13,,,1.896,2.38
2003-01-14,,,1.846,2.34
2003-01-15,,,1.62,2.3
2003-01-16,,,1.62,2.31
2003-01-17,,,1.57,2.25
2003-01-21,,,1.53,2.23
2003-01-22,,,1.47,2.23
2003-01-23,,,1.5,2.2
2003-01-24,,,1.46,2.14
2003-01-27,,,1.5,2.16
2003-01-28,,,1.52,2.19
2003-01-29,,,1.58,2.21
2003-01-30,,,1.52,2.2
2003-01-31,,,1.52,2.19
2003-02-03,,,1.53,2.2
2003-02-04,,,1.48,2.12
2003-02-05,,,1.54,2.12
2003-02-06,,,1.49,2.09
2003-02-07,,,1.48,2.07
2003-02-10,,,1.51,2.06
2003-02-11,,,1.5,2.05
2003-02-12,,,1.45,2.04
2003-02-13,,,1.41,2.01
2003-02-14,,,1.47,2.03
2003-02-18,,,1.183,2.05
2003-02-19,,,1.123,1.99
2003-02-20,,,1.093,1.91
2003-02-21,,,1.143,1.93
2003-02-24,,,1.103,1.87
2003-02-25,,,1.053,1.84
2003-02-26,,,1.023,1.84
2003-02-27,,,1.003,1.82
2003-02-28,,,0.953,1.77
2003-03-03,,,0.923,1.77
2003-03-04,,,0.893,1.77
2003-03-05,,,0.873,1.75
2003-03-06,,,0.913,1.74
2003-03-07,,,0.873,1.72
2003-03-10,,,0.833,1.69
2003-03-11,,,0.843,1.68
2003-03-12,,,0.843,1.68
2003-03-13,,,0.983,1.73
2003-03-14,,,0.963,1.89
2003-03-17,,,0.674,1.97
2003-03-18,,,0.764,2.08
2003-03-19,,,0.834,2.15
2003-03-20,,,0.864,2.2
2003-03-21,,,0.964,2.29
2003-03-24,,,0.834,2.18
2003-03-25,,,0.824,2.17
2003-03-26,,,0.814,2.15
2003-03-27,,,0.804,2.1
2003-03-28,,,0.774,2.09
2003-03-31,,,0.684,2.03
2003-04-01,,,0.694,2.02
2003-04-02,,,0.794,2.11
2003-04-03,,,0.784,2.12
2003-04-04,,,0.814,2.16
2003-04-07,,,0.884,2.21
2003-04-08,,,0.804,2.18
2003-04-09,,,0.784,2.13
2003-04-10,,,0.804,2.16
2003-04-11,,,0.854,2.23
2003-04-14,,,0.894,2.22
2003-04-15,,,0.955,2.18
2003-04-16,,,0.935,2.2
2003-04-17,,,0.955,2.22
2003-04-21,,,0.975,2.25
2003-04-22,,,0.985,2.27
2003-04-23,,,0.995,2.26
2003-04-24,,,0.905,2.22
2003-04-25,,,0.885,2.18
2003-04-28,,,0.895,2.16
2003-04-29,,,0.935,2.22
2003-04-30,,,0.865,2.16
2003-05-01,,,0.855,2.13
2003-05-02,,,0.915,2.19
2003-05-05,,,0.895,2.19
2003-05-06,,,0.815,2.17
2003-05-07,,,0.695,2.02
2003-05-08,,,0.675,2.0
2003-05-09,,,0.665,2.0
2003-05-12,,,0.615,1.96
2003-05-13,,,0.605,1.94
2003-05-14,,,0.505,1.87
2003-05-15,,,1.355,1.86
2003-05-16,,,1.285,1.84
2003-05-19,,,1.285,1.85
2003-05-20,,,1.205,1.73
2003-05-21,,,1.215,1.73
2003-05-22,,,1.165,1.71
2003-05-23,,,1.165,1.72
2003-05-27,,,1.235,1.8
2003-05-28,,,1.265,1.83
2003-05-29,,,1.165,1.76
2003-05-30,,,1.195,1.77
2003-06-02,,,1.255,1.83
2003-06-03,,,1.165,1.76
2003-06-04,,,1.125,1.73
2003-06-05,,,1.165,1.75
2003-06-06,,,1.195,1.76
2003-06-09,,,1.115,1.68
2003-06-10,,,1.025,1.61
2003-06-11,,,1.035,1.62
2003-06-12,,,1.005,1.57
2003-06-13,,,0.955,1.51
2003-06-16,,,1.286,1.59
2003-06-17,,,1.376,1.7
2003-06-18,,,1.476,1.79
2003-06-19,,,1.456,1.74
2003-06-20,,,1.506,1.77
2003-06-23,,,1.426,1.71
2003-06-24,,,1.396,1.68
2003-06-25,,,1.486,1.71
2003-06-26,,,1.656,1.85
2003-06-27,,,1.686,1.9
2003-06-30,,,1.646,1.9
2003-07-01,,,1.666,1.92
2003-07-02,,,1.666,1.96
2003-07-03,,,1.776,2.09
2003-07-07,,,1.846,2.14
2003-07-08,,,1.856,2.12
2003-07-09,,,1.836,2.0
2003-07-10,,,1.806,1.94
2003-07-11,,,1.766,1.88
2003-07-14,,,1.846,1.92
2003-07-15,,,1.991,2.06
2003-07-16,,,2.021,2.08
2003-07-17,,,2.031,2.05
2003-07-18,,,2.051,2.04
2003-07-21,,,2.241,2.21
2003-07-22,,,2.221,2.19
2003-07-23,,,2.171,2.11
2003-07-24,,,2.251,2.18
2003-07-25,,,2.271,2.14
2003-07-28,,,2.361,2.27
2003-07-29,,,2.471,2.38
2003-07-30,,,2.391,2.32
2003-07-31,,,2.541,2.41
2003-08-01,,,2.491,2.4
2003-08-04,,,2.401,2.34
2003-08-05,,,2.521,2.43
2003-08-06,,,2.371,2.34
2003-08-07,,,2.351,2.29
2003-08-08,,,2.321,2.27
2003-08-11,,,2.431,2.31
2003-08-12,,,2.421,2.29
2003-08-13,,,2.631,2.41
2003-08-14,,,2.601,2.38
2003-08-15,,,2.494,2.36
2003-08-18,,,2.434,2.33
2003-08-19,,,2.324,2.24
2003-08-20,,,2.394,2.26
2003-08-21,,,2.474,2.29
2003-08-22,,,2.424,2.26
2003-08-25,,,2.474,2.31
2003-08-26,,,2.444,2.28
2003-08-27,,,2.484,2.36
2003-08-28,,,2.364,2.29
2003-08-29,,,2.394,2.29
2003-09-02,,,2.554,2.43
2003-09-03,,,2.544,2.4
2003-09-04,,,2.464,2.32
2003-09-05,,,2.294,2.17
2003-09-08,,,2.354,2.24
2003-09-09,,,2.314,2.21
2003-09-10,,,2.224,2.18
2003-09-11,,,2.294,2.22
2003-09-12,,,2.214,2.18
2003-09-15,,,2.064,2.18
2003-09-16,,,2.074,2.26
2003-09-17,,,1.984,2.2
2003-09-18,,,1.974,2.18
2003-09-19,,,1.954,2.17
2003-09-22,,,2.044,2.21
2003-09-23,,,2.024,2.19
2003-09-24,,,1.944,2.13
2003-09-25,,,1.904,2.07
2003-09-26,,,1.824,1.99
2003-09-29,,,1.874,2.03
2003-09-30,,,1.744,1.95
2003-10-01,,,1.744,1.96
2003-10-02,,,1.814,2.01
2003-10-03,,,1.994,2.16
2003-10-06,,,1.954,2.11
2003-10-07,,,2.054,2.17
2003-10-08,,,2.054,2.18
2003-10-09,,,2.104,2.2
2003-10-10,,,2.074,2.14
2003-10-14,,,2.154,2.18
2003-10-15,,,2.052,2.2
2003-10-16,,,2.092,2.21
2003-10-17,,,2.032,2.14
2003-10-20,,,2.032,2.13
2003-10-21,,,2.002,2.12
2003-10-22,,,1.912,2.07
2003-10-23,,,1.962,2.03
2003-10-24,,,1.862,1.92
2003-10-27,,,1.922,1.96
2003-10-28,,,1.852,1.91
2003-10-29,,,1.932,1.98
2003-10-30,,,1.982,1.97
2003-10-31,,,1.952,1.93
2003-11-03,,,2.022,1.97
2003-11-04,,,1.952,1.93
2003-11-05,,,2.002,2.02
2003-11-06,,,2.072,2.08
2003-11-07,,,2.102,2.1
2003-11-10,,,2.112,2.09
2003-11-12,,,2.062,2.04
2003-11-13,,,1.922,1.94
2003-11-14,,,1.842,1.87
2003-11-17,,,2.138,1.82
2003-11-18,,,2.128,1.83
2003-11-19,,,2.198,1.91
2003-11-20,,,2.118,1.92
2003-11-21,,,2.108,1.93
2003-11-24,,,2.188,1.99
2003-11-25,,,2.148,1.92
2003-11-26,,,2.208,1.96
2003-11-28,,,2.298,2.03
2003-12-01,,,2.358,2.08
2003-12-02,,,2.338,2.05
2003-12-03,,,2.368,2.08
2003-12-04,,,2.338,2.04
2003-12-05,,,2.188,1.92
2003-12-08,,,2.248,1.96
2003-12-09,,,2.278,2.0
2003-12-10,,,2.258,1.97
2003-12-11,,,2.228,1.9
2003-12-12,,,2.218,1.91
2003-12-15,,,2.352,1.98
2003-12-16,,,2.312,1.99
2003-12-17,,,2.262,1.96
2003-12-18,,,2.232,1.94
2003-12-19,,,2.222,1.95
2003-12-22,,,2.252,1.98
2003-12-23,,,2.352,2.03
2003-12-24,,,2.272,1.96
2003-12-26,,,2.242,1.94
2003-12-29,,,2.312,1.99
2003-12-30,,,2.362,2.01
2003-12-31,,,2.342,2.0
2004-01-02,,,2.452,2.06
2004-01-05,,,2.482,2.06
2004-01-06,,,2.362,1.97
2004-01-07,,,2.342,1.94
2004-01-08,,,2.342,1.99
2004-01-09,,,2.182,1.89
2004-01-12,,,2.182,1.89
2004-01-13,,,2.122,1.83
2004-01-14,,,2.082,1.85
2004-01-15,,,1.955,1.82
2004-01-16,,,2.005,1.83
2004-01-20,,,2.045,1.84
2004-01-21,,,2.015,1.79
2004-01-22,,,1.955,1.76
2004-01-23,,,2.055,1.82
2004-01-26,,,2.125,1.89
2004-01-27,,,2.075,1.84
2004-01-28,,,2.185,1.92
2004-01-29,,,2.185,1.91
2004-01-30,,,2.125,1.85
2004-02-02,,,2.145,1.84
2004-02-03,,,2.095,1.81
2004-02-04,,,2.115,1.82
2004-02-05,,,2.165,1.85
2004-02-06,,,2.085,1.79
2004-02-09,,,2.055,1.76
2004-02-10,,,2.095,1.79
2004-02-11,,,2.015,1.75
2004-02-12,,,2.065,1.77
2004-02-13,,,2.015,1.74
2004-02-17,,,2.024,1.75
2004-02-18,,,2.024,1.75
2004-02-19,,,2.024,1.76
2004-02-20,,,2.074,1.79
2004-02-23,,,2.024,1.76
2004-02-24,,,2.014,1.74
2004-02-25,,,1.994,1.71
2004-02-26,,,2.024,1.69
2004-02-27,,,1.964,1.61
2004-03-01,,,1.974,1.55
2004-03-02,,,2.024,1.58
2004-03-03,,,2.044,1.59
2004-03-04,,,2.014,1.6
2004-03-05,,,1.824,1.46
2004-03-08,,,1.754,1.43
2004-03-09,,,1.704,1.4
2004-03-10,,,1.714,1.45
2004-03-11,,,1.714,1.5
2004-03-12,,,1.754,1.52
2004-03-15,,,2.092,1.47
2004-03-16,,,2.012,1.4
2004-03-17,,,2.022,1.36
2004-03-18,,,2.072,1.37
2004-03-19,,,2.112,1.44
2004-03-22,,,2.052,1.42
2004-03-23,,,2.042,1.41
2004-03-24,,,2.042,1.38
2004-03-25,,,2.062,1.4
2004-03-26,,,2.162,1.47
2004-03-29,,,2.222,1.5
2004-03-30,,,2.222,1.52
2004-03-31,,,2.172,1.48
2004-04-01,,,2.222,1.48
2004-04-02,,,2.462,1.69
2004-04-05,,,2.552,1.75
2004-04-06,,,2.502,1.73
2004-04-07,,,2.502,1.82
2004-04-08,,,2.522,1.8
2004-04-12,,,2.562,1.81
2004-04-13,,,2.662,1.88
2004-04-14,,,2.712,1.91
2004-04-15,,,2.68,1.93
2004-04-16,,,2.63,1.87
2004-04-19,,,2.65,1.87
2004-04-20,,,2.69,1.97
2004-04-21,,,2.71,1.96
2004-04-22,,,2.66,1.98
2004-04-23,,,2.74,2.12
2004-04-26,,,2.72,2.03
2004-04-27,,,2.69,2.0
2004-04-28,,,2.76,2.1
2004-04-29,,,2.81,2.15
2004-04-30,,,2.79,2.11
2004-05-03,,,2.79,2.09
2004-05-04,,,2.82,2.1
2004-05-05,,,2.87,2.1
2004-05-06,,,2.89,2.15
2004-05-07,,,3.05,2.24
2004-05-10,,,3.07,2.25
2004-05-11,,,3.05,2.21
2004-05-12,,,3.09,2.17
2004-05-13,,,3.11,2.18
2004-05-14,,,3.05,2.16
2004-05-17,,,2.407,2.07
2004-05-18,,,2.447,2.05
2004-05-19,,,2.497,2.03
2004-05-20,,,2.427,1.96
2004-05-21,,,2.467,2.04
2004-05-24,,,2.457,2.01
2004-05-25,,,2.437,2.03
2004-05-26,,,2.377,1.99
2004-05-27,,,2.307,1.97
2004-05-28,,,2.367,2.0
2004-06-01,,,2.417,1.97
2004-06-02,,,2.447,2.04
2004-06-03,,,2.417,2.05
2004-06-04,,,2.487,2.11
2004-06-07,,,2.487,2.11
2004-06-08,,,2.487,2.15
2004-06-09,,,2.527,2.2
2004-06-10,,,2.517,2.18
2004-06-14,,,2.597,2.26
2004-06-15,,,1.792,2.16
2004-06-16,,,1.842,2.18
2004-06-17,,,1.812,2.16
2004-06-18,,,1.822,2.15
2004-06-21,,,1.802,2.16
2004-06-22,,,1.822,2.17
2004-06-23,,,1.812,2.18
2004-06-24,,,1.762,2.15
2004-06-25,,,1.762,2.16
2004-06-28,,,1.862,2.23
2004-06-29,,,1.802,2.2
2004-06-30,,,1.722,2.1
2004-07-01,,,1.672,2.04
2004-07-02,,,1.582,1.96
2004-07-06,,,1.592,1.97
2004-07-07,,,1.602,2.0
2004-07-08,,,1.592,2.02
2004-07-09,,,1.592,2.02
2004-07-12,,,1.562,2.02
2004-07-13,,,1.602,2.03
2004-07-14,,,1.602,2.02
2004-07-15,,,1.332,2.01
2004-07-16,,,1.212,1.94
2004-07-19,,,1.212,1.96
2004-07-20,,,1.302,2.05
2004-07-21,,,1.332,2.05
2004-07-22,,,1.312,2.03
2004-07-23,,,1.282,2.0
2004-07-26,,,1.322,2.05
2004-07-27,,,1.452,2.15
2004-07-28,,,1.442,2.11
2004-07-29,,,1.432,2.07
2004-07-30,,,1.332,2.01
2004-08-02,,,1.312,2.0
2004-08-03,,,1.282,1.98
2004-08-04,,,1.282,2.0
2004-08-05,,,1.262,1.96
2004-08-06,,,1.072,1.82
2004-08-09,,,1.112,1.85
2004-08-10,,,1.152,1.9
2004-08-11,,,1.132,1.86
2004-08-12,,,1.102,1.81
2004-08-13,,,1.052,1.77
2004-08-16,,,1.32,1.82
2004-08-17,,,1.27,1.82
2004-08-18,,,1.29,1.83
2004-08-19,,,1.28,1.76
2004-08-20,,,1.3,1.79
2004-08-23,,,1.34,1.86
2004-08-24,,,1.34,1.87
2004-08-25,,,1.32,1.88
2004-08-26,,,1.28,1.86
2004-08-27,,,1.29,1.86
2004-08-30,,,1.25,1.83
2004-08-31,,,1.19,1.78
2004-09-01,,,1.19,1.77
2004-09-02,,,1.26,1.83
2004-09-03,,,1.36,1.88
2004-09-06,1.809,2.29,,
2004-09-07,1.81,2.29,1.32,1.86
2004-09-08,1.828,2.309,1.24,1.82
2004-09-09,1.762,2.242,1.28,1.83
2004-09-10,1.721,2.201,1.25,1.83
2004-09-13,1.739,2.219,1.22,1.81
2004-09-14,1.731,2.211,1.21,1.81
2004-09-15,1.729,2.209,1.633,1.86
2004-09-16,1.73,2.211,1.533,1.81
2004-09-17,1.699,2.179,1.593,1.85
2004-09-20,1.681,2.162,1.523,1.8
2004-09-21,1.688,2.169,1.503,1.8
2004-09-22,1.667,2.148,1.453,1.73
2004-09-23,1.595,2.076,1.473,1.76
2004-09-24,1.64,2.121,1.493,1.78
2004-09-27,1.613,2.094,1.463,1.72
2004-09-28,1.622,2.102,1.473,1.7
2004-09-29,1.658,2.138,1.553,1.76
2004-09-30,1.666,2.146,1.593,1.77
2004-10-01,1.989,2.196,1.663,1.83
2004-10-04,2.016,2.223,1.643,1.86
2004-10-05,1.977,2.184,1.633,1.84
2004-10-06,1.969,2.176,1.683,1.9
2004-10-07,1.981,2.188,1.713,1.89
2004-10-08,1.927,2.134,1.603,1.78
2004-10-11,1.937,2.145,,
2004-10-12,1.893,2.101,1.573,1.75
2004-10-13,1.906,2.113,1.543,1.72
2004-10-14,1.886,2.094,1.483,1.68
2004-10-15,1.876,2.084,1.531,1.7
2004-10-18,1.883,2.091,1.531,1.71
2004-10-19,1.905,2.112,1.531,1.7
2004-10-20,1.862,2.07,1.471,1.66
2004-10-21,1.859,2.067,1.471,1.62
2004-10-22,1.861,2.068,1.461,1.64
2004-10-25,1.82,2.027,1.451,1.63
2004-10-26,1.814,2.022,1.471,1.63
2004-10-27,1.818,2.026,1.571,1.73
2004-10-28,1.895,2.103,1.551,1.68
2004-10-29,1.827,2.034,1.511,1.63
2004-11-01,1.563,2.07,1.571,1.67
2004-11-02,1.585,2.093,1.561,1.61
2004-11-03,1.586,2.093,1.551,1.61
2004-11-04,1.586,2.094,1.561,1.65
2004-11-05,1.586,2.094,1.671,1.71
2004-11-08,1.585,2.093,1.681,1.72
2004-11-09,1.544,2.052,1.681,1.74
2004-11-10,1.531,2.038,1.711,1.75
2004-11-11,1.512,2.02,,
2004-11-12,1.488,1.995,1.661,1.71
2004-11-15,1.454,1.962,1.009,1.67
2004-11-16,1.431,1.939,1.019,1.68
2004-11-17,1.451,1.958,0.949,1.63
2004-11-18,1.479,1.986,0.929,1.64
2004-11-19,1.462,1.969,1.009,1.67
2004-11-22,1.435,1.942,0.989,1.62
2004-11-23,1.427,1.935,0.999,1.65
2004-11-24,1.42,1.928,1.009,1.64
2004-11-25,1.408,1.915,,
2004-11-26,1.405,1.913,1.049,1.66
2004-11-29,1.445,1.953,1.149,1.74
2004-11-30,1.423,1.93,1.169,1.75
2004-12-01,1.499,1.906,1.189,1.79
2004-12-02,1.529,1.936,1.209,1.83
2004-12-03,1.5,1.907,1.079,1.73
2004-12-06,1.451,1.858,1.049,1.7
2004-12-07,1.423,1.83,1.039,1.69
2004-12-08,1.425,1.833,0.949,1.62
2004-12-09,1.35,1.758,0.999,1.64
2004-12-10,1.327,1.735,0.969,1.66
2004-12-13,1.335,1.743,0.969,1.65
2004-12-14,1.321,1.729,0.949,1.62
2004-12-15,1.276,1.683,0.468,1.57
2004-12-16,1.3,1.708,0.568,1.64
2004-12-17,1.349,1.756,0.588,1.64
2004-12-20,1.316,1.724,0.588,1.62
2004-12-21,1.347,1.755,0.558,1.59
2004-12-22,1.341,1.749,0.588,1.63
2004-12-23,1.314,1.721,0.608,1.62
2004-12-24,1.274,1.682,,
2004-12-27,1.335,1.742,0.678,1.67
2004-12-28,1.351,1.758,0.688,1.69
2004-12-29,1.409,1.817,0.708,1.73
2004-12-30,1.408,1.815,0.648,1.7
2004-12-31,1.405,1.813,0.618,1.68
2005-01-03,1.362,1.763,0.608,1.7
2005-01-04,1.368,1.769,0.668,1.78
2005-01-05,1.396,1.797,0.668,1.79
2005-01-06,1.353,1.753,0.668,1.76
2005-01-07,1.321,1.722,0.668,1.8
2005-01-10,1.321,1.722,0.668,1.77
2005-01-11,1.315,1.716,0.638,1.76
2005-01-12,1.324,1.725,0.628,1.73
2005-01-13,1.289,1.69,0.578,1.7
2005-01-14,1.281,1.681,0.608,1.72
2005-01-17,1.256,1.656,,
2005-01-18,1.271,1.672,0.868,1.71
2005-01-19,1.233,1.633,0.858,1.7
2005-01-20,1.281,1.682,0.828,1.7
2005-01-21,1.29,1.691,0.818,1.69
2005-01-24,1.26,1.661,0.798,1.68
2005-01-25,1.232,1.633,0.858,1.74
2005-01-26,1.273,1.674,0.868,1.72
2005-01-27,1.3,1.701,0.878,1.72
2005-01-28,1.257,1.658,0.818,1.65
2005-01-31,1.256,1.657,0.798,1.65
2005-02-01,1.656,1.657,0.808,1.67
2005-02-02,1.637,1.638,0.808,1.7
2005-02-03,1.655,1.656,0.838,1.73
2005-02-04,1.607,1.608,0.748,1.65
2005-02-07,1.58,1.581,0.728,1.62
2005-02-08,1.582,1.583,0.708,1.57
2005-02-09,1.547,1.548,0.658,1.49
2005-02-10,1.535,1.536,0.728,1.57
2005-02-11,1.568,1.569,0.758,1.57
2005-02-14,1.598,1.599,0.738,1.54
2005-02-15,1.605,1.606,1.255,1.61
2005-02-16,1.583,1.584,1.315,1.65
2005-02-17,1.687,1.688,1.345,1.65
2005-02-18,1.762,1.763,1.425,1.67
2005-02-21,1.781,1.782,,
2005-02-22,1.797,1.798,1.445,1.67
2005-02-23,1.781,1.782,1.425,1.64
2005-02-24,1.805,1.806,1.445,1.65
2005-02-25,1.837,1.838,1.425,1.64
2005-02-28,1.811,1.812,1.515,1.7
2005-03-01,1.634,1.835,1.535,1.69
2005-03-02,1.689,1.89,1.535,1.69
2005-03-03,1.671,1.872,1.545,1.69
2005-03-04,1.622,1.823,1.475,1.65
2005-03-07,1.581,1.782,1.465,1.63
2005-03-08,1.613,1.814,1.535,1.67
2005-03-09,1.679,1.88,1.675,1.77
2005-03-10,1.674,1.875,1.635,1.76
2005-03-11,1.687,1.888,1.715,1.82
2005-03-14,1.694,1.895,1.675,1.82
2005-03-15,1.639,1.84,1.487,1.82
2005-03-16,1.625,1.826,1.467,1.79
2005-03-17,1.597,1.798,1.417,1.73
2005-03-18,1.634,1.835,1.457,1.77
2005-03-21,1.643,1.844,1.477,1.8
2005-03-22,1.601,1.802,1.577,1.87
2005-03-23,1.639,1.84,1.557,1.92
2005-03-24,1.612,1.813,1.547,1.9
2005-03-28,,,1.587,1.94
2005-03-29,1.622,1.823,1.547,1.91
2005-03-30,1.608,1.809,1.507,1.89
2005-03-31,1.555,1.755,1.447,1.79
2005-04-01,1.406,1.719,1.407,1.77
2005-04-04,1.425,1.738,1.417,1.79
2005-04-05,1.418,1.731,1.427,1.81
2005-04-06,1.415,1.728,1.387,1.8
2005-04-07,1.397,1.71,1.437,1.85
2005-04-08,1.414,1.728,1.447,1.84
2005-04-11,1.4,1.713,1.397,1.82
2005-04-12,1.391,1.704,1.327,1.73
2005-04-13,1.364,1.677,1.327,1.74
2005-04-14,1.376,1.689,1.317,1.72
2005-04-15,1.335,1.648,1.063,1.67
2005-04-18,1.336,1.649,1.063,1.66
2005-04-19,1.305,1.618,1.003,1.62
2005-04-20,1.305,1.619,1.013,1.6
2005-04-21,1.348,1.661,1.113,1.66
2005-04-22,1.308,1.622,1.053,1.61
2005-04-25,1.294,1.607,1.053,1.63
2005-04-26,1.275,1.588,1.073,1.66
2005-04-27,1.248,1.561,1.043,1.65
2005-04-28,1.246,1.559,0.983,1.58
2005-04-29,1.282,1.595,1.003,1.61
2005-05-02,1.36,1.573,1.003,1.61
2005-05-03,1.349,1.562,1.003,1.64
2005-05-04,1.383,1.596,0.993,1.63
2005-05-05,1.371,1.584,0.983,1.62
2005-05-06,1.398,1.611,1.073,1.69
2005-05-09,1.397,1.61,1.083,1.69
2005-05-10,1.326,1.539,1.023,1.65
2005-05-11,1.299,1.512,1.003,1.64
2005-05-12,1.299,1.512,0.973,1.66
2005-05-13,1.263,1.476,0.913,1.66
2005-05-16,1.273,1.486,0.768,1.66
2005-05-17,1.282,1.495,0.758,1.64
2005-05-18,1.245,1.459,0.708,1.65
2005-05-19,1.257,1.47,0.748,1.69
2005-05-20,1.296,1.509,0.768,1.67
2005-05-23,1.269,1.482,0.708,1.65
2005-05-24,1.229,1.442,0.678,1.62
2005-05-25,1.225,1.438,0.718,1.66
2005-05-26,1.269,1.482,0.718,1.69
2005-05-27,1.28,1.494,0.718,1.67
2005-05-30,1.281,1.494,,
2005-05-31,1.223,1.436,0.638,1.63
2005-06-01,1.311,1.424,0.548,1.54
2005-06-02,1.272,1.385,0.528,1.55
2005-06-03,1.203,1.316,0.618,1.61
2005-06-06,1.25,1.363,0.598,1.6
2005-06-07,1.193,1.306,0.558,1.6
2005-06-08,1.162,1.275,0.588,1.63
2005-06-09,1.199,1.312,0.618,1.64
2005-06-10,1.199,1.312,0.688,1.74
2005-06-13,1.23,1.343,0.728,1.76
2005-06-14,1.238,1.351,0.768,1.79
2005-06-15,1.325,1.438,1.251,1.79
2005-06-16,1.372,1.485,1.221,1.75
2005-06-17,1.344,1.457,1.221,1.72
2005-06-20,1.359,1.472,1.241,1.74
2005-06-21,1.269,1.382,1.191,1.72
2005-06-22,1.195,1.308,1.081,1.68
2005-06-23,1.203,1.316,1.091,1.68
2005-06-24,1.18,1.293,1.051,1.65
2005-06-27,1.163,1.276,1.031,1.62
2005-06-28,1.205,1.318,1.101,1.67
2005-06-29,1.184,1.297,1.121,1.69
2005-06-30,1.2,1.313,1.071,1.67
2005-07-01,1.186,1.245,1.191,1.75
2005-07-04,1.22,1.279,,
2005-07-05,1.262,1.321,1.241,1.8
2005-07-06,1.263,1.322,1.211,1.78
2005-07-07,1.238,1.297,1.181,1.77
2005-07-08,1.217,1.276,1.241,1.83
2005-07-11,1.247,1.307,1.241,1.81
2005-07-12,1.254,1.313,1.281,1.83
2005-07-13,1.276,1.336,1.301,1.87
2005-07-14,1.316,1.375,1.321,1.94
2005-07-15,1.32,1.379,1.639,1.95
2005-07-18,1.283,1.342,1.679,1.98
2005-07-19,1.306,1.365,1.659,1.92
2005-07-20,1.329,1.388,1.629,1.9
2005-07-21,1.312,1.372,1.739,1.95
2005-07-22,1.272,1.331,1.689,1.89
2005-07-25,1.26,1.319,1.709,1.94
2005-07-26,1.275,1.334,1.699,1.92
2005-07-27,1.255,1.314,1.729,1.92
2005-07-28,1.26,1.319,1.659,1.86
2005-07-29,1.263,1.323,1.739,1.92
2005-08-01,1.206,1.365,1.779,1.95
2005-08-02,1.207,1.366,1.799,1.99
2005-08-03,1.259,1.418,1.759,1.93
2005-08-04,1.248,1.407,1.779,1.94
2005-08-05,1.296,1.455,1.859,2.0
2005-08-08,1.296,1.455,1.879,2.02
2005-08-09,1.28,1.439,1.869,2.02
2005-08-10,1.259,1.419,1.859,2.01
2005-08-11,1.263,1.422,1.779,1.97
2005-08-12,1.23,1.389,1.699,1.91
2005-08-15,1.205,1.365,1.203,1.92
2005-08-16,1.185,1.344,1.163,1.87
2005-08-17,1.16,1.319,1.213,1.91
2005-08-18,1.141,1.3,1.143,1.86
2005-08-19,1.132,1.292,1.143,1.85
2005-08-22,1.145,1.304,1.153,1.86
2005-08-23,1.112,1.271,1.133,1.85
2005-08-24,1.098,1.257,1.123,1.83
2005-08-25,1.077,1.236,1.113,1.8
2005-08-26,1.074,1.234,1.133,1.81
2005-08-29,1.075,1.234,1.133,1.79
2005-08-30,1.09,1.249,1.093,1.71
2005-08-31,1.034,1.193,0.953,1.65
2005-09-01,0.912,1.171,0.953,1.61
2005-09-02,0.893,1.152,0.963,1.59
2005-09-05,0.882,1.142,,
2005-09-06,0.905,1.164,1.023,1.65
2005-09-07,0.914,1.173,1.083,1.69
2005-09-08,0.898,1.157,1.083,1.68
2005-09-09,0.876,1.135,1.073,1.64
2005-09-12,0.936,1.196,1.113,1.69
2005-09-13,0.93,1.189,1.073,1.67
2005-09-14,0.907,1.166,1.103,1.68
2005-09-15,0.932,1.191,0.573,1.71
2005-09-16,0.956,1.215,0.613,1.73
2005-09-19,0.942,1.202,0.603,1.7
2005-09-20,0.9,1.159,0.613,1.74
2005-09-21,0.856,1.116,0.543,1.68
2005-09-22,0.859,1.118,0.543,1.67
2005-09-23,0.878,1.137,0.603,1.74
2005-09-26,0.941,1.2,0.653,1.78
2005-09-27,0.933,1.192,0.653,1.77
2005-09-28,0.956,1.215,0.613,1.73
2005-09-29,0.962,1.221,0.643,1.75
2005-09-30,0.955,1.214,0.693,1.78
2005-10-03,0.622,1.339,0.743,1.84
2005-10-04,0.582,1.299,0.733,1.87
2005-10-05,0.579,1.296,0.713,1.86
2005-10-06,0.588,1.305,0.723,1.91
2005-10-07,0.596,1.314,0.703,1.9
2005-10-10,0.563,1.281,,
2005-10-11,0.601,1.319,0.743,1.92
2005-10-12,0.632,1.349,0.803,1.96
2005-10-13,0.694,1.412,0.833,1.96
2005-10-14,0.694,1.412,0.833,1.98
2005-10-17,0.712,1.43,-0.242,1.94
2005-10-18,0.715,1.432,-0.252,1.92
2005-10-19,0.689,1.406,-0.272,1.92
2005-10-20,0.716,1.433,-0.282,1.92
2005-10-21,0.652,1.37,-0.352,1.89
2005-10-24,0.65,1.368,-0.292,1.93
2005-10-25,0.7,1.417,-0.202,2.05
2005-10-26,0.798,1.515,-0.142,2.06
2005-10-27,0.799,1.516,-0.172,2.01
2005-10-28,0.805,1.522,-0.162,2.01
2005-10-31,0.804,1.522,-0.172,2.0
2005-11-01,1.011,1.528,-0.162,2.0
2005-11-02,1.076,1.594,-0.132,2.02
2005-11-03,1.077,1.594,-0.092,2.03
2005-11-04,1.083,1.6,-0.082,2.06
2005-11-07,1.106,1.623,-0.092,2.03
2005-11-08,1.089,1.606,-0.172,2.01
2005-11-09,1.115,1.632,-0.102,2.08
2005-11-10,1.141,1.658,-0.192,2.07
2005-11-11,1.122,1.639,,
2005-11-14,1.112,1.63,-0.132,2.14
2005-11-15,1.149,1.667,0.21,2.12
2005-11-16,1.057,1.574,0.14,2.07
2005-11-17,1.076,1.593,0.11,2.04
2005-11-18,1.133,1.65,0.15,2.09
2005-11-21,1.135,1.652,0.11,2.08
2005-11-22,1.109,1.627,0.08,2.03
2005-11-23,1.081,1.598,0.12,2.08
2005-11-24,0.995,1.512,,
2005-11-25,1.02,1.538,0.08,2.05
2005-11-28,1.028,1.546,0.06,2.04
2005-11-29,1.028,1.545,0.13,2.11
2005-11-30,1.059,1.577,0.14,2.12
2005-12-01,1.091,1.508,0.17,2.15
2005-12-02,1.118,1.536,0.17,2.16
2005-12-05,1.123,1.541,0.22,2.17
2005-12-06,1.089,1.507,0.14,2.12
2005-12-07,1.08,1.498,0.17,2.18
2005-12-08,1.087,1.505,0.12,2.14
2005-12-09,1.131,1.549,0.19,2.18
2005-12-12,1.122,1.54,0.21,2.17
2005-12-13,1.101,1.518,0.19,2.16
2005-12-14,1.067,1.484,0.1,2.1
2005-12-15,1.067,1.484,1.131,2.12
2005-12-16,1.037,1.454,1.111,2.11
2005-12-19,1.044,1.461,1.111,2.11
2005-12-20,1.055,1.472,1.131,2.12
2005-12-21,1.078,1.495,1.151,2.14
2005-12-22,1.072,1.49,1.101,2.11
2005-12-23,1.073,1.49,1.041,2.07
2005-12-27,1.033,1.45,1.001,2.05
2005-12-28,0.991,1.409,1.041,2.1
2005-12-29,1.014,1.431,1.031,2.07
2005-12-30,0.906,1.323,1.051,2.06
2006-01-02,1.186,1.486,,
2006-01-03,1.189,1.489,1.031,2.03
2006-01-04,1.108,1.408,1.021,2.01
2006-01-05,1.075,1.375,1.021,2.04
2006-01-06,1.072,1.372,1.041,2.05
2006-01-09,1.044,1.344,1.041,2.05
2006-01-10,1.061,1.361,1.091,2.06
2006-01-11,1.079,1.379,1.121,2.07
2006-01-12,1.053,1.353,1.081,2.01
2006-01-13,1.047,1.347,1.021,1.97
2006-01-16,1.058,1.358,,
2006-01-17,1.052,1.352,1.001,1.95
2006-01-18,1.068,1.368,1.001,1.97
2006-01-19,1.135,1.435,1.041,1.97
2006-01-20,1.138,1.438,1.031,1.94
2006-01-23,1.174,1.474,1.021,1.94
2006-01-24,1.174,1.474,1.061,1.97
2006-01-25,1.202,1.502,1.151,2.03
2006-01-26,1.241,1.541,1.191,2.01
2006-01-27,1.262,1.562,1.181,2.02
2006-01-30,1.27,1.57,1.201,2.03
2006-01-31,1.271,1.571,1.191,2.0
2006-02-01,1.084,1.584,1.231,2.02
2006-02-02,1.129,1.629,1.231,2.04
2006-02-03,1.112,1.612,1.201,2.0
2006-02-06,1.067,1.567,1.211,2.0
2006-02-07,1.075,1.575,1.231,2.02
2006-02-08,1.105,1.605,1.221,2.07
2006-02-09,1.106,1.606,1.201,2.05
2006-02-10,1.041,1.541,1.251,2.09
2006-02-13,1.084,1.584,1.241,2.08
2006-02-14,1.1,1.6,1.281,2.14
2006-02-15,1.115,1.615,0.591,2.13
2006-02-16,1.104,1.604,0.571,2.1
2006-02-17,1.069,1.569,0.521,2.03
2006-02-20,1.032,1.532,,
2006-02-21,1.051,1.551,0.551,2.04
2006-02-22,1.019,1.519,0.511,2.01
2006-02-23,1.049,1.549,0.541,2.03
2006-02-24,1.072,1.572,0.561,2.02
2006-02-27,1.09,1.59,0.571,2.04
2006-02-28,1.081,1.581,0.531,2.02
2006-03-01,1.082,1.582,0.571,2.02
2006-03-02,1.145,1.645,0.621,2.05
2006-03-03,1.176,1.676,0.661,2.07
2006-03-06,1.173,1.673,0.721,2.14
2006-03-07,1.183,1.683,0.721,2.16
2006-03-08,1.22,1.72,0.711,2.2
2006-03-09,1.236,1.736,0.721,2.2
2006-03-10,1.279,1.779,0.741,2.23
2006-03-13,1.282,1.782,0.751,2.24
2006-03-14,1.242,1.742,0.691,2.17
2006-03-15,1.247,1.747,1.092,2.18
2006-03-16,1.254,1.754,1.012,2.12
2006-03-17,1.277,1.777,1.042,2.16
2006-03-20,1.248,1.748,1.022,2.15
2006-03-21,1.266,1.766,1.072,2.23
2006-03-22,1.227,1.727,1.062,2.23
2006-03-23,1.241,1.741,1.092,2.24
2006-03-24,1.248,1.748,1.032,2.2
2006-03-27,1.224,1.724,1.062,2.23
2006-03-28,1.311,1.811,1.152,2.3
2006-03-29,1.345,1.845,1.172,2.32
2006-03-30,1.374,1.874,1.222,2.35
2006-03-31,1.378,1.878,1.222,2.35
2006-04-03,1.639,1.934,1.242,2.36
2006-04-04,1.634,1.929,1.232,2.38
2006-04-05,1.645,1.939,1.202,2.34
2006-04-06,1.658,1.952,1.262,2.38
2006-04-07,1.712,2.006,1.332,2.43
2006-04-10,1.699,1.994,1.332,2.41
2006-04-11,1.666,1.96,1.292,2.37
2006-04-12,1.659,1.953,1.342,2.41
2006-04-13,1.748,2.042,1.412,2.48
2006-04-17,,,1.592,2.43
2006-04-18,1.751,2.045,1.572,2.38
2006-04-19,1.749,2.043,1.622,2.38
2006-04-20,1.74,2.034,1.622,2.42
2006-04-21,1.731,2.025,1.592,2.39
2006-04-24,1.746,2.04,1.572,2.39
2006-04-25,1.823,2.118,1.652,2.47
2006-04-26,1.832,2.126,1.702,2.51
2006-04-27,1.818,2.112,1.672,2.45
2006-04-28,1.773,2.067,1.652,2.39
2006-05-01,,,1.722,2.42
2006-05-02,1.589,2.083,1.702,2.43
2006-05-03,1.6,2.094,1.732,2.47
2006-05-04,1.623,2.118,1.742,2.49
2006-05-05,1.593,2.087,1.702,2.45
2006-05-08,1.6,2.094,1.702,2.45
2006-05-09,1.621,2.115,1.712,2.43
2006-05-10,1.599,2.093,1.712,2.43
2006-05-11,1.659,2.153,1.722,2.43
2006-05-12,1.649,2.143,1.772,2.47
2006-05-15,1.65,2.144,1.536,2.47
2006-05-16,1.607,2.101,1.486,2.44
2006-05-17,1.653,2.148,1.546,2.47
2006-05-18,1.615,2.11,1.466,2.41
2006-05-19,1.585,2.079,1.436,2.43
2006-05-22,1.517,2.011,1.426,2.43
2006-05-23,1.519,2.013,1.456,2.44
2006-05-24,1.483,1.977,1.416,2.42
2006-05-25,1.472,1.966,1.456,2.46
2006-05-26,1.469,1.964,1.446,2.44
2006-05-29,1.491,1.986,,
2006-05-30,1.529,2.023,1.476,2.45
2006-05-31,1.564,2.058,1.506,2.48
2006-06-01,1.485,2.079,1.496,2.46
2006-06-02,1.422,2.016,1.386,2.37
2006-06-05,1.425,2.019,1.406,2.4
2006-06-06,1.486,2.081,1.396,2.44
2006-06-07,1.506,2.1,1.406,2.48
2006-06-08,1.48,2.074,1.386,2.47
2006-06-09,1.421,2.015,1.366,2.45
2006-06-12,1.407,2.001,1.376,2.45
2006-06-13,1.38,1.974,1.356,2.44
2006-06-14,1.383,1.977,1.436,2.5
2006-06-15,1.438,2.032,1.123,2.52
2006-06-16,1.427,2.021,1.153,2.54
2006-06-19,1.454,2.049,1.163,2.58
2006-06-20,1.461,2.055,1.173,2.58
2006-06-21,1.504,2.098,1.183,2.59
2006-06-22,1.521,2.115,1.223,2.61
2006-06-23,1.563,2.157,1.253,2.64
2006-06-26,1.575,2.169,1.273,2.67
2006-06-27,1.577,2.171,1.233,2.63
2006-06-28,1.577,2.171,1.273,2.68
2006-06-29,1.549,2.143,1.243,2.61
2006-06-30,1.561,2.156,1.173,2.54
2006-07-03,1.559,2.142,1.173,2.56
2006-07-04,1.552,2.135,,
2006-07-05,1.606,2.19,1.253,2.63
2006-07-06,1.588,2.172,1.213,2.59
2006-07-07,1.554,2.137,1.163,2.55
2006-07-10,1.56,2.143,1.153,2.56
2006-07-11,1.539,2.122,1.123,2.53
2006-07-12,1.559,2.142,1.123,2.54
2006-07-13,1.526,2.109,1.103,2.51
2006-07-14,1.475,2.058,1.093,2.5
2006-07-17,1.479,2.062,0.888,2.49
2006-07-18,1.494,2.077,0.948,2.55
2006-07-19,1.504,2.087,0.878,2.49
2006-07-20,1.467,2.05,0.848,2.45
2006-07-21,1.434,2.017,0.868,2.49
2006-07-24,1.429,2.012,0.868,2.49
2006-07-25,1.426,2.009,0.888,2.48
2006-07-26,1.468,2.051,0.858,2.44
2006-07-27,1.413,1.996,0.888,2.47
2006-07-28,1.398,1.981,0.818,2.41
2006-07-31,1.413,1.996,0.808,2.41
2006-08-01,1.536,2.02,0.808,2.4
2006-08-02,1.524,2.008,0.778,2.36
2006-08-03,1.553,2.036,0.778,2.35
2006-08-04,1.482,1.965,0.728,2.3
2006-08-07,1.494,1.978,0.748,2.29
2006-08-08,1.492,1.975,0.748,2.27
2006-08-09,1.518,2.001,0.738,2.28
2006-08-10,1.514,1.997,0.748,2.3
2006-08-11,1.543,2.026,0.788,2.33
2006-08-14,1.582,2.065,0.818,2.36
2006-08-15,1.546,2.029,0.825,2.32
2006-08-16,1.518,2.001,0.765,2.28
2006-08-17,1.482,1.965,0.765,2.28
2006-08-18,1.484,1.968,0.735,2.26
2006-08-21,1.442,1.925,0.715,2.23
2006-08-22,1.397,1.88,0.715,2.22
2006-08-23,1.381,1.864,0.715,2.25
2006-08-24,1.402,1.886,0.705,2.28
2006-08-25,1.403,1.886,0.685,2.24
2006-08-28,1.407,1.89,0.695,2.28
2006-08-29,1.414,1.897,0.685,2.29
2006-08-30,1.386,1.87,0.655,2.28
2006-08-31,1.344,1.827,0.635,2.24
2006-09-01,1.444,1.828,0.625,2.25
2006-09-04,1.432,1.815,,
2006-09-05,1.457,1.84,0.675,2.31
2006-09-06,1.514,1.897,0.695,2.32
2006-09-07,1.531,1.914,0.695,2.34
2006-09-08,1.452,1.835,0.675,2.35
2006-09-11,1.469,1.852,0.695,2.38
2006-09-12,1.507,1.89,0.675,2.36
2006-09-13,1.509,1.892,0.665,2.35
2006-09-14,1.467,1.85,0.685,2.35
2006-09-15,1.43,1.813,0.873,2.38
2006-09-18,1.499,1.882,0.883,2.39
2006-09-19,1.45,1.833,0.813,2.35
2006-09-20,1.429,1.812,0.803,2.39
2006-09-21,1.44,1.823,0.723,2.31
2006-09-22,1.369,1.752,0.673,2.27
2006-09-25,1.352,1.735,0.633,2.24
2006-09-26,1.351,1.734,0.663,2.25
2006-09-27,1.328,1.711,0.673,2.26
2006-09-28,1.357,1.74,0.703,2.27
2006-09-29,1.364,1.747,0.713,2.27
2006-10-02,1.882,1.763,0.693,2.27
2006-10-03,1.84,1.721,0.693,2.29
2006-10-04,1.825,1.706,0.643,2.27
2006-10-05,1.819,1.7,0.683,2.31
2006-10-06,1.859,1.74,0.773,2.37
2006-10-09,1.877,1.758,,
2006-10-10,1.906,1.787,0.823,2.42
2006-10-11,1.915,1.796,0.853,2.45
2006-10-12,1.915,1.796,0.863,2.44
2006-10-13,1.938,1.819,0.883,2.47
2006-10-16,1.944,1.825,2.778,2.45
2006-10-17,1.916,1.797,2.768,2.46
2006-10-18,1.93,1.811,2.758,2.46
2006-10-19,1.959,1.84,2.778,2.49
2006-10-20,1.953,1.834,2.778,2.49
2006-10-23,1.99,1.871,2.818,2.53
2006-10-24,1.981,1.862,2.818,2.52
2006-10-25,1.996,1.877,2.768,2.44
2006-10-26,1.973,1.854,2.718,2.41
2006-10-27,1.918,1.799,2.668,2.37
2006-10-30,1.903,1.783,2.668,2.39
2006-10-31,1.922,1.803,2.598,2.34
2006-11-01,2.081,1.762,2.558,2.29
2006-11-02,2.085,1.766,2.588,2.32
2006-11-03,2.123,1.804,2.708,2.4
2006-11-06,2.146,1.827,2.698,2.36
2006-11-07,2.104,1.785,2.648,2.32
2006-11-08,2.103,1.783,2.628,2.29
2006-11-09,2.106,1.786,2.608,2.28
2006-11-10,2.081,1.762,2.578,2.25
2006-11-13,2.092,1.773,2.598,2.29
2006-11-14,2.072,1.752,2.558,2.28
2006-11-15,2.098,1.779,3.204,2.3
2006-11-16,2.091,1.772,3.254,2.38
2006-11-17,2.095,1.776,3.204,2.33
2006-11-20,2.074,1.755,3.194,2.33
2006-11-21,2.072,1.753,3.174,2.31
2006-11-22,2.075,1.756,3.164,2.3
2006-11-23,2.096,1.777,,
2006-11-24,2.065,1.746,3.144,2.27
2006-11-27,2.088,1.769,3.134,2.24
2006-11-28,2.059,1.74,3.104,2.21
2006-11-29,2.059,1.74,3.114,2.22
2006-11-30,2.064,1.745,3.054,2.16
2006-12-01,1.755,1.735,3.024,2.1
2006-12-04,1.738,1.719,3.024,2.11
2006-12-05,1.731,1.712,3.044,2.11
2006-12-06,1.751,1.732,3.074,2.14
2006-12-07,1.762,1.743,3.084,2.15
2006-12-08,1.758,1.739,3.154,2.21
2006-12-11,1.8,1.78,3.114,2.17
2006-12-12,1.797,1.778,3.084,2.15
2006-12-13,1.795,1.775,3.174,2.22
2006-12-14,1.838,1.819,3.194,2.23
2006-12-15,1.833,1.814,2.631,2.29
2006-12-18,1.882,1.863,2.631,2.31
2006-12-19,1.915,1.896,2.631,2.31
2006-12-20,1.93,1.91,2.631,2.32
2006-12-21,1.942,1.923,2.581,2.29
2006-12-22,1.942,1.923,2.661,2.35
2006-12-26,,,2.641,2.34
2006-12-27,1.969,1.95,2.691,2.39
2006-12-28,1.997,1.978,2.731,2.41
2006-12-29,2.012,1.993,2.741,2.41
2007-01-02,1.994,1.98,2.711,2.38
2007-01-03,1.991,1.977,2.701,2.36
2007-01-04,2.003,1.988,2.651,2.36
2007-01-05,2.035,2.02,2.681,2.38
2007-01-08,2.031,2.016,2.691,2.38
2007-01-09,2.044,2.029,2.691,2.39
2007-01-10,2.065,2.051,2.721,2.42
2007-01-11,2.064,2.049,2.771,2.43
2007-01-12,2.107,2.093,2.801,2.49
2007-01-15,2.104,2.089,,
2007-01-16,2.089,2.074,2.226,2.48
2007-01-17,2.089,2.074,2.266,2.5
2007-01-18,2.138,2.123,2.226,2.47
2007-01-19,2.093,2.079,2.256,2.47
2007-01-22,2.085,2.071,2.236,2.44
2007-01-23,2.071,2.056,2.286,2.46
2007-01-24,2.087,2.072,2.286,2.44
2007-01-25,2.105,2.09,2.346,2.48
2007-01-26,2.155,2.14,2.356,2.48
2007-01-29,2.174,2.159,2.376,2.5
2007-01-30,2.162,2.147,2.356,2.46
2007-01-31,2.164,2.149,2.306,2.4
2007-02-01,2.219,2.104,2.316,2.42
2007-02-02,2.251,2.137,2.306,2.42
2007-02-05,2.2,2.086,2.286,2.41
2007-02-06,2.201,2.086,2.246,2.4
2007-02-07,2.19,2.076,2.216,2.4
2007-02-08,2.204,2.089,2.206,2.39
2007-02-09,2.238,2.123,2.266,2.43
2007-02-12,2.267,2.152,2.276,2.46
2007-02-13,2.275,2.16,2.296,2.46
2007-02-14,2.265,2.151,2.216,2.38
2007-02-15,2.213,2.099,2.624,2.38
2007-02-16,2.206,2.091,2.614,2.36
2007-02-19,2.232,2.117,,
2007-02-20,2.245,2.13,2.604,2.36
2007-02-21,2.228,2.113,2.614,2.33
2007-02-22,2.238,2.123,2.654,2.35
2007-02-23,2.212,2.097,2.604,2.3
2007-02-26,2.165,2.05,2.554,2.26
2007-02-27,2.14,2.025,2.424,2.14
2007-02-28,2.118,2.003,2.484,2.2
2007-03-01,2.014,2.0,2.484,2.19
2007-03-02,2.015,2.0,2.444,2.15
2007-03-05,1.984,1.97,2.434,2.17
2007-03-06,1.993,1.978,2.454,2.19
2007-03-07,2.001,1.986,2.424,2.16
2007-03-08,2.001,1.987,2.434,2.17
2007-03-09,2.026,2.012,2.514,2.25
2007-03-12,2.007,1.992,2.484,2.22
2007-03-13,1.986,1.971,2.424,2.15
2007-03-14,1.963,1.948,2.454,2.18
2007-03-15,1.978,1.963,2.12,2.17
2007-03-16,1.985,1.971,2.13,2.16
2007-03-19,2.001,1.986,2.16,2.18
2007-03-20,1.984,1.969,2.14,2.17
2007-03-21,2.001,1.986,2.11,2.14
2007-03-22,1.995,1.98,2.18,2.17
2007-03-23,2.067,2.053,2.2,2.19
2007-03-26,2.082,2.068,2.18,2.16
2007-03-27,2.094,2.08,2.2,2.16
2007-03-28,2.109,2.095,2.2,2.17
2007-03-29,2.121,2.107,2.22,2.18
2007-03-30,2.124,2.11,2.23,2.21
2007-04-02,2.13,2.108,2.23,2.21
2007-04-03,2.164,2.142,2.25,2.25
2007-04-04,2.152,2.13,2.24,2.23
2007-04-05,2.161,2.139,2.26,2.22
2007-04-06,,,2.34,2.27
2007-04-09,,,2.33,2.27
2007-04-10,2.206,2.184,2.31,2.27
2007-04-11,2.215,2.193,2.32,2.28
2007-04-12,2.248,2.226,2.32,2.28
2007-04-13,2.279,2.257,2.34,2.31
2007-04-16,2.273,2.251,1.942,2.3
2007-04-17,2.258,2.236,1.892,2.29
2007-04-18,2.226,2.204,1.862,2.26
2007-04-19,2.249,2.227,1.882,2.27
2007-04-20,2.277,2.255,1.882,2.27
2007-04-23,2.262,2.24,1.862,2.25
2007-04-24,2.236,2.213,1.832,2.21
2007-04-25,2.253,2.23,1.862,2.22
2007-04-26,2.259,2.237,1.892,2.26
2007-04-27,2.287,2.265,1.912,2.25
2007-04-30,2.231,2.209,1.832,2.2
2007-05-01,,,1.842,2.19
2007-05-02,2.263,2.241,1.852,2.22
2007-05-03,2.282,2.259,1.882,2.25
2007-05-04,2.255,2.233,1.852,2.24
2007-05-07,2.288,2.266,1.842,2.27
2007-05-08,2.258,2.236,1.832,2.27
2007-05-09,2.276,2.254,1.872,2.29
2007-05-10,2.276,2.254,1.852,2.27
2007-05-11,2.248,2.226,1.872,2.3
2007-05-14,2.324,2.302,1.892,2.32
2007-05-15,2.35,2.328,2.117,2.37
2007-05-16,2.37,2.348,2.117,2.38
2007-05-17,2.363,2.341,2.167,2.41
2007-05-18,2.37,2.348,2.217,2.46
2007-05-21,2.387,2.365,2.197,2.43
2007-05-22,2.392,2.37,2.237,2.48
2007-05-23,2.403,2.381,2.267,2.5
2007-05-24,2.421,2.399,2.267,2.48
2007-05-25,2.427,2.405,2.267,2.49
2007-05-28,2.426,2.404,,
2007-05-29,2.442,2.42,2.287,2.54
2007-05-30,2.444,2.422,2.287,2.52
2007-05-31,2.469,2.447,2.307,2.54
2007-06-01,2.485,2.463,2.357,2.57
2007-06-04,2.494,2.471,2.337,2.55
2007-06-05,2.518,2.496,2.387,2.6
2007-06-06,2.522,2.5,2.377,2.58
2007-06-07,2.571,2.549,2.517,2.7
2007-06-08,2.61,2.587,2.527,2.69
2007-06-11,2.602,2.58,2.547,2.72
2007-06-12,2.655,2.633,2.667,2.83
2007-06-13,2.696,2.674,2.607,2.75
2007-06-14,2.666,2.644,2.637,2.77
2007-06-15,2.711,2.689,2.45,2.73
2007-06-18,2.711,2.689,2.44,2.73
2007-06-19,2.667,2.645,2.38,2.67
2007-06-20,2.698,2.675,2.43,2.73
2007-06-21,2.686,2.664,2.45,2.74
2007-06-22,2.717,2.695,2.43,2.7
2007-06-25,2.662,2.64,2.38,2.67
2007-06-26,2.657,2.635,2.39,2.7
2007-06-27,2.596,2.574,2.38,2.7
2007-06-28,2.615,2.593,2.41,2.73
2007-06-29,2.61,2.588,2.32,2.65
2007-07-02,2.584,2.532,2.29,2.61
2007-07-03,2.592,2.54,2.34,2.68
2007-07-04,2.651,2.598,,
2007-07-05,2.697,2.645,2.45,2.76
2007-07-06,2.736,2.683,2.48,2.79
2007-07-09,2.721,2.669,2.45,2.75
2007-07-10,2.657,2.605,2.32,2.64
2007-07-11,2.622,2.569,2.38,2.71
2007-07-12,2.673,2.621,2.42,2.74
2007-07-13,2.668,2.616,2.4,2.73
2007-07-16,2.658,2.606,2.357,2.69
2007-07-17,2.654,2.602,2.387,2.73
2007-07-18,2.648,2.596,2.327,2.64
2007-07-19,2.638,2.586,2.347,2.65
2007-07-20,2.529,2.477,2.267,2.6
2007-07-23,2.506,2.454,2.277,2.63
2007-07-24,2.507,2.455,2.247,2.58
2007-07-25,2.499,2.446,2.227,2.56
2007-07-26,2.453,2.401,2.097,2.47
2007-07-27,2.428,2.375,2.107,2.48
2007-07-30,2.414,2.361,2.127,2.49
2007-07-31,2.456,2.404,2.087,2.44
2007-08-01,2.541,2.389,2.067,2.44
2007-08-02,2.572,2.42,2.077,2.46
2007-08-03,2.533,2.38,2.017,2.44
2007-08-06,2.532,2.379,2.027,2.46
2007-08-07,2.552,2.4,2.077,2.51
2007-08-08,2.618,2.466,2.147,2.58
2007-08-09,2.566,2.414,2.097,2.54
2007-08-10,2.565,2.412,2.117,2.56
2007-08-13,2.578,2.426,2.087,2.52
2007-08-14,2.602,2.449,2.037,2.49
2007-08-15,2.533,2.381,2.372,2.46
2007-08-16,2.484,2.332,2.282,2.39
2007-08-17,2.499,2.347,2.362,2.45
2007-08-20,2.506,2.354,2.322,2.44
2007-08-21,2.462,2.309,2.282,2.38
2007-08-22,2.505,2.353,2.312,2.42
2007-08-23,2.501,2.349,2.302,2.39
2007-08-24,2.465,2.312,2.312,2.4
2007-08-27,2.493,2.341,2.282,2.38
2007-08-28,2.477,2.325,2.212,2.33
2007-08-29,2.453,2.3,2.252,2.38
2007-08-30,2.475,2.323,2.192,2.32
2007-08-31,2.523,2.37,2.222,2.34
2007-09-03,2.604,2.352,,
2007-09-04,2.59,2.338,2.242,2.36
2007-09-05,2.584,2.331,2.162,2.29
2007-09-06,2.561,2.308,2.192,2.32
2007-09-07,2.544,2.292,2.062,2.19
2007-09-10,2.473,2.221,2.022,2.14
2007-09-11,2.459,2.207,2.052,2.16
2007-09-12,2.485,2.232,2.092,2.18
2007-09-13,2.514,2.262,2.172,2.24
2007-09-14,2.486,2.234,2.152,2.2
2007-09-17,2.511,2.259,2.583,2.21
2007-09-18,2.543,2.291,2.603,2.19
2007-09-19,2.602,2.35,2.633,2.21
2007-09-20,2.666,2.414,2.793,2.34
2007-09-21,2.685,2.433,2.743,2.31
2007-09-24,2.687,2.434,2.733,2.33
2007-09-25,2.646,2.394,2.733,2.34
2007-09-26,2.723,2.471,2.733,2.34
2007-09-27,2.719,2.467,2.683,2.27
2007-09-28,2.678,2.426,2.693,2.27
2007-10-01,2.276,2.443,2.663,2.26
2007-10-02,2.26,2.427,2.643,2.23
2007-10-03,2.221,2.388,2.653,2.25
2007-10-04,2.222,2.389,2.643,2.24
2007-10-05,2.265,2.433,2.753,2.34
2007-10-08,2.268,2.435,,
2007-10-09,2.237,2.404,2.773,2.34
2007-10-10,2.277,2.445,2.753,2.33
2007-10-11,2.308,2.476,2.763,2.32
2007-10-12,2.322,2.489,2.803,2.36
2007-10-15,2.343,2.51,1.856,2.34
2007-10-16,2.351,2.518,1.826,2.31
2007-10-17,2.334,2.502,1.736,2.22
2007-10-18,2.256,2.423,1.686,2.2
2007-10-19,2.207,2.375,1.576,2.09
2007-10-22,2.139,2.306,1.586,2.11
2007-10-23,2.149,2.317,1.576,2.11
2007-10-24,2.115,2.282,1.526,2.07
2007-10-25,2.103,2.27,1.536,2.04
2007-10-26,2.128,2.296,1.576,2.05
2007-10-29,2.118,2.286,1.556,2.04
2007-10-30,2.149,2.317,1.566,2.06
2007-10-31,2.188,2.356,1.646,2.14
2007-11-01,1.765,2.333,1.526,2.0
2007-11-02,1.72,2.288,1.476,1.92
2007-11-05,1.713,2.28,1.516,1.94
2007-11-06,1.753,2.32,1.546,1.93
2007-11-07,1.709,2.276,1.506,1.91
2007-11-08,1.701,2.269,1.446,1.88
2007-11-09,1.664,2.232,1.396,1.82
2007-11-12,1.659,2.226,,
2007-11-13,1.665,2.232,1.426,1.86
2007-11-14,1.708,2.275,1.446,1.88
2007-11-15,1.685,2.253,0.559,1.81
2007-11-16,1.672,2.239,0.539,1.8
2007-11-19,1.656,2.224,0.459,1.7
2007-11-20,1.651,2.218,0.449,1.68
2007-11-21,1.631,2.198,0.389,1.62
2007-11-22,1.646,2.214,,
2007-11-23,1.653,2.221,0.399,1.63
2007-11-26,1.648,2.215,0.219,1.45
2007-11-27,1.623,2.19,0.339,1.58
2007-11-28,1.706,2.273,0.419,1.71
2007-11-29,1.69,2.257,0.329,1.61
2007-11-30,1.715,2.282,0.359,1.63
2007-12-03,1.19,2.257,0.279,1.57
2007-12-04,1.132,2.199,0.279,1.59
2007-12-05,1.15,2.218,0.309,1.66
2007-12-06,1.188,2.255,0.409,1.77
2007-12-07,1.269,2.336,0.509,1.86
2007-12-10,1.312,2.379,0.539,1.89
2007-12-11,1.314,2.382,0.369,1.73
2007-12-12,1.367,2.434,0.439,1.78
2007-12-13,1.359,2.426,0.569,1.87
2007-12-14,1.34,2.408,0.629,1.9
2007-12-17,1.345,2.412,-0.173,1.86
2007-12-18,1.356,2.424,-0.233,1.8
2007-12-19,1.335,2.402,-0.313,1.73
2007-12-20,1.334,2.401,-0.333,1.74
2007-12-21,1.346,2.414,-0.193,1.84
2007-12-24,1.346,2.413,-0.143,1.88
2007-12-26,,,-0.073,1.95
2007-12-27,1.392,2.459,-0.163,1.85
2007-12-28,1.369,2.436,-0.263,1.78
2007-12-31,1.376,2.443,-0.333,1.73
2008-01-02,1.239,2.389,-0.463,1.59
2008-01-03,1.165,2.315,-0.463,1.58
2008-01-04,1.112,2.262,-0.493,1.56
2008-01-07,1.109,2.259,-0.513,1.57
2008-01-08,1.11,2.26,-0.513,1.57
2008-01-09,1.084,2.234,-0.553,1.56
2008-01-10,1.081,2.231,-0.463,1.68
2008-01-11,1.076,2.226,-0.553,1.56
2008-01-14,1.034,2.184,-0.563,1.53
2008-01-15,1.02,2.17,-0.389,1.45
2008-01-16,1.008,2.158,-0.369,1.5
2008-01-17,0.992,2.142,-0.449,1.43
2008-01-18,0.975,2.125,-0.449,1.42
2008-01-21,0.935,2.085,,
2008-01-22,0.968,2.118,-0.589,1.28
2008-01-23,0.936,2.086,-0.599,1.31
2008-01-24,1.001,2.151,-0.429,1.44
2008-01-25,1.033,2.183,-0.499,1.34
2008-01-28,0.961,2.111,-0.499,1.33
2008-01-29,1.0,2.15,-0.419,1.37
2008-01-30,1.038,2.188,-0.329,1.45
2008-01-31,0.947,2.097,-0.439,1.33
2008-02-01,0.838,2.088,-0.489,1.31
2008-02-04,0.83,2.08,-0.429,1.38
2008-02-05,0.763,2.013,-0.499,1.34
2008-02-06,0.785,2.035,-0.499,1.36
2008-02-07,0.777,2.027,-0.369,1.47
2008-02-08,0.772,2.022,-0.469,1.36
2008-02-11,0.76,2.01,-0.489,1.32
2008-02-12,0.832,2.082,-0.449,1.36
2008-02-13,0.87,2.12,-0.409,1.42
2008-02-14,0.907,2.157,-0.259,1.57
2008-02-15,0.877,2.127,-0.535,1.48
2008-02-18,0.922,2.172,,
2008-02-19,0.935,2.185,-0.405,1.56
2008-02-20,0.944,2.194,-0.365,1.55
2008-02-21,0.973,2.223,-0.525,1.43
2008-02-22,0.933,2.183,-0.505,1.44
2008-02-25,0.943,2.193,-0.385,1.53
2008-02-26,0.998,2.248,-0.415,1.44
2008-02-27,0.991,2.241,-0.445,1.42
2008-02-28,0.958,2.208,-0.585,1.26
2008-02-29,0.861,2.111,-0.765,1.1
2008-03-03,0.719,2.069,-0.755,1.08
2008-03-04,0.724,2.074,-0.665,1.15
2008-03-05,0.76,2.11,-0.595,1.16
2008-03-06,0.753,2.103,-0.675,1.07
2008-03-07,0.738,2.088,-0.735,1.01
2008-03-10,0.712,2.062,-0.835,0.9
2008-03-11,0.717,2.067,-0.695,1.05
2008-03-12,0.691,2.041,-0.805,0.95
2008-03-13,0.666,2.016,-0.735,1.05
2008-03-14,0.691,2.041,-0.855,1.01
2008-03-17,0.68,2.03,-0.803,1.05
2008-03-18,0.731,2.081,-0.663,1.08
2008-03-19,0.711,2.061,-0.763,1.04
2008-03-20,0.699,2.049,-0.803,1.02
2008-03-24,,,-0.583,1.24
2008-03-25,0.765,2.115,-0.633,1.25
2008-03-26,0.783,2.133,-0.633,1.24
2008-03-27,0.831,2.181,-0.583,1.23
2008-03-28,0.851,2.201,-0.673,1.13
2008-03-31,0.831,2.181,-0.693,1.11
2008-04-01,0.555,2.208,-0.573,1.22
2008-04-02,0.556,2.209,-0.543,1.26
2008-04-03,0.587,2.24,-0.533,1.28
2008-04-04,0.539,2.192,-0.643,1.18
2008-04-07,0.586,2.24,-0.573,1.23
2008-04-08,0.597,2.25,-0.563,1.26
2008-04-09,0.616,2.269,-0.653,1.19
2008-04-10,0.549,2.202,-0.593,1.26
2008-04-11,0.499,2.152,-0.653,1.19
2008-04-14,0.529,2.183,-0.613,1.23
2008-04-15,0.564,2.217,-0.375,1.28
2008-04-16,0.593,2.247,-0.255,1.41
2008-04-17,0.672,2.325,-0.225,1.44
2008-04-18,0.717,2.37,-0.205,1.45
2008-04-21,0.708,2.361,-0.225,1.44
2008-04-22,0.734,2.387,-0.235,1.43
2008-04-23,0.719,2.372,-0.205,1.44
2008-04-24,0.751,2.404,-0.105,1.56
2008-04-25,0.755,2.408,-0.065,1.6
2008-04-28,0.79,2.443,-0.115,1.56
2008-04-29,0.755,2.409,-0.125,1.56
2008-04-30,0.718,2.371,-0.205,1.5
2008-05-01,,,-0.195,1.52
2008-05-02,1.065,2.418,-0.085,1.53
2008-05-05,1.036,2.389,-0.095,1.53
2008-05-06,0.995,2.349,-0.045,1.55
2008-05-07,1.053,2.406,-0.105,1.51
2008-05-08,0.986,2.34,-0.185,1.43
2008-05-09,0.924,2.277,-0.205,1.39
2008-05-12,0.921,2.274,-0.195,1.41
2008-05-13,0.988,2.341,-0.075,1.51
2008-05-14,1.027,2.38,-0.055,1.49
2008-05-15,1.086,2.439,-0.074,1.4
2008-05-16,1.053,2.406,-0.054,1.41
2008-05-19,1.05,2.403,-0.074,1.36
2008-05-20,1.046,2.4,-0.124,1.31
2008-05-21,1.103,2.456,-0.094,1.3
2008-05-22,1.13,2.483,0.016,1.41
2008-05-23,1.094,2.447,-0.054,1.36
2008-05-26,1.116,2.469,,
2008-05-27,1.132,2.485,0.026,1.46
2008-05-28,1.178,2.531,0.126,1.58
2008-05-29,1.267,2.621,0.176,1.62
2008-05-30,1.219,2.572,0.156,1.58
2008-06-02,0.804,2.557,0.076,1.51
2008-06-03,0.862,2.616,0.016,1.51
2008-06-04,0.817,2.571,0.076,1.59
2008-06-05,0.879,2.633,0.156,1.63
2008-06-06,0.856,2.61,0.036,1.47
2008-06-09,0.908,2.661,0.116,1.54
2008-06-10,0.96,2.713,0.206,1.62
2008-06-11,0.981,2.734,0.196,1.62
2008-06-12,1.032,2.785,0.326,1.73
2008-06-13,1.056,2.809,0.366,1.77
2008-06-16,1.076,2.83,0.162,1.76
2008-06-17,1.041,2.794,0.142,1.75
2008-06-18,1.015,2.769,0.072,1.68
2008-06-19,1.046,2.799,0.132,1.75
2008-06-20,1.0,2.753,0.072,1.72
2008-06-23,0.982,2.735,0.102,1.75
2008-06-24,1.005,2.758,0.012,1.64
2008-06-25,1.015,2.768,0.032,1.65
2008-06-26,0.979,2.733,-0.018,1.55
2008-06-27,0.964,2.718,-0.098,1.48
2008-06-30,1.032,2.785,-0.098,1.48
2008-07-01,0.678,2.652,-0.078,1.49
2008-07-02,0.745,2.72,-0.098,1.43
2008-07-03,0.715,2.689,-0.098,1.42
2008-07-04,0.668,2.642,,
2008-07-07,0.585,2.56,-0.138,1.43
2008-07-08,0.578,2.552,-0.178,1.45
2008-07-09,0.554,2.528,-0.238,1.39
2008-07-10,0.537,2.511,-0.258,1.4
2008-07-11,0.529,2.504,-0.128,1.48
2008-07-14,0.54,2.515,-0.188,1.43
2008-07-15,0.504,2.478,-1.066,1.4
2008-07-16,0.546,2.521,-0.966,1.48
2008-07-17,0.588,2.563,-0.866,1.6
2008-07-18,0.675,2.65,-0.826,1.65
2008-07-21,0.739,2.713,-0.846,1.66
2008-07-22,0.736,2.71,-0.796,1.71
2008-07-23,0.763,2.738,-0.776,1.8
2008-07-24,0.69,2.664,-0.906,1.69
2008-07-25,0.679,2.653,-0.806,1.79
2008-07-28,0.656,2.63,-0.876,1.7
2008-07-29,0.624,2.599,-0.846,1.76
2008-07-30,0.575,2.55,-0.866,1.71
2008-07-31,0.527,2.501,-0.946,1.65
2008-08-01,0.398,2.472,-0.966,1.63
2008-08-04,0.39,2.464,-0.956,1.64
2008-08-05,0.367,2.441,-0.896,1.74
2008-08-06,0.371,2.446,-0.876,1.79
2008-08-07,0.318,2.392,-1.016,1.68
2008-08-08,0.295,2.37,-0.996,1.72
2008-08-11,0.319,2.394,-0.946,1.8
2008-08-12,0.268,2.343,-1.026,1.72
2008-08-13,0.274,2.348,-0.996,1.75
2008-08-14,0.262,2.336,-1.046,1.67
2008-08-15,0.252,2.327,-1.658,1.66
2008-08-18,0.218,2.293,-1.678,1.67
2008-08-19,0.181,2.256,-1.668,1.68
2008-08-20,0.179,2.254,-1.708,1.6
2008-08-21,0.249,2.323,-1.658,1.61
2008-08-22,0.278,2.352,-1.628,1.69
2008-08-25,0.209,2.283,-1.708,1.64
2008-08-26,0.183,2.257,-1.708,1.63
2008-08-27,0.27,2.345,-1.728,1.58
2008-08-28,0.271,2.345,-1.708,1.62
2008-08-29,0.244,2.319,-1.668,1.68
2008-09-01,0.504,2.279,,
2008-09-02,0.58,2.354,-1.758,1.69
2008-09-03,0.546,2.321,-1.788,1.71
2008-09-04,0.52,2.295,-1.858,1.7
2008-09-05,0.411,2.186,-1.838,1.71
2008-09-08,0.489,2.264,-1.838,1.68
2008-09-09,0.516,2.291,-1.878,1.69
2008-09-10,0.503,2.278,-1.848,1.7
2008-09-11,0.462,2.236,-1.858,1.67
2008-09-12,0.536,2.311,-1.758,1.79
2008-09-15,0.474,2.248,-1.838,1.7
2008-09-16,0.432,2.207,-1.828,1.85
2008-09-17,0.504,2.278,-1.898,1.81
2008-09-18,0.543,2.317,-1.768,1.94
2008-09-19,0.655,2.429,-1.528,1.85
2008-09-22,0.724,2.499,-1.478,1.85
2008-09-23,0.698,2.473,-1.458,1.99
2008-09-24,0.642,2.417,-1.508,2.05
2008-09-25,0.672,2.447,-1.428,2.09
2008-09-26,0.641,2.416,-1.458,2.1
2008-09-29,0.588,2.362,-1.698,2.03
2008-09-30,0.538,2.313,-1.458,2.25
2008-10-01,0.637,2.351,-1.538,2.26
2008-10-02,0.608,2.321,-1.648,2.17
2008-10-03,0.505,2.218,-1.678,2.18
2008-10-06,0.432,2.145,-1.828,2.21
2008-10-07,0.379,2.092,-1.808,2.32
2008-10-08,0.311,2.024,-1.588,2.69
2008-10-09,0.492,2.205,-1.468,2.79
2008-10-10,0.543,2.257,-1.418,2.97
2008-10-13,0.682,2.395,,
2008-10-14,0.685,2.398,-1.228,3.05
2008-10-15,0.768,2.482,-0.913,3.02
2008-10-16,0.764,2.477,-0.963,3.02
2008-10-17,0.624,2.338,-0.973,2.87
2008-10-20,0.659,2.373,-1.043,2.76
2008-10-21,0.622,2.335,-1.193,2.63
2008-10-22,0.528,2.241,-1.303,2.59
2008-10-23,0.452,2.166,-1.323,2.67
2008-10-24,0.407,2.121,-1.193,3.02
2008-10-27,0.439,2.152,-1.163,3.02
2008-10-28,0.473,2.186,-1.063,3.06
2008-10-29,0.504,2.217,-1.023,3.05
2008-10-30,0.53,2.243,-0.953,3.06
2008-10-31,0.555,2.268,-0.943,3.14
2008-11-03,1.084,2.298,-0.993,3.09
2008-11-04,1.07,2.283,-1.143,2.88
2008-11-05,1.07,2.283,-1.223,2.76
2008-11-06,1.044,2.258,-1.203,2.81
2008-11-07,0.978,2.191,-1.123,2.86
2008-11-10,0.965,2.178,-1.133,2.84
2008-11-11,0.953,2.167,,
2008-11-12,0.922,2.135,-1.203,2.79
2008-11-13,0.923,2.137,-1.113,2.95
2008-11-14,0.913,2.126,-1.233,2.87
2008-11-17,0.893,2.107,-0.051,2.85
2008-11-18,0.881,2.095,-0.201,2.92
2008-11-19,0.816,2.029,-0.351,2.98
2008-11-20,0.725,1.939,-0.631,3.06
2008-11-21,0.714,1.928,-0.531,3.15
2008-11-24,0.714,1.927,-0.381,3.11
2008-11-25,0.671,1.884,-0.621,2.79
2008-11-26,0.627,1.84,-0.741,2.68
2008-11-27,0.628,1.841,,
2008-11-28,0.574,1.787,-0.801,2.6
2008-12-01,1.589,1.702,-1.011,2.38
2008-12-02,1.542,1.655,-1.051,2.26
2008-12-03,1.442,1.556,-1.061,2.14
2008-12-04,1.488,1.601,-1.181,1.98
2008-12-05,1.544,1.657,-1.061,2.23
2008-12-08,1.598,1.711,-0.961,2.47
2008-12-09,1.681,1.794,-1.061,2.41
2008-12-10,1.711,1.825,-1.041,2.44
2008-12-11,1.72,1.833,-1.091,2.35
2008-12-12,1.709,1.823,-1.131,2.43
2008-12-15,1.782,1.896,1.43,2.43
2008-12-16,1.727,1.841,1.27,2.21
2008-12-17,1.628,1.741,1.1,1.86
2008-12-18,1.613,1.727,0.98,1.85
2008-12-19,1.606,1.719,1.03,1.98
2008-12-22,1.585,1.698,1.06,2.01
2008-12-23,1.587,1.7,1.08,2.03
2008-12-24,1.586,1.699,1.1,2.07
2008-12-26,,,1.06,2.03
2008-12-29,1.576,1.689,1.03,2.02
2008-12-30,1.588,1.702,1.01,2.02
2008-12-31,1.588,1.702,1.15,2.14
2009-01-02,2.07,1.73,1.36,2.29
2009-01-05,2.109,1.768,1.39,2.34
2009-01-06,2.214,1.873,1.41,2.09
2009-01-07,2.216,1.875,1.42,2.05
2009-01-08,2.18,1.84,1.37,1.97
2009-01-09,2.129,1.788,1.33,1.87
2009-01-12,2.126,1.786,1.24,1.75
2009-01-13,2.117,1.776,1.23,1.74
2009-01-14,2.119,1.778,1.14,1.79
2009-01-15,2.081,1.741,2.252,1.78
2009-01-16,2.137,1.796,2.382,1.81
2009-01-19,2.161,1.821,,
2009-01-20,2.179,1.838,2.422,1.82
2009-01-21,2.215,1.874,2.582,1.98
2009-01-22,2.288,1.947,2.642,1.97
2009-01-23,2.287,1.946,2.672,1.93
2009-01-26,2.439,2.098,2.722,1.92
2009-01-27,2.463,2.122,2.612,1.77
2009-01-28,2.328,1.988,2.732,1.81
2009-01-29,2.347,2.006,2.892,1.83
2009-01-30,2.423,2.082,2.892,1.73
2009-02-02,2.914,2.074,2.782,1.69
2009-02-03,2.894,2.054,2.912,1.76
2009-02-04,2.95,2.109,2.972,1.78
2009-02-05,2.894,2.053,2.972,1.84
2009-02-06,2.938,2.097,3.072,1.82
2009-02-09,2.931,2.09,3.092,1.66
2009-02-10,2.911,2.07,2.922,1.65
2009-02-11,2.853,2.013,2.802,1.66
2009-02-12,2.707,1.866,2.772,1.61
2009-02-13,2.752,1.912,2.912,1.68
2009-02-16,2.729,1.889,,
2009-02-17,2.713,1.873,2.754,1.53
2009-02-18,2.711,1.87,2.854,1.63
2009-02-19,2.799,1.959,2.964,1.73
2009-02-20,2.754,1.914,2.894,1.67
2009-02-23,2.711,1.871,2.894,1.7
2009-02-24,2.681,1.841,2.914,1.82
2009-02-25,2.684,1.844,3.064,1.98
2009-02-26,2.797,1.956,3.094,2.02
2009-02-27,2.753,1.912,3.134,2.06
2009-03-02,2.655,1.915,3.024,2.0
2009-03-03,2.685,1.944,3.044,2.02
2009-03-04,2.744,2.003,3.124,2.09
2009-03-05,2.649,1.909,2.944,1.98
2009-03-06,2.601,1.861,2.944,2.02
2009-03-09,2.575,1.834,3.004,2.06
2009-03-10,2.622,1.881,3.104,2.15
2009-03-11,2.701,1.961,3.064,2.03
2009-03-12,2.633,1.892,3.004,1.88
2009-03-13,2.673,1.933,3.004,1.87
2009-03-16,2.689,1.949,2.962,1.88
2009-03-17,2.747,2.006,3.012,1.9
2009-03-18,2.77,2.03,2.502,1.28
2009-03-19,2.664,1.923,2.602,1.31
2009-03-20,2.584,1.844,2.642,1.43
2009-03-23,2.595,1.854,2.672,1.4
2009-03-24,2.658,1.917,2.672,1.36
2009-03-25,2.659,1.918,2.802,1.44
2009-03-26,2.641,1.9,2.752,1.3
2009-03-27,2.603,1.862,2.772,1.38
2009-03-30,2.588,1.847,2.722,1.39
2009-03-31,2.573,1.833,2.702,1.43
2009-04-01,3.173,1.84,2.672,1.37
2009-04-02,3.242,1.908,2.762,1.44
2009-04-03,3.268,1.934,2.902,1.53
2009-04-06,3.276,1.942,2.942,1.52
2009-04-07,3.28,1.947,2.922,1.61
2009-04-08,3.287,1.954,2.852,1.57
2009-04-09,3.333,1.999,2.952,1.62
2009-04-13,,,2.872,1.55
2009-04-14,3.278,1.945,2.792,1.52
2009-04-15,3.235,1.902,3.266,1.55
2009-04-16,3.28,1.946,3.306,1.59
2009-04-17,3.308,1.974,3.426,1.7
2009-04-20,3.256,1.923,3.326,1.66
2009-04-21,3.197,1.864,3.386,1.69
2009-04-22,3.234,1.901,3.426,1.65
2009-04-23,3.224,1.891,3.406,1.52
2009-04-24,3.24,1.907,3.476,1.53
2009-04-27,3.176,1.843,3.396,1.48
2009-04-28,3.184,1.851,3.496,1.54
2009-04-29,3.18,1.846,3.566,1.59
2009-04-30,3.187,1.853,3.606,1.69
2009-05-01,,,3.656,1.8
2009-05-04,3.206,1.872,3.636,1.77
2009-05-05,3.192,1.858,3.646,1.77
2009-05-06,3.202,1.869,3.626,1.74
2009-05-07,3.332,1.999,3.736,1.74
2009-05-08,3.359,2.025,3.736,1.77
2009-05-11,3.298,1.965,3.616,1.7
2009-05-12,3.331,1.998,3.616,1.69
2009-05-13,3.283,1.949,3.556,1.67
2009-05-14,3.292,1.959,3.546,1.68
2009-05-15,3.327,1.993,3.716,1.66
2009-05-18,3.322,1.989,3.796,1.66
2009-05-19,3.389,2.055,3.826,1.65
2009-05-20,3.383,2.05,3.766,1.56
2009-05-21,3.34,2.007,3.926,1.67
2009-05-22,3.436,2.103,4.026,1.72
2009-05-25,3.496,2.163,,
2009-05-26,3.473,2.14,4.076,1.72
2009-05-27,3.528,2.195,4.286,1.83
2009-05-28,3.576,2.242,4.246,1.87
2009-05-29,3.579,2.246,4.046,1.67
2009-06-01,4.198,2.265,4.286,1.8
2009-06-02,4.204,2.27,4.226,1.69
2009-06-03,4.115,2.182,4.136,1.68
2009-06-04,4.2,2.267,4.296,1.83
2009-06-05,4.233,2.299,4.416,1.88
2009-06-08,4.2,2.267,4.486,1.94
2009-06-09,4.173,2.239,4.436,1.88
2009-06-10,4.192,2.258,4.556,1.91
2009-06-11,4.254,2.321,4.456,1.89
2009-06-12,4.167,2.234,4.386,1.91
2009-06-15,4.096,2.162,4.776,1.9
2009-06-16,4.091,2.157,4.686,1.88
2009-06-17,4.061,2.128,4.696,1.95
2009-06-18,4.126,2.192,4.876,1.98
2009-06-19,4.127,2.194,4.806,1.91
2009-06-22,4.047,2.114,4.736,1.89
2009-06-23,4.056,2.123,4.666,1.84
2009-06-24,4.045,2.111,4.736,1.93
2009-06-25,4.023,2.09,4.566,1.82
2009-06-26,3.991,2.058,4.536,1.85
2009-06-29,3.958,2.025,4.526,1.83
2009-06-30,3.987,2.054,4.546,1.78
2009-07-01,4.08,2.0,4.566,1.83
2009-07-02,4.031,1.951,4.526,1.87
2009-07-03,4.041,1.961,,
2009-07-06,4.009,1.929,4.536,2.03
2009-07-07,4.012,1.932,4.486,1.87
2009-07-08,4.021,1.941,4.346,1.79
2009-07-09,4.021,1.941,4.456,1.87
2009-07-10,3.976,1.896,4.336,1.8
2009-07-13,3.962,1.882,4.396,1.84
2009-07-14,4.013,1.933,4.516,1.86
2009-07-15,4.034,1.954,4.859,1.87
2009-07-16,4.032,1.952,4.819,1.82
2009-07-17,4.065,1.985,4.899,1.81
2009-07-20,4.08,2.0,4.839,1.73
2009-07-21,4.058,1.978,4.729,1.71
2009-07-22,4.022,1.942,4.809,1.75
2009-07-23,4.016,1.936,4.949,1.8
2009-07-24,4.036,1.956,4.929,1.81
2009-07-27,4.058,1.978,4.979,1.85
2009-07-28,3.998,1.918,4.949,1.86
2009-07-29,3.958,1.878,4.919,1.84
2009-07-30,3.936,1.856,4.899,1.78
2009-07-31,3.841,1.761,4.749,1.71
2009-08-03,4.46,1.78,4.889,1.78
2009-08-04,4.458,1.778,4.929,1.81
2009-08-05,4.482,1.802,5.029,1.85
2009-08-06,4.486,1.806,5.019,1.87
2009-08-07,4.54,1.86,5.119,1.88
2009-08-10,4.538,1.858,5.029,1.83
2009-08-11,4.48,1.8,4.939,1.8
2009-08-12,4.519,1.839,4.949,1.84
2009-08-13,4.484,1.804,4.819,1.8
2009-08-14,4.429,1.749,4.779,1.85
2009-08-17,4.397,1.717,5.439,1.79
2009-08-18,4.397,1.717,5.469,1.78
2009-08-19,4.365,1.685,5.409,1.7
2009-08-20,4.372,1.692,5.379,1.6
2009-08-21,4.375,1.695,5.519,1.69
2009-08-24,4.397,1.717,5.439,1.67
2009-08-25,4.379,1.699,5.409,1.72
2009-08-26,4.336,1.656,5.399,1.72
2009-08-27,4.333,1.653,5.429,1.75
2009-08-28,4.365,1.685,5.419,1.76
2009-08-31,4.38,1.7,5.359,1.76
2009-09-01,3.914,1.734,5.339,1.74
2009-09-02,3.896,1.716,5.249,1.71
2009-09-03,3.942,1.762,5.289,1.69
2009-09-04,3.901,1.721,5.409,1.7
2009-09-07,3.92,1.74,,
2009-09-08,3.957,1.777,5.429,1.66
2009-09-09,4.003,1.823,5.439,1.66
2009-09-10,3.947,1.767,5.319,1.59
2009-09-11,3.914,1.734,5.299,1.59
2009-09-14,3.89,1.71,5.379,1.65
2009-09-15,3.916,1.736,4.954,1.64
2009-09-16,3.953,1.773,4.964,1.62
2009-09-17,3.978,1.798,4.904,1.62
2009-09-18,3.966,1.786,4.974,1.68
2009-09-21,3.978,1.798,4.974,1.69
2009-09-22,3.977,1.797,4.944,1.65
2009-09-23,3.978,1.798,4.924,1.63
2009-09-24,3.933,1.753,4.884,1.64
2009-09-25,3.869,1.689,4.824,1.6
2009-09-28,3.847,1.667,4.794,1.57
2009-09-29,3.859,1.679,4.794,1.59
2009-09-30,3.835,1.655,4.794,1.56
2009-10-01,3.969,1.75,4.694,1.5
2009-10-02,3.917,1.698,4.724,1.54
2009-10-05,3.911,1.692,4.724,1.51
2009-10-06,3.94,1.721,4.754,1.53
2009-10-07,3.915,1.696,4.694,1.45
2009-10-08,3.889,1.67,4.754,1.49
2009-10-09,3.964,1.745,4.884,1.56
2009-10-12,3.959,1.74,,
2009-10-13,3.952,1.733,4.824,1.46
2009-10-14,3.996,1.778,4.934,1.51
2009-10-15,4.071,1.853,4.868,1.5
2009-10-16,4.051,1.832,4.808,1.45
2009-10-19,4.045,1.826,4.788,1.38
2009-10-20,3.99,1.772,4.728,1.37
2009-10-21,4.031,1.812,4.798,1.43
2009-10-22,4.01,1.791,4.818,1.49
2009-10-23,4.063,1.844,4.888,1.51
2009-10-26,4.086,1.867,4.968,1.59
2009-10-27,3.999,1.78,4.868,1.49
2009-10-28,3.966,1.747,4.818,1.48
2009-10-29,4.023,1.805,4.908,1.5
2009-10-30,3.978,1.759,4.788,1.41
2009-11-02,3.757,1.739,4.828,1.41
2009-11-03,3.762,1.744,4.878,1.45
2009-11-04,3.82,1.801,4.948,1.45
2009-11-05,3.853,1.835,4.948,1.41
2009-11-06,3.867,1.848,4.918,1.37
2009-11-09,3.818,1.799,4.898,1.3
2009-11-10,3.777,1.758,4.878,1.31
2009-11-11,3.796,1.777,,
2009-11-12,3.816,1.798,4.828,1.33
2009-11-13,3.809,1.79,4.808,1.31
2009-11-16,3.804,1.785,3.554,1.21
2009-11-17,3.771,1.752,3.554,1.2
2009-11-18,3.775,1.756,3.584,1.21
2009-11-19,3.757,1.738,3.574,1.21
2009-11-20,3.783,1.764,3.584,1.21
2009-11-23,3.784,1.765,3.594,1.2
2009-11-24,3.751,1.732,3.544,1.21
2009-11-25,3.746,1.727,3.504,1.16
2009-11-26,3.693,1.674,,
2009-11-27,3.707,1.688,3.434,1.15
2009-11-30,3.67,1.651,3.434,1.13
2009-12-01,3.052,1.633,3.504,1.14
2009-12-02,3.066,1.647,3.544,1.18
2009-12-03,3.089,1.67,3.614,1.24
2009-12-04,3.139,1.72,3.704,1.34
2009-12-07,3.074,1.655,3.664,1.31
2009-12-08,3.047,1.628,3.624,1.31
2009-12-09,3.072,1.653,3.674,1.36
2009-12-10,3.102,1.683,3.714,1.4
2009-12-11,3.14,1.721,3.774,1.41
2009-12-14,3.112,1.694,3.784,1.37
2009-12-15,3.128,1.709,1.685,1.37
2009-12-16,3.105,1.686,1.695,1.34
2009-12-17,3.056,1.638,1.585,1.28
2009-12-18,3.062,1.643,1.635,1.31
2009-12-21,3.097,1.678,1.775,1.39
2009-12-22,3.149,1.73,1.845,1.43
2009-12-23,3.178,1.76,1.855,1.46
2009-12-24,3.18,1.762,1.905,1.5
2009-12-28,3.218,1.799,1.935,1.5
2009-12-29,3.238,1.819,1.905,1.46
2009-12-30,3.259,1.84,1.885,1.44
2009-12-31,3.26,1.841,1.935,1.48
2010-01-04,2.869,1.861,1.935,1.47
2010-01-05,2.844,1.836,1.855,1.43
2010-01-06,2.866,1.858,1.935,1.48
2010-01-07,2.83,1.822,1.935,1.44
2010-01-08,2.817,1.809,1.915,1.41
2010-01-11,2.792,1.784,1.935,1.47
2010-01-12,2.771,1.763,1.825,1.35
2010-01-13,2.784,1.776,1.885,1.43
2010-01-14,2.802,1.794,1.845,1.4
2010-01-15,2.77,1.762,0.886,1.34
2010-01-18,2.753,1.745,,
2010-01-19,2.784,1.776,0.916,1.35
2010-01-20,2.75,1.742,0.866,1.31
2010-01-21,2.764,1.756,0.806,1.29
2010-01-22,2.752,1.744,0.806,1.31
2010-01-25,2.744,1.736,0.846,1.33
2010-01-26,2.726,1.718,0.836,1.31
2010-01-27,2.699,1.692,0.846,1.35
2010-01-28,2.723,1.715,0.866,1.35
2010-01-29,2.763,1.755,0.816,1.3
2010-02-01,2.594,1.687,0.866,1.29
2010-02-02,2.594,1.686,0.856,1.26
2010-02-03,2.603,1.695,0.916,1.3
2010-02-04,2.57,1.662,0.806,1.27
2010-02-05,2.531,1.623,0.776,1.32
2010-02-08,2.542,1.635,0.806,1.35
2010-02-09,2.557,1.649,0.856,1.37
2010-02-10,2.563,1.655,0.906,1.44
2010-02-11,2.579,1.672,0.916,1.47
2010-02-12,2.571,1.663,0.876,1.46
2010-02-15,2.585,1.677,,
2010-02-16,2.583,1.675,1.039,1.42
2010-02-17,2.582,1.674,1.119,1.46
2010-02-18,2.599,1.692,1.169,1.48
2010-02-19,2.638,1.73,1.159,1.52
2010-02-22,2.645,1.737,1.179,1.55
2010-02-23,2.556,1.648,1.069,1.5
2010-02-24,2.524,1.616,1.079,1.51
2010-02-25,2.503,1.595,1.019,1.51
2010-02-26,2.488,1.58,0.989,1.48
2010-03-01,2.696,1.588,0.989,1.46
2010-03-02,2.695,1.587,0.999,1.46
2010-03-03,2.729,1.622,1.009,1.46
2010-03-04,2.719,1.612,0.989,1.44
2010-03-05,2.743,1.635,1.069,1.48
2010-03-08,2.74,1.633,1.099,1.49
2010-03-09,2.699,1.591,1.089,1.48
2010-03-10,2.722,1.614,1.109,1.49
2010-03-11,2.732,1.624,1.109,1.49
2010-03-12,2.761,1.653,1.089,1.45
2010-03-15,2.72,1.612,1.559,1.46
2010-03-16,2.706,1.598,1.509,1.42
2010-03-17,2.677,1.569,1.499,1.4
2010-03-18,2.695,1.588,1.529,1.45
2010-03-19,2.699,1.592,1.549,1.5
2010-03-22,2.664,1.556,1.519,1.48
2010-03-23,2.643,1.535,1.539,1.49
2010-03-24,2.675,1.567,1.689,1.6
2010-03-25,2.701,1.594,1.759,1.65
2010-03-26,2.734,1.626,1.709,1.62
2010-03-29,2.695,1.588,1.729,1.66
2010-03-30,2.709,1.601,1.729,1.66
2010-03-31,2.663,1.555,1.689,1.6
2010-04-01,1.877,1.57,1.739,1.61
2010-04-02,,,1.809,1.69
2010-04-05,,,1.859,1.7
2010-04-06,1.907,1.6,1.829,1.68
2010-04-07,1.89,1.583,1.739,1.55
2010-04-08,1.88,1.573,1.759,1.58
2010-04-09,1.927,1.62,1.749,1.56
2010-04-12,1.923,1.616,1.719,1.52
2010-04-13,1.902,1.595,1.689,1.5
2010-04-14,1.906,1.598,1.729,1.54
2010-04-15,1.915,1.608,1.574,1.49
2010-04-16,1.88,1.573,1.504,1.46
2010-04-19,1.875,1.568,1.544,1.49
2010-04-20,1.876,1.569,1.534,1.47
2010-04-21,1.867,1.56,1.484,1.42
2010-04-22,1.826,1.519,1.514,1.46
2010-04-23,1.863,1.556,1.554,1.47
2010-04-26,1.823,1.515,1.544,1.46
2010-04-27,1.837,1.53,1.424,1.37
2010-04-28,1.809,1.502,1.514,1.4
2010-04-29,1.83,1.523,1.474,1.31
2010-04-30,1.797,1.489,1.404,1.29
2010-05-03,1.813,1.506,1.434,1.32
2010-05-04,1.741,1.434,1.344,1.31
2010-05-05,1.662,1.355,1.294,1.3
2010-05-06,1.705,1.398,1.124,1.25
2010-05-07,1.673,1.366,1.164,1.3
2010-05-10,1.778,1.471,1.284,1.33
2010-05-11,1.75,1.443,1.274,1.31
2010-05-12,1.753,1.446,1.274,1.28
2010-05-13,1.73,1.423,1.264,1.28
2010-05-14,1.658,1.351,1.154,1.26
2010-05-17,1.68,1.373,1.263,1.31
2010-05-18,1.612,1.305,1.173,1.25
2010-05-19,1.584,1.277,1.153,1.32
2010-05-20,1.49,1.183,1.043,1.36
2010-05-21,1.459,1.152,0.993,1.33
2010-05-24,1.438,1.131,1.023,1.35
2010-05-25,1.373,1.066,0.973,1.33
2010-05-26,1.445,1.138,1.003,1.3
2010-05-27,1.476,1.169,1.133,1.33
2010-05-28,1.426,1.119,1.103,1.32
2010-05-31,1.395,1.088,,
2010-06-01,1.286,1.079,1.083,1.32
2010-06-02,1.314,1.107,1.143,1.36
2010-06-03,1.397,1.19,1.183,1.34
2010-06-04,1.363,1.156,0.993,1.26
2010-06-07,1.416,1.209,0.963,1.25
2010-06-08,1.396,1.189,0.973,1.29
2010-06-09,1.382,1.175,0.993,1.28
2010-06-10,1.404,1.197,1.123,1.35
2010-06-11,1.363,1.156,1.033,1.29
2010-06-14,1.378,1.171,1.073,1.31
2010-06-15,1.416,1.209,1.316,1.32
2010-06-16,1.412,1.204,1.266,1.28
2010-06-17,1.418,1.211,1.206,1.22
2010-06-18,1.441,1.234,1.236,1.25
2010-06-21,1.454,1.247,1.256,1.24
2010-06-22,1.416,1.208,1.176,1.2
2010-06-23,1.394,1.187,1.126,1.19
2010-06-24,1.366,1.159,1.136,1.23
2010-06-25,1.383,1.176,1.116,1.21
2010-06-28,1.361,1.154,1.046,1.17
2010-06-29,1.318,1.111,0.966,1.14
2010-06-30,1.325,1.118,0.966,1.15
2010-07-01,1.51,1.057,0.956,1.21
2010-07-02,1.502,1.048,0.996,1.27
2010-07-05,1.448,0.995,,
2010-07-06,1.487,1.033,0.946,1.26
2010-07-07,1.482,1.028,0.996,1.3
2010-07-08,1.502,1.048,1.036,1.25
2010-07-09,1.478,1.024,1.066,1.26
2010-07-12,1.453,0.999,1.076,1.26
2010-07-13,1.467,1.013,1.146,1.28
2010-07-14,1.466,1.013,1.066,1.23
2010-07-15,1.516,1.062,1.878,1.21
2010-07-16,1.488,1.034,1.838,1.25
2010-07-19,1.512,1.058,1.868,1.29
2010-07-20,1.488,1.034,1.858,1.28
2010-07-21,1.496,1.042,1.778,1.19
2010-07-22,1.529,1.075,1.838,1.21
2010-07-23,1.526,1.073,1.898,1.24
2010-07-26,1.555,1.101,1.908,1.24
2010-07-27,1.58,1.126,1.958,1.26
2010-07-28,1.556,1.102,1.908,1.22
2010-07-29,1.547,1.093,1.908,1.21
2010-07-30,1.508,1.055,1.818,1.14
2010-08-02,1.342,1.088,1.868,1.13
2010-08-03,1.26,1.006,1.818,1.07
2010-08-04,1.232,0.978,1.858,1.12
2010-08-05,1.191,0.937,1.818,1.07
2010-08-06,1.14,0.887,1.738,1.04
2010-08-09,1.132,0.878,1.738,1.04
2010-08-10,1.166,0.912,1.668,0.95
2010-08-11,1.082,0.828,1.598,0.95
2010-08-12,1.066,0.812,1.618,1.05
2010-08-13,1.07,0.816,1.558,1.0
2010-08-16,0.996,0.742,1.239,0.95
2010-08-17,1.014,0.76,1.299,1.01
2010-08-18,0.961,0.707,1.299,1.02
2010-08-19,0.959,0.705,1.239,1.02
2010-08-20,0.924,0.67,1.279,1.05
2010-08-23,0.93,0.676,1.259,1.05
2010-08-24,0.82,0.566,1.159,1.01
2010-08-25,0.771,0.517,1.199,1.01
2010-08-26,0.802,0.548,1.159,0.95
2010-08-27,0.775,0.521,1.319,1.05
2010-08-30,0.795,0.541,1.199,0.99
2010-08-31,0.778,0.524,1.129,0.95
2010-09-01,0.959,0.605,1.239,1.02
2010-09-02,1.01,0.656,1.289,1.05
2010-09-03,1.078,0.724,1.379,1.1
2010-09-06,1.062,0.708,,
2010-09-07,1.002,0.648,1.269,0.98
2010-09-08,1.025,0.671,1.319,1.02
2010-09-09,1.041,0.687,1.429,1.05
2010-09-10,1.094,0.74,1.469,1.02
2010-09-13,1.142,0.788,1.399,0.94
2010-09-14,1.089,0.735,1.339,0.93
2010-09-15,1.137,0.783,1.59,0.97
2010-09-16,1.231,0.878,1.62,1.0
2010-09-17,1.164,0.811,1.6,1.0
2010-09-20,1.2,0.846,1.57,0.94
2010-09-21,1.202,0.848,1.46,0.78
2010-09-22,1.124,0.77,1.41,0.74
2010-09-23,1.072,0.718,1.41,0.77
2010-09-24,1.1,0.746,1.47,0.81
2010-09-27,1.049,0.695,1.39,0.79
2010-09-28,1.021,0.667,1.33,0.69
2010-09-29,1.028,0.674,1.37,0.74
2010-09-30,1.072,0.718,1.38,0.75
2010-10-01,0.818,0.82,1.39,0.75
2010-10-04,0.735,0.737,1.35,0.72
2010-10-05,0.741,0.743,1.35,0.65
2010-10-06,0.714,0.716,1.26,0.52
2010-10-07,0.74,0.743,1.26,0.53
2010-10-08,0.754,0.756,1.26,0.45
2010-10-11,0.746,0.748,,
2010-10-12,0.708,0.711,1.29,0.49
2010-10-13,0.751,0.753,1.31,0.44
2010-10-14,0.769,0.772,1.37,0.41
2010-10-15,0.822,0.824,1.472,0.5
2010-10-18,0.84,0.842,1.402,0.47
2010-10-19,0.859,0.862,1.382,0.44
2010-10-20,0.871,0.874,1.392,0.47
2010-10-21,0.902,0.905,1.452,0.5
2010-10-22,0.904,0.906,1.472,0.5
2010-10-25,0.89,0.892,1.472,0.45
2010-10-26,0.927,0.93,1.552,0.52
2010-10-27,0.993,0.995,1.632,0.62
2010-10-28,0.966,0.969,1.572,0.57
2010-10-29,0.958,0.96,1.512,0.5
2010-11-01,0.927,0.93,1.542,0.49
2010-11-02,0.902,0.905,1.512,0.49
2010-11-03,0.848,0.85,1.552,0.5
2010-11-04,0.87,0.873,1.412,0.44
2010-11-05,0.886,0.889,1.462,0.48
2010-11-08,0.858,0.86,1.482,0.48
2010-11-09,0.865,0.868,1.602,0.58
2010-11-10,0.88,0.882,1.532,0.56
2010-11-11,0.922,0.925,,
2010-11-12,0.971,0.973,1.642,0.71
2010-11-15,1.017,1.019,1.753,0.87
2010-11-16,1.041,1.044,1.683,0.87
2010-11-17,1.067,1.07,1.723,0.84
2010-11-18,1.147,1.149,1.733,0.83
2010-11-19,1.152,1.155,1.713,0.77
2010-11-22,1.116,1.118,1.633,0.7
2010-11-23,1.038,1.04,1.603,0.69
2010-11-24,1.133,1.135,1.763,0.8
2010-11-25,1.168,1.17,,
2010-11-26,1.194,1.196,1.703,0.75
2010-11-29,1.22,1.222,1.673,0.73
2010-11-30,1.208,1.21,1.643,0.74
2010-12-01,1.267,1.27,1.803,0.83
2010-12-02,1.303,1.305,1.843,0.84
2010-12-03,1.375,1.378,1.863,0.86
2010-12-06,1.342,1.344,1.783,0.79
2010-12-07,1.411,1.414,1.983,0.92
2010-12-08,1.458,1.461,2.093,1.07
2010-12-09,1.392,1.395,2.063,1.09
2010-12-10,1.408,1.411,2.153,1.16
2010-12-13,1.423,1.426,2.123,1.11
2010-12-14,1.464,1.466,2.323,1.27
2010-12-15,1.48,1.483,2.445,1.22
2010-12-16,1.518,1.52,2.385,1.15
2010-12-17,1.488,1.49,2.245,1.05
2010-12-20,1.421,1.424,2.275,1.07
2010-12-21,1.422,1.424,2.265,1.06
2010-12-22,1.407,1.409,2.275,1.03
2010-12-23,1.43,1.432,2.325,1.08
2010-12-24,1.432,1.434,,
2010-12-27,1.488,1.49,2.275,1.06
2010-12-28,1.429,1.431,2.415,1.17
2010-12-29,1.496,1.499,2.265,1.06
2010-12-30,1.459,1.461,2.295,1.08
2010-12-31,1.462,1.464,2.215,1.0
2011-01-03,1.153,1.403,2.275,1.05
2011-01-04,1.108,1.358,2.275,1.01
2011-01-05,1.109,1.359,2.415,1.08
2011-01-06,1.166,1.416,2.355,1.03
2011-01-07,1.129,1.379,2.255,0.98
2011-01-10,1.074,1.324,2.235,0.96
2011-01-11,1.096,1.346,2.285,0.97
2011-01-12,1.195,1.445,2.315,0.98
2011-01-13,1.204,1.454,2.255,0.97
2011-01-14,1.159,1.409,2.265,1.0
2011-01-17,1.181,1.431,,
2011-01-18,1.242,1.492,1.952,0.99
2011-01-19,1.234,1.484,1.932,0.99
2011-01-20,1.289,1.539,2.032,1.22
2011-01-21,1.297,1.547,2.002,1.2
2011-01-24,1.257,1.507,1.992,1.18
2011-01-25,1.262,1.512,1.912,1.11
2011-01-26,1.298,1.548,2.012,1.16
2011-01-27,1.306,1.556,1.982,1.16
2011-01-28,1.313,1.563,1.922,1.09
2011-01-31,1.293,1.543,1.982,1.08
2011-02-01,1.257,1.607,2.042,1.11
2011-02-02,1.222,1.572,2.082,1.16
2011-02-03,1.266,1.616,2.142,1.23
2011-02-04,1.258,1.608,2.242,1.3
2011-02-07,1.291,1.641,2.242,1.32
2011-02-08,1.284,1.634,2.312,1.39
2011-02-09,1.308,1.658,2.212,1.34
2011-02-10,1.314,1.664,2.262,1.39
2011-02-11,1.286,1.636,2.202,1.36
2011-02-14,1.315,1.665,2.182,1.34
2011-02-15,1.326,1.676,1.909,1.33
2011-02-16,1.259,1.609,1.919,1.37
2011-02-17,1.235,1.585,1.879,1.31
2011-02-18,1.253,1.603,1.889,1.25
2011-02-21,1.21,1.56,,
2011-02-22,1.182,1.532,1.759,1.12
2011-02-23,1.15,1.5,1.789,1.1
2011-02-24,1.156,1.506,1.759,1.05
2011-02-25,1.174,1.524,1.719,1.02
2011-02-28,1.19,1.54,1.719,1.03
2011-03-01,1.128,1.578,1.709,1.0
2011-03-02,1.12,1.57,1.759,1.01
2011-03-03,1.213,1.663,1.879,1.09
2011-03-04,1.189,1.639,1.789,1.0
2011-03-07,1.214,1.664,1.809,1.0
2011-03-08,1.188,1.638,1.859,1.01
2011-03-09,1.198,1.648,1.779,0.98
2011-03-10,1.152,1.602,1.669,0.91
2011-03-11,1.119,1.569,1.699,0.96
2011-03-14,1.109,1.559,1.659,0.93
2011-03-15,1.037,1.487,1.205,0.93
2011-03-16,0.999,1.449,1.095,0.85
2011-03-17,1.065,1.515,1.125,0.82
2011-03-18,1.084,1.534,1.155,0.85
2011-03-21,1.129,1.579,1.215,0.9
2011-03-22,1.143,1.593,1.215,0.95
2011-03-23,1.138,1.588,1.235,0.98
2011-03-24,1.162,1.612,1.295,0.95
2011-03-25,1.174,1.624,1.335,1.02
2011-03-28,1.215,1.665,1.345,1.01
2011-03-29,1.213,1.663,1.375,1.03
2011-03-30,1.256,1.706,1.345,1.0
2011-03-31,1.258,1.708,1.345,0.99
2011-04-01,0.988,1.724,1.335,0.94
2011-04-04,0.972,1.709,1.325,0.91
2011-04-05,0.965,1.702,1.375,0.94
2011-04-06,1.001,1.738,1.435,0.99
2011-04-07,1.009,1.746,1.455,0.99
2011-04-08,1.045,1.782,1.465,0.95
2011-04-11,1.044,1.78,1.465,0.96
2011-04-12,1.014,1.751,1.395,0.9
2011-04-13,1.029,1.765,1.365,0.88
2011-04-14,0.984,1.72,1.385,0.89
2011-04-15,0.974,1.71,0.811,0.82
2011-04-18,0.911,1.648,0.781,0.8
2011-04-19,0.894,1.631,0.771,0.76
2011-04-20,0.898,1.635,0.811,0.82
2011-04-21,0.882,1.618,0.801,0.83
2011-04-25,,,0.771,0.79
2011-04-26,0.878,1.614,0.721,0.76
2011-04-27,0.907,1.643,0.771,0.81
2011-04-28,0.868,1.605,0.721,0.78
2011-04-29,0.854,1.591,0.701,0.75
2011-05-02,0.754,1.591,0.691,0.75
2011-05-03,0.751,1.587,0.661,0.73
2011-05-04,0.779,1.616,0.631,0.7
2011-05-05,0.748,1.585,0.561,0.7
2011-05-06,0.677,1.513,0.571,0.71
2011-05-09,0.614,1.45,0.551,0.69
2011-05-10,0.633,1.47,0.611,0.74
2011-05-11,0.652,1.489,0.571,0.76
2011-05-12,0.625,1.461,0.601,0.79
2011-05-13,0.613,1.449,0.561,0.79
2011-05-16,0.634,1.47,0.073,0.81
2011-05-17,0.627,1.464,0.043,0.82
2011-05-18,0.616,1.452,0.103,0.82
2011-05-19,0.671,1.508,0.093,0.91
2011-05-20,0.597,1.434,0.073,0.85
2011-05-23,0.566,1.403,0.053,0.84
2011-05-24,0.591,1.428,0.043,0.79
2011-05-25,0.573,1.41,0.053,0.8
2011-05-26,0.534,1.371,-0.007,0.76
2011-05-27,0.518,1.355,-0.007,0.79
2011-05-30,0.515,1.351,,
2011-05-31,0.565,1.402,-0.027,0.8
2011-06-01,0.636,1.373,-0.117,0.74
2011-06-02,0.617,1.354,-0.037,0.78
2011-06-03,0.619,1.356,-0.087,0.75
2011-06-06,0.65,1.386,-0.067,0.76
2011-06-07,0.693,1.429,-0.067,0.76
2011-06-08,0.685,1.422,-0.097,0.76
2011-06-09,0.662,1.399,-0.067,0.8
2011-06-10,0.62,1.357,-0.087,0.79
2011-06-13,0.624,1.36,-0.077,0.8
2011-06-14,0.664,1.401,0.033,0.83
2011-06-15,0.659,1.396,-0.479,0.74
2011-06-16,0.64,1.377,-0.529,0.73
2011-06-17,0.652,1.389,-0.519,0.75
2011-06-20,0.67,1.407,-0.489,0.79
2011-06-21,0.672,1.408,-0.469,0.78
2011-06-22,0.671,1.408,-0.449,0.82
2011-06-23,0.604,1.34,-0.529,0.71
2011-06-24,0.596,1.333,-0.579,0.64
2011-06-27,0.624,1.361,-0.509,0.67
2011-06-28,0.659,1.395,-0.409,0.73
2011-06-29,0.695,1.432,-0.319,0.74
2011-06-30,0.707,1.444,-0.279,0.75
2011-07-01,0.721,1.414,-0.239,0.77
2011-07-04,0.706,1.399,,
2011-07-05,0.704,1.397,-0.299,0.77
2011-07-06,0.648,1.342,-0.339,0.74
2011-07-07,0.692,1.385,-0.289,0.75
2011-07-08,0.598,1.291,-0.429,0.69
2011-07-11,0.486,1.179,-0.519,0.63
2011-07-12,0.517,1.21,-0.539,0.6
2011-07-13,0.512,1.205,-0.539,0.59
2011-07-14,0.549,1.242,-0.479,0.68
2011-07-15,0.471,1.164,-0.562,0.61
2011-07-18,0.447,1.14,-0.562,0.58
2011-07-19,0.482,1.175,-0.592,0.54
2011-07-20,0.504,1.197,-0.542,0.62
2011-07-21,0.588,1.281,-0.472,0.68
2011-07-22,0.556,1.25,-0.512,0.61
2011-07-25,0.539,1.232,-0.472,0.58
2011-07-26,0.503,1.197,-0.512,0.57
2011-07-27,0.401,1.095,-0.492,0.56
2011-07-28,0.417,1.11,-0.522,0.52
2011-07-29,0.357,1.051,-0.682,0.38
2011-08-01,0.529,1.022,-0.732,0.33
2011-08-02,0.493,0.986,-0.842,0.29
2011-08-03,0.506,0.999,-0.862,0.36
2011-08-04,0.456,0.949,-1.032,0.24
2011-08-05,0.472,0.965,-0.922,0.32
2011-08-08,0.451,0.944,-1.102,0.2
2011-08-09,0.436,0.929,-1.302,0.0
2011-08-10,0.343,0.836,-1.332,-0.13
2011-08-11,0.332,0.825,-1.162,0.06
2011-08-12,0.37,0.864,-1.262,-0.02
2011-08-15,0.36,0.853,-1.29,0.06
2011-08-16,0.363,0.856,-1.35,0.05
2011-08-17,0.309,0.802,-1.41,0.01
2011-08-18,0.146,0.639,-1.5,0.09
2011-08-19,0.175,0.668,-1.51,0.02
2011-08-22,0.205,0.698,-1.48,0.03
2011-08-23,0.165,0.658,-1.43,0.13
2011-08-24,0.246,0.74,-1.29,0.25
2011-08-25,0.245,0.738,-1.35,0.13
2011-08-26,0.18,0.674,-1.39,0.15
2011-08-29,0.28,0.773,-1.3,0.22
2011-08-30,0.203,0.696,-1.39,0.14
2011-08-31,0.263,0.757,-1.35,0.18
2011-09-01,0.272,0.765,-1.43,0.07
2011-09-02,0.157,0.651,-1.56,0.0
2011-09-05,0.06,0.553,,
2011-09-06,0.059,0.552,-1.6,0.05
2011-09-07,0.083,0.576,-1.53,0.09
2011-09-08,-0.048,0.445,-1.58,0.0
2011-09-09,-0.078,0.415,-1.65,-0.03
2011-09-12,-0.162,0.331,-1.64,0.0
2011-09-13,-0.063,0.43,-1.58,0.07
2011-09-14,-0.017,0.476,-1.55,0.12
2011-09-15,0.105,0.598,-1.665,0.13
2011-09-16,-0.006,0.487,-1.675,0.13
2011-09-19,-0.1,0.393,-1.785,0.09
2011-09-20,-0.094,0.4,-1.805,0.04
2011-09-21,-0.072,0.422,-1.875,0.02
2011-09-22,-0.126,0.367,-2.035,0.01
2011-09-23,-0.151,0.342,-1.915,0.1
2011-09-26,-0.108,0.385,-1.845,0.12
2011-09-27,0.065,0.558,-1.755,0.12
2011-09-28,0.06,0.553,-1.725,0.16
2011-09-29,0.073,0.566,-1.765,0.17
2011-09-30,-0.017,0.477,-1.835,0.17
2011-10-03,-0.561,0.43,-1.955,0.07
2011-10-04,-0.644,0.347,-1.945,0.05
2011-10-05,-0.519,0.472,-1.835,0.12
2011-10-06,-0.493,0.499,-1.745,0.13
2011-10-07,-0.39,0.601,-1.655,0.16
2011-10-10,-0.32,0.671,,
2011-10-11,-0.303,0.689,-1.575,0.23
2011-10-12,-0.213,0.778,-1.515,0.26
2011-10-13,-0.256,0.735,-1.565,0.27
2011-10-14,-0.141,0.85,-1.495,0.28
2011-10-17,-0.235,0.756,-1.633,0.24
2011-10-18,-0.244,0.747,-1.623,0.22
2011-10-19,-0.189,0.803,-1.633,0.23
2011-10-20,-0.185,0.807,-1.613,0.22
2011-10-21,-0.152,0.839,-1.583,0.23
2011-10-24,-0.165,0.826,-1.563,0.23
2011-10-25,-0.186,0.805,-1.673,0.12
2011-10-26,-0.237,0.754,-1.583,0.15
2011-10-27,-0.167,0.825,-1.393,0.24
2011-10-28,-0.129,0.862,-1.473,0.19
2011-10-31,-0.211,0.78,-1.643,0.08
2011-11-01,-0.396,0.596,-1.803,-0.04
2011-11-02,-0.319,0.672,-1.783,-0.07
2011-11-03,-0.248,0.743,-1.723,0.0
2011-11-04,-0.325,0.666,-1.753,-0.06
2011-11-07,-0.323,0.669,-1.773,-0.1
2011-11-08,-0.317,0.675,-1.713,-0.03
2011-11-09,-0.376,0.616,-1.813,-0.04
2011-11-10,-0.263,0.729,-1.773,-0.04
2011-11-11,-0.176,0.815,,
2011-11-14,-0.175,0.817,-1.773,-0.01
2011-11-15,-0.079,0.912,-1.462,0.04
2011-11-16,-0.043,0.948,-1.512,0.05
2011-11-17,-0.035,0.957,-1.562,0.06
2011-11-18,-0.023,0.968,-1.512,0.05
2011-11-21,-0.096,0.895,-1.552,0.07
2011-11-22,-0.027,0.964,-1.582,0.05
2011-11-23,0.08,1.071,-1.632,-0.01
2011-11-24,0.12,1.112,,
2011-11-25,0.186,1.177,-1.552,0.05
2011-11-28,0.168,1.159,-1.552,0.02
2011-11-29,0.167,1.159,-1.522,0.01
2011-11-30,0.072,1.063,-1.442,0.03
2011-12-01,-0.018,0.973,-1.412,0.06
2011-12-02,-0.068,0.923,-1.472,0.0
2011-12-05,-0.101,0.89,-1.482,-0.01
2011-12-06,-0.056,0.935,-1.442,0.01
2011-12-07,-0.127,0.864,-1.502,-0.01
2011-12-08,-0.112,0.88,-1.532,0.01
2011-12-09,-0.139,0.852,-1.452,0.05
2011-12-12,-0.177,0.814,-1.492,-0.01
2011-12-13,-0.17,0.822,-1.562,-0.05
2011-12-14,-0.277,0.714,-1.602,-0.04
2011-12-15,-0.326,0.666,-1.531,-0.01
2011-12-16,-0.364,0.628,-1.591,-0.05
2011-12-19,-0.345,0.647,-1.631,-0.12
2011-12-20,-0.293,0.699,-1.511,-0.1
2011-12-21,-0.313,0.678,-1.471,-0.07
2011-12-22,-0.308,0.684,-1.481,-0.07
2011-12-23,-0.325,0.666,-1.421,-0.04
2011-12-27,-0.345,0.646,-1.431,-0.02
2011-12-28,-0.351,0.64,-1.521,-0.07
2011-12-29,-0.366,0.625,-1.541,-0.05
2011-12-30,-0.355,0.636,-1.561,-0.07
2012-01-02,-0.082,0.739,,
2012-01-03,-0.055,0.765,-1.481,-0.04
2012-01-04,-0.023,0.797,-1.451,-0.08
2012-01-05,-0.015,0.805,-1.431,-0.1
2012-01-06,-0.012,0.809,-1.471,-0.11
2012-01-09,-0.043,0.778,-1.471,-0.13
2012-01-10,-0.054,0.767,-1.451,-0.08
2012-01-11,-0.109,0.711,-1.521,-0.1
2012-01-12,-0.192,0.628,-1.511,-0.1
2012-01-13,-0.22,0.601,-1.561,-0.14
2012-01-16,-0.221,0.6,,
2012-01-17,-0.205,0.616,-1.192,-0.17
2012-01-18,-0.178,0.642,-1.142,-0.15
2012-01-19,-0.141,0.679,-1.052,0.0
2012-01-20,-0.096,0.725,-1.012,0.01
2012-01-23,-0.034,0.786,-0.972,0.02
2012-01-24,0.012,0.833,-0.982,-0.01
2012-01-25,-0.008,0.813,-1.052,-0.12
2012-01-26,-0.081,0.74,-1.102,-0.16
2012-01-27,-0.124,0.697,-1.132,-0.18
2012-01-30,-0.166,0.655,-1.192,-0.24
2012-01-31,-0.134,0.686,-1.232,-0.28
2012-02-01,-0.066,0.654,-1.192,-0.28
2012-02-02,-0.072,0.648,-1.202,-0.3
2012-02-03,-0.05,0.67,-1.092,-0.21
2012-02-06,-0.062,0.658,-1.132,-0.26
2012-02-07,-0.035,0.686,-1.062,-0.21
2012-02-08,-0.023,0.698,-1.052,-0.21
2012-02-09,-0.018,0.703,-1.022,-0.17
2012-02-10,-0.041,0.68,-1.102,-0.24
2012-02-13,-0.069,0.652,-1.072,-0.22
2012-02-14,-0.058,0.662,-1.142,-0.27
2012-02-15,-0.064,0.657,-1.079,-0.26
2012-02-16,-0.055,0.665,-1.019,-0.24
2012-02-17,-0.018,0.703,-0.999,-0.23
2012-02-20,-0.02,0.701,,
2012-02-21,-0.005,0.716,-0.959,-0.22
2012-02-22,-0.026,0.695,-0.999,-0.27
2012-02-23,-0.066,0.655,-1.019,-0.3
2012-02-24,-0.069,0.651,-1.029,-0.29
2012-02-27,-0.1,0.621,-1.089,-0.32
2012-02-28,-0.108,0.613,-1.069,-0.31
2012-02-29,-0.109,0.612,-1.029,-0.28
2012-03-01,-0.138,0.582,-0.979,-0.23
2012-03-02,-0.168,0.553,-1.019,-0.24
2012-03-05,-0.143,0.578,-1.009,-0.2
2012-03-06,-0.135,0.586,-1.049,-0.21
2012-03-07,-0.148,0.573,-1.029,-0.22
2012-03-08,-0.163,0.557,-0.979,-0.21
2012-03-09,-0.163,0.558,-0.969,-0.24
2012-03-12,-0.172,0.548,-0.969,-0.24
2012-03-13,-0.138,0.583,-0.869,-0.2
2012-03-14,-0.071,0.65,-0.719,-0.07
2012-03-15,-0.025,0.696,-0.608,-0.08
2012-03-16,0.065,0.785,-0.588,-0.09
2012-03-19,0.033,0.754,-0.508,-0.03
2012-03-20,0.046,0.767,-0.518,-0.04
2012-03-21,0.012,0.732,-0.588,-0.08
2012-03-22,-0.01,0.711,-0.608,-0.08
2012-03-23,-0.056,0.664,-0.648,-0.11
2012-03-26,-0.027,0.693,-0.638,-0.08
2012-03-27,-0.031,0.69,-0.698,-0.13
2012-03-28,-0.036,0.685,-0.688,-0.11
2012-03-29,-0.062,0.658,-0.718,-0.13
2012-03-30,-0.101,0.62,-0.668,-0.09
2012-04-02,-0.132,0.581,-0.678,-0.14
2012-04-03,-0.116,0.597,-0.598,-0.06
2012-04-04,-0.112,0.6,-0.648,-0.05
2012-04-05,-0.097,0.616,-0.708,-0.08
2012-04-06,,,-0.828,-0.16
2012-04-09,,,-0.838,-0.17
2012-04-10,-0.121,0.591,-0.888,-0.24
2012-04-11,-0.134,0.579,-0.848,-0.25
2012-04-12,-0.178,0.535,-0.818,-0.22
2012-04-13,-0.184,0.528,-0.878,-0.25
2012-04-16,-0.157,0.556,-0.583,-0.26
2012-04-17,-0.146,0.567,-0.553,-0.26
2012-04-18,-0.158,0.555,-0.583,-0.26
2012-04-19,-0.15,0.563,-0.603,-0.21
2012-04-20,-0.099,0.614,-0.593,-0.24
2012-04-23,-0.111,0.602,-0.623,-0.26
2012-04-24,-0.131,0.582,-0.583,-0.25
2012-04-25,-0.145,0.568,-0.573,-0.24
2012-04-26,-0.149,0.564,-0.603,-0.29
2012-04-27,-0.198,0.514,-0.623,-0.3
2012-04-30,-0.229,0.484,-0.633,-0.3
2012-05-01,,,-0.603,-0.28
2012-05-02,-0.147,0.465,-0.623,-0.28
2012-05-03,-0.162,0.45,-0.623,-0.27
2012-05-04,-0.204,0.408,-0.673,-0.3
2012-05-07,-0.231,0.382,-0.663,-0.27
2012-05-08,-0.27,0.342,-0.703,-0.28
2012-05-09,-0.247,0.366,-0.713,-0.27
2012-05-10,-0.255,0.358,-0.693,-0.25
2012-05-11,-0.305,0.308,-0.743,-0.28
2012-05-14,-0.368,0.245,-0.803,-0.33
2012-05-15,-0.342,0.271,-0.513,-0.36
2012-05-16,-0.318,0.295,-0.513,-0.33
2012-05-17,-0.361,0.252,-0.573,-0.35
2012-05-18,-0.376,0.237,-0.563,-0.39
2012-05-21,-0.367,0.245,-0.523,-0.41
2012-05-22,-0.37,0.243,-0.483,-0.38
2012-05-23,-0.431,0.182,-0.543,-0.41
2012-05-24,-0.529,0.083,-0.503,-0.37
2012-05-25,-0.547,0.066,-0.523,-0.38
2012-05-28,-0.543,0.07,,
2012-05-29,-0.555,0.058,-0.533,-0.37
2012-05-30,-0.597,0.016,-0.643,-0.45
2012-05-31,-0.713,-0.1,-0.683,-0.5
2012-06-01,-0.636,-0.223,-0.803,-0.59
2012-06-04,-0.561,-0.148,-0.743,-0.56
2012-06-05,-0.558,-0.145,-0.703,-0.56
2012-06-06,-0.455,-0.042,-0.613,-0.5
2012-06-07,-0.319,0.093,-0.613,-0.49
2012-06-08,-0.369,0.044,-0.623,-0.5
2012-06-11,-0.324,0.088,-0.673,-0.53
2012-06-12,-0.221,0.191,-0.603,-0.48
2012-06-13,-0.177,0.235,-0.663,-0.51
2012-06-14,-0.188,0.224,-0.633,-0.47
2012-06-15,-0.246,0.167,-0.138,-0.54
2012-06-18,-0.26,0.152,-0.148,-0.54
2012-06-19,-0.186,0.227,-0.098,-0.53
2012-06-20,-0.107,0.305,-0.088,-0.51
2012-06-21,-0.161,0.251,-0.108,-0.47
2012-06-22,-0.154,0.259,-0.048,-0.42
2012-06-25,-0.216,0.197,-0.108,-0.47
2012-06-26,-0.169,0.243,-0.078,-0.45
2012-06-27,-0.148,0.265,-0.088,-0.45
2012-06-28,-0.156,0.257,-0.138,-0.48
2012-06-29,-0.084,0.328,-0.068,-0.46
2012-07-02,-0.152,0.226,-0.128,-0.5
2012-07-03,-0.191,0.186,-0.088,-0.48
2012-07-04,-0.234,0.144,,
2012-07-05,-0.293,0.085,-0.118,-0.51
2012-07-06,-0.397,-0.02,-0.168,-0.53
2012-07-09,-0.386,-0.008,-0.208,-0.57
2012-07-10,-0.391,-0.014,-0.208,-0.59
2012-07-11,-0.451,-0.073,-0.198,-0.57
2012-07-12,-0.477,-0.1,-0.238,-0.58
2012-07-13,-0.493,-0.116,-0.218,-0.59
2012-07-16,-0.537,-0.16,-0.154,-0.61
2012-07-17,-0.563,-0.186,-0.124,-0.59
2012-07-18,-0.578,-0.2,-0.134,-0.6
2012-07-19,-0.585,-0.208,-0.114,-0.62
2012-07-20,-0.631,-0.254,-0.164,-0.67
2012-07-23,-0.581,-0.204,-0.184,-0.68
2012-07-24,-0.479,-0.101,-0.214,-0.68
2012-07-25,-0.455,-0.077,-0.224,-0.67
2012-07-26,-0.473,-0.096,-0.204,-0.66
2012-07-27,-0.436,-0.058,-0.074,-0.61
2012-07-30,-0.452,-0.075,-0.124,-0.64
2012-07-31,-0.529,-0.151,-0.144,-0.69
2012-08-01,-0.504,-0.126,-0.094,-0.67
2012-08-02,-0.571,-0.193,-0.144,-0.69
2012-08-03,-0.555,-0.178,-0.054,-0.66
2012-08-06,-0.497,-0.12,-0.064,-0.68
2012-08-07,-0.441,-0.064,0.006,-0.65
2012-08-08,-0.486,-0.108,0.026,-0.61
2012-08-09,-0.494,-0.117,0.036,-0.58
2012-08-10,-0.55,-0.173,-0.004,-0.6
2012-08-13,-0.471,-0.094,-0.004,-0.58
2012-08-14,-0.47,-0.092,0.076,-0.53
2012-08-15,-0.411,-0.034,0.382,-0.45
2012-08-16,-0.415,-0.038,0.412,-0.42
2012-08-17,-0.406,-0.028,0.392,-0.43
2012-08-20,-0.41,-0.032,0.402,-0.43
2012-08-21,-0.379,-0.002,0.382,-0.45
2012-08-22,-0.433,-0.056,0.292,-0.55
2012-08-23,-0.499,-0.121,0.262,-0.62
2012-08-24,-0.551,-0.173,0.262,-0.6
2012-08-27,-0.53,-0.153,0.232,-0.64
2012-08-28,-0.53,-0.152,0.222,-0.68
2012-08-29,-0.483,-0.106,0.242,-0.64
2012-08-30,-0.504,-0.127,0.212,-0.63
2012-08-31,-0.486,-0.108,0.152,-0.68
2012-09-03,-0.691,-0.113,,
2012-09-04,-0.652,-0.075,0.172,-0.68
2012-09-05,-0.632,-0.055,0.182,-0.69
2012-09-06,-0.567,0.011,0.262,-0.63
2012-09-07,-0.578,-0.001,0.252,-0.68
2012-09-10,-0.553,0.024,0.262,-0.68
2012-09-11,-0.576,0.002,0.282,-0.68
2012-09-12,-0.518,0.06,0.352,-0.61
2012-09-13,-0.59,-0.013,0.332,-0.72
2012-09-14,-0.48,0.097,0.462,-0.76
2012-09-17,-0.483,0.094,0.164,-0.74
2012-09-18,-0.524,0.053,0.134,-0.73
2012-09-19,-0.524,0.054,0.104,-0.75
2012-09-20,-0.533,0.044,0.114,-0.7
2012-09-21,-0.526,0.051,0.084,-0.71
2012-09-24,-0.54,0.038,0.054,-0.73
2012-09-25,-0.556,0.021,0.014,-0.74
2012-09-26,-0.629,-0.052,-0.046,-0.77
2012-09-27,-0.641,-0.064,-0.026,-0.78
2012-09-28,-0.66,-0.082,-0.036,-0.77
2012-10-01,-0.631,-0.009,-0.046,-0.78
2012-10-02,-0.634,-0.012,-0.046,-0.83
2012-10-03,-0.646,-0.024,-0.046,-0.83
2012-10-04,-0.625,-0.003,0.014,-0.86
2012-10-05,-0.589,0.033,0.064,-0.82
2012-10-08,-0.614,0.008,,
2012-10-09,-0.62,0.002,0.054,-0.81
2012-10-10,-0.644,-0.022,0.034,-0.8
2012-10-11,-0.648,-0.026,0.014,-0.77
2012-10-12,-0.68,-0.058,0.004,-0.78
2012-10-15,-0.693,-0.072,-0.25,-0.78
2012-10-16,-0.623,-0.001,-0.2,-0.71
2012-10-17,-0.562,0.06,-0.12,-0.65
2012-10-18,-0.565,0.057,-0.09,-0.66
2012-10-19,-0.586,0.036,-0.16,-0.71
2012-10-22,-0.586,0.035,-0.12,-0.7
2012-10-23,-0.603,0.019,-0.16,-0.71
2012-10-24,-0.599,0.023,-0.15,-0.69
2012-10-25,-0.572,0.05,-0.09,-0.63
2012-10-26,-0.624,-0.002,-0.17,-0.69
2012-10-29,-0.651,-0.029,-0.21,-0.73
2012-10-30,-0.656,-0.035,,
2012-10-31,-0.65,-0.029,-0.23,-0.78
2012-11-01,-0.553,-0.031,-0.2,-0.77
2012-11-02,-0.573,-0.051,-0.2,-0.73
2012-11-05,-0.588,-0.066,-0.23,-0.75
2012-11-06,-0.592,-0.07,-0.17,-0.72
2012-11-07,-0.639,-0.117,-0.27,-0.8
2012-11-08,-0.643,-0.121,-0.33,-0.85
2012-11-09,-0.676,-0.154,-0.34,-0.83
2012-11-12,-0.677,-0.155,,
2012-11-13,-0.702,-0.18,-0.36,-0.84
2012-11-14,-0.678,-0.156,-0.36,-0.81
2012-11-15,-0.682,-0.16,-0.576,-0.8
2012-11-16,-0.691,-0.169,-0.576,-0.81
2012-11-19,-0.679,-0.157,-0.546,-0.78
2012-11-20,-0.635,-0.113,-0.496,-0.74
2012-11-21,-0.596,-0.074,-0.466,-0.71
2012-11-22,-0.593,-0.072,,
2012-11-23,-0.597,-0.076,-0.456,-0.72
2012-11-26,-0.618,-0.096,-0.496,-0.73
2012-11-27,-0.62,-0.098,-0.516,-0.74
2012-11-28,-0.708,-0.187,-0.526,-0.75
2012-11-29,-0.692,-0.17,-0.536,-0.78
2012-11-30,-0.705,-0.183,-0.536,-0.79
2012-12-03,-0.372,-0.15,-0.526,-0.81
2012-12-04,-0.387,-0.165,-0.536,-0.83
2012-12-05,-0.43,-0.208,-0.556,-0.85
2012-12-06,-0.443,-0.221,-0.566,-0.87
2012-12-07,-0.468,-0.246,-0.516,-0.86
2012-12-10,-0.473,-0.251,-0.526,-0.87
2012-12-11,-0.447,-0.225,-0.496,-0.84
2012-12-12,-0.454,-0.232,-0.436,-0.79
2012-12-13,-0.453,-0.231,-0.416,-0.73
2012-12-14,-0.452,-0.231,-0.436,-0.74
2012-12-17,-0.423,-0.201,-0.016,-0.7
2012-12-18,-0.401,-0.179,0.044,-0.67
2012-12-19,-0.382,-0.16,0.024,-0.66
2012-12-20,-0.414,-0.192,0.014,-0.69
2012-12-21,-0.429,-0.207,-0.026,-0.71
2012-12-24,-0.426,-0.205,-0.006,-0.69
2012-12-26,,,-0.026,-0.71
2012-12-27,-0.45,-0.228,-0.056,-0.73
2012-12-28,-0.478,-0.256,-0.066,-0.73
2012-12-31,-0.477,-0.256,-0.016,-0.67
2013-01-02,-0.366,-0.151,0.064,-0.62
2013-01-03,-0.321,-0.105,0.124,-0.54
2013-01-04,-0.272,-0.057,0.134,-0.55
2013-01-07,-0.29,-0.075,0.124,-0.6
2013-01-08,-0.32,-0.105,0.094,-0.6
2013-01-09,-0.324,-0.109,0.084,-0.64
2013-01-10,-0.261,-0.045,0.114,-0.62
2013-01-11,-0.237,-0.022,0.094,-0.63
2013-01-14,-0.283,-0.067,0.094,-0.66
2013-01-15,-0.299,-0.083,0.1,-0.66
2013-01-16,-0.303,-0.087,0.08,-0.65
2013-01-17,-0.255,-0.04,0.13,-0.64
2013-01-18,-0.292,-0.077,0.11,-0.66
2013-01-21,-0.289,-0.074,,
2013-01-22,-0.293,-0.077,0.1,-0.68
2013-01-23,-0.31,-0.095,0.1,-0.66
2013-01-24,-0.304,-0.089,0.12,-0.62
2013-01-25,-0.243,-0.027,0.22,-0.56
2013-01-28,-0.185,0.03,0.24,-0.55
2013-01-29,-0.199,0.017,0.27,-0.53
2013-01-30,-0.156,0.059,0.27,-0.54
2013-01-31,-0.179,0.036,0.26,-0.57
2013-02-01,-0.021,-0.006,0.28,-0.55
2013-02-04,-0.008,0.007,0.24,-0.59
2013-02-05,0.012,0.027,0.28,-0.55
2013-02-06,-0.008,0.008,0.24,-0.58
2013-02-07,-0.016,-0.0,0.23,-0.58
2013-02-08,-0.025,-0.01,0.23,-0.57
2013-02-11,-0.028,-0.012,0.23,-0.58
2013-02-12,0.001,0.016,0.26,-0.57
2013-02-13,0.04,0.056,0.29,-0.54
2013-02-14,0.016,0.031,0.24,-0.56
2013-02-15,0.01,0.025,0.326,-0.53
2013-02-18,0.008,0.023,,
2013-02-19,0.01,0.026,0.346,-0.52
2013-02-20,0.032,0.048,0.336,-0.52
2013-02-21,-0.022,-0.006,0.306,-0.54
2013-02-22,-0.038,-0.022,0.286,-0.57
2013-02-25,0.005,0.021,0.196,-0.62
2013-02-26,-0.081,-0.066,0.196,-0.62
2013-02-27,-0.134,-0.118,0.226,-0.61
2013-02-28,-0.12,-0.104,0.206,-0.64
2013-03-01,-0.061,-0.146,0.176,-0.67
2013-03-04,-0.067,-0.151,0.196,-0.65
2013-03-05,-0.052,-0.137,0.216,-0.65
2013-03-06,-0.039,-0.124,0.266,-0.61
2013-03-07,-0.019,-0.104,0.316,-0.56
2013-03-08,-0.009,-0.094,0.376,-0.5
2013-03-11,-0.017,-0.102,0.386,-0.5
2013-03-12,-0.027,-0.112,0.346,-0.52
2013-03-13,-0.033,-0.118,0.356,-0.52
2013-03-14,-0.031,-0.116,0.356,-0.53
2013-03-15,-0.048,-0.132,-0.008,-0.55
2013-03-18,-0.094,-0.179,-0.058,-0.6
2013-03-19,-0.112,-0.197,-0.098,-0.61
2013-03-20,-0.097,-0.181,-0.058,-0.57
2013-03-21,-0.132,-0.217,-0.068,-0.57
2013-03-22,-0.116,-0.201,-0.088,-0.6
2013-03-25,-0.126,-0.21,-0.088,-0.6
2013-03-26,-0.099,-0.184,-0.098,-0.61
2013-03-27,-0.157,-0.241,-0.148,-0.64
2013-03-28,-0.141,-0.225,-0.148,-0.64
2013-04-01,,,-0.158,-0.65
2013-04-02,0.079,-0.191,-0.138,-0.63
2013-04-03,0.048,-0.222,-0.188,-0.65
2013-04-04,-0.004,-0.275,-0.238,-0.7
2013-04-05,-0.122,-0.393,-0.298,-0.74
2013-04-08,-0.119,-0.389,-0.258,-0.69
2013-04-09,-0.07,-0.34,-0.238,-0.67
2013-04-10,-0.002,-0.273,-0.178,-0.6
2013-04-11,-0.014,-0.285,-0.198,-0.65
2013-04-12,-0.036,-0.306,-0.268,-0.68
2013-04-15,-0.052,-0.322,0.201,-0.69
2013-04-16,-0.052,-0.322,0.231,-0.65
2013-04-17,-0.058,-0.328,0.211,-0.64
2013-04-18,-0.085,-0.355,0.201,-0.55
2013-04-19,-0.057,-0.328,0.211,-0.59
2013-04-22,-0.102,-0.373,0.201,-0.63
2013-04-23,-0.101,-0.371,0.221,-0.64
2013-04-24,-0.103,-0.374,0.211,-0.65
2013-04-25,-0.1,-0.37,0.221,-0.66
2013-04-26,-0.113,-0.383,0.181,-0.68
2013-04-29,-0.129,-0.399,0.181,-0.67
2013-04-30,-0.15,-0.42,0.181,-0.64
2013-05-01,,,0.141,-0.64
2013-05-02,0.342,-0.429,0.141,-0.62
2013-05-03,0.39,-0.381,0.261,-0.53
2013-05-06,0.4,-0.37,0.281,-0.51
2013-05-07,0.429,-0.341,0.301,-0.5
2013-05-08,0.424,-0.346,0.291,-0.48
2013-05-09,0.418,-0.353,0.291,-0.5
2013-05-10,0.505,-0.265,0.381,-0.45
2013-05-13,0.512,-0.259,0.401,-0.41
2013-05-14,0.507,-0.264,0.441,-0.37
2013-05-15,0.509,-0.261,0.801,-0.36
2013-05-16,0.468,-0.302,0.731,-0.4
2013-05-17,0.456,-0.315,0.811,-0.31
2013-05-20,0.465,-0.306,0.831,-0.31
2013-05-21,0.538,-0.232,0.801,-0.34
2013-05-22,0.474,-0.297,0.891,-0.24
2013-05-23,0.51,-0.261,0.881,-0.24
2013-05-24,0.528,-0.243,0.871,-0.26
2013-05-27,0.558,-0.212,,
2013-05-28,0.592,-0.179,1.011,-0.14
2013-05-29,0.638,-0.132,0.991,-0.1
2013-05-30,0.63,-0.14,0.991,-0.05
2013-05-31,0.643,-0.128,1.021,-0.05
2013-06-03,0.464,-0.106,0.991,-0.07
2013-06-04,0.476,-0.094,1.001,-0.05
2013-06-05,0.444,-0.126,0.961,-0.06
2013-06-06,0.492,-0.078,0.941,-0.05
2013-06-07,0.475,-0.095,1.031,0.03
2013-06-10,0.501,-0.069,1.081,0.11
2013-06-11,0.58,0.01,1.061,0.13
2013-06-12,0.561,-0.01,1.111,0.21
2013-06-13,0.51,-0.06,1.051,0.15
2013-06-14,0.449,-0.122,1.001,0.09
2013-06-17,0.449,-0.121,0.8,0.15
2013-06-18,0.494,-0.076,0.81,0.14
2013-06-19,0.478,-0.092,0.94,0.29
2013-06-20,0.628,0.057,1.02,0.46
2013-06-21,0.684,0.113,1.13,0.59
2013-06-24,0.84,0.269,1.18,0.64
2013-06-25,0.822,0.251,1.21,0.64
2013-06-26,0.752,0.182,1.16,0.6
2013-06-27,0.681,0.11,1.1,0.5
2013-06-28,0.737,0.167,1.13,0.53
2013-07-01,0.504,0.152,1.11,0.48
2013-07-02,0.479,0.127,1.09,0.44
2013-07-03,0.452,0.1,1.13,0.48
2013-07-04,0.417,0.065,,
2013-07-05,0.504,0.153,1.34,0.66
2013-07-08,0.473,0.121,1.26,0.58
2013-07-09,0.438,0.087,1.26,0.59
2013-07-10,0.446,0.094,1.31,0.64
2013-07-11,0.422,0.07,1.21,0.56
2013-07-12,0.361,0.01,1.22,0.55
2013-07-15,0.249,-0.102,0.854,0.47
2013-07-16,0.246,-0.105,0.834,0.41
2013-07-17,0.232,-0.12,0.804,0.38
2013-07-18,0.216,-0.135,0.844,0.38
2013-07-19,0.201,-0.151,0.784,0.29
2013-07-22,0.195,-0.156,0.784,0.28
2013-07-23,0.242,-0.11,0.814,0.33
2013-07-24,0.299,-0.052,0.894,0.44
2013-07-25,0.339,-0.012,0.894,0.44
2013-07-26,0.334,-0.017,0.864,0.43
2013-07-29,0.347,-0.004,0.894,0.45
2013-07-30,0.339,-0.012,0.914,0.46
2013-07-31,0.355,0.003,0.884,0.38
2013-08-01,0.339,-0.012,1.024,0.48
2013-08-02,0.328,-0.024,0.914,0.42
2013-08-05,0.353,0.002,0.954,0.42
2013-08-06,0.367,0.015,0.954,0.39
2013-08-07,0.364,0.013,0.894,0.35
2013-08-08,0.356,0.005,0.864,0.34
2013-08-09,0.349,-0.003,0.854,0.33
2013-08-12,0.358,0.006,0.894,0.37
2013-08-13,0.451,0.099,0.994,0.48
2013-08-14,0.478,0.127,0.994,0.5
2013-08-15,0.546,0.195,0.885,0.6
2013-08-16,0.531,0.18,0.955,0.68
2013-08-19,0.583,0.231,0.995,0.75
2013-08-20,0.541,0.19,0.935,0.67
2013-08-21,0.584,0.232,0.985,0.73
2013-08-22,0.599,0.247,1.015,0.79
2013-08-23,0.648,0.296,0.935,0.69
2013-08-26,0.58,0.228,0.905,0.64
2013-08-27,0.549,0.197,0.835,0.57
2013-08-28,0.558,0.207,0.895,0.63
2013-08-29,0.559,0.208,0.865,0.65
2013-08-30,0.574,0.222,0.895,0.68
2013-09-02,0.905,0.253,,
2013-09-03,0.918,0.266,0.975,0.76
2013-09-04,0.926,0.274,1.015,0.83
2013-09-05,1.039,0.387,1.095,0.92
2013-09-06,0.951,0.299,1.055,0.87
2013-09-09,0.964,0.313,1.015,0.84
2013-09-10,1.051,0.399,1.075,0.86
2013-09-11,1.005,0.354,1.045,0.8
2013-09-12,0.941,0.289,1.035,0.81
2013-09-13,0.927,0.275,1.015,0.8
2013-09-16,0.888,0.236,1.341,0.76
2013-09-17,0.917,0.266,1.321,0.7
2013-09-18,0.95,0.299,1.151,0.49
2013-09-19,0.884,0.232,1.221,0.55
2013-09-20,0.92,0.268,1.211,0.52
2013-09-23,0.89,0.239,1.181,0.46
2013-09-24,0.825,0.174,1.131,0.48
2013-09-25,0.802,0.15,1.091,0.45
2013-09-26,0.798,0.146,1.121,0.47
2013-09-27,0.753,0.102,1.101,0.46
2013-09-30,0.755,0.103,1.101,0.45
2013-10-01,0.958,0.127,1.121,0.46
2013-10-02,0.964,0.133,1.091,0.43
2013-10-03,0.986,0.155,1.081,0.43
2013-10-04,1.01,0.178,1.121,0.46
2013-10-07,0.975,0.144,1.111,0.45
2013-10-08,0.993,0.162,1.121,0.48
2013-10-09,0.984,0.153,1.141,0.47
2013-10-10,1.041,0.21,1.171,0.5
2013-10-11,1.036,0.205,1.161,0.5
2013-10-14,1.041,0.21,,
2013-10-15,1.059,0.228,1.655,0.54
2013-10-16,1.111,0.28,1.595,0.5
2013-10-17,1.066,0.235,1.515,0.45
2013-10-18,1.015,0.184,1.505,0.42
2013-10-21,1.016,0.185,1.535,0.44
2013-10-22,0.97,0.139,1.445,0.37
2013-10-23,0.946,0.115,1.415,0.36
2013-10-24,0.928,0.097,1.435,0.36
2013-10-25,0.936,0.105,1.435,0.34
2013-10-28,0.92,0.089,1.445,0.35
2013-10-29,0.919,0.088,1.435,0.35
2013-10-30,0.886,0.055,1.455,0.37
2013-10-31,0.852,0.021,1.475,0.4
2013-11-01,1.257,0.026,1.555,0.5
2013-11-04,1.243,0.012,1.535,0.5
2013-11-05,1.306,0.075,1.595,0.55
2013-11-06,1.316,0.085,1.575,0.48
2013-11-07,1.262,0.031,1.535,0.46
2013-11-08,1.328,0.097,1.675,0.59
2013-11-11,1.32,0.089,,
2013-11-12,1.36,0.129,1.705,0.62
2013-11-13,1.328,0.097,1.655,0.58
2013-11-14,1.294,0.063,1.595,0.51
2013-11-15,1.295,0.064,1.833,0.53
2013-11-18,1.279,0.048,1.793,0.48
2013-11-19,1.29,0.059,1.833,0.53
2013-11-20,1.307,0.076,1.923,0.64
2013-11-21,1.349,0.118,1.913,0.6
2013-11-22,1.327,0.096,1.873,0.56
2013-11-25,1.292,0.061,1.863,0.56
2013-11-26,1.287,0.056,1.833,0.54
2013-11-27,1.293,0.062,1.863,0.58
2013-11-28,1.284,0.053,,
2013-11-29,1.287,0.056,1.873,0.6
2013-12-02,1.121,0.09,1.933,0.66
2013-12-03,1.114,0.083,1.913,0.64
2013-12-04,1.161,0.13,1.963,0.73
2013-12-05,1.214,0.183,2.003,0.76
2013-12-06,1.228,0.197,2.003,0.77
2013-12-09,1.208,0.177,1.983,0.74
2013-12-10,1.2,0.169,1.933,0.69
2013-12-11,1.203,0.172,1.983,0.71
2013-12-12,1.213,0.182,2.013,0.75
2013-12-13,1.211,0.18,2.003,0.72
2013-12-16,1.207,0.176,1.657,0.71
2013-12-17,1.207,0.175,1.617,0.67
2013-12-18,1.214,0.183,1.657,0.72
2013-12-19,1.252,0.221,1.707,0.79
2013-12-20,1.26,0.229,1.657,0.73
2013-12-23,1.262,0.231,1.707,0.76
2013-12-24,1.263,0.232,1.757,0.8
2013-12-26,,,1.767,0.8
2013-12-27,1.336,0.304,1.787,0.8
2013-12-30,1.338,0.307,1.757,0.76
2013-12-31,1.341,0.31,1.807,0.8
2014-01-02,1.442,0.377,1.767,0.74
2014-01-03,1.435,0.37,1.777,0.75
2014-01-06,1.4,0.334,1.747,0.72
2014-01-07,1.379,0.313,1.727,0.7
2014-01-08,1.379,0.314,1.777,0.72
2014-01-09,1.398,0.333,1.737,0.66
2014-01-10,1.36,0.295,1.647,0.59
2014-01-13,1.329,0.263,1.607,0.57
2014-01-14,1.319,0.254,1.647,0.62
2014-01-15,1.341,0.276,1.387,0.62
2014-01-16,1.289,0.224,1.347,0.61
2014-01-17,1.274,0.208,1.327,0.58
2014-01-20,1.24,0.175,,
2014-01-21,1.246,0.18,1.337,0.59
2014-01-22,1.271,0.205,1.357,0.62
2014-01-23,1.225,0.16,1.277,0.66
2014-01-24,1.182,0.116,1.237,0.61
2014-01-27,1.182,0.116,1.267,0.64
2014-01-28,1.189,0.123,1.257,0.62
2014-01-29,1.162,0.096,1.177,0.55
2014-01-30,1.143,0.078,1.207,0.57
2014-01-31,1.095,0.029,1.157,0.53
2014-02-03,1.08,0.014,1.097,0.47
2014-02-04,1.084,0.018,1.127,0.51
2014-02-05,1.08,0.014,1.187,0.56
2014-02-06,1.132,0.066,1.217,0.57
2014-02-07,1.106,0.04,1.197,0.53
2014-02-10,1.116,0.051,1.187,0.51
2014-02-11,1.131,0.065,1.237,0.56
2014-02-12,1.141,0.075,1.287,0.59
2014-02-13,1.115,0.05,1.217,0.56
2014-02-14,1.128,0.063,1.237,0.59
2014-02-17,1.133,0.067,,
2014-02-18,1.12,0.055,1.152,0.57
2014-02-19,1.103,0.038,1.172,0.6
2014-02-20,1.13,0.064,1.202,0.63
2014-02-21,1.112,0.046,1.172,0.61
2014-02-24,1.132,0.067,1.192,0.59
2014-02-25,1.104,0.039,1.142,0.55
2014-02-26,1.061,-0.004,1.112,0.51
2014-02-27,1.006,-0.06,1.092,0.49
2014-02-28,1.08,0.015,1.102,0.49
2014-03-03,1.118,-0.048,1.042,0.44
2014-03-04,1.138,-0.027,1.142,0.52
2014-03-05,1.152,-0.013,1.142,0.52
2014-03-06,1.192,0.026,1.182,0.53
2014-03-07,1.201,0.036,1.242,0.57
2014-03-10,1.162,-0.003,1.232,0.57
2014-03-11,1.195,0.03,1.212,0.57
2014-03-12,1.142,-0.024,1.172,0.54
2014-03-13,1.116,-0.049,1.102,0.49
2014-03-14,1.086,-0.079,1.092,0.48
2014-03-17,1.101,-0.065,1.58,0.52
2014-03-18,1.114,-0.052,1.56,0.5
2014-03-19,1.142,-0.023,1.66,0.62
2014-03-20,1.201,0.035,1.67,0.66
2014-03-21,1.172,0.006,1.63,0.61
2014-03-24,1.137,-0.029,1.62,0.59
2014-03-25,1.123,-0.043,1.63,0.61
2014-03-26,1.102,-0.063,1.59,0.57
2014-03-27,1.082,-0.084,1.57,0.56
2014-03-28,1.095,-0.071,1.61,0.6
2014-03-31,1.122,-0.043,1.61,0.6
2014-04-01,1.327,-0.022,1.65,0.63
2014-04-02,1.357,0.009,1.7,0.68
2014-04-03,1.355,0.007,1.68,0.66
2014-04-04,1.305,-0.044,1.62,0.61
2014-04-07,1.284,-0.065,1.59,0.59
2014-04-08,1.308,-0.04,1.57,0.58
2014-04-09,1.325,-0.023,1.59,0.57
2014-04-10,1.28,-0.069,1.53,0.51
2014-04-11,1.245,-0.103,1.51,0.5
2014-04-14,1.252,-0.097,1.53,0.52
2014-04-15,1.243,-0.105,1.027,0.5
2014-04-16,1.218,-0.131,1.037,0.48
2014-04-17,1.235,-0.113,1.117,0.52
2014-04-21,,,1.117,0.53
2014-04-22,1.271,-0.077,1.117,0.52
2014-04-23,1.268,-0.081,1.087,0.49
2014-04-24,1.248,-0.1,1.087,0.49
2014-04-25,1.218,-0.131,1.067,0.48
2014-04-28,1.237,-0.111,1.087,0.52
2014-04-29,1.25,-0.098,1.097,0.53
2014-04-30,1.221,-0.128,1.057,0.49
2014-05-01,,,1.017,0.43
2014-05-02,1.006,-0.142,0.987,0.41
2014-05-05,0.991,-0.157,1.017,0.45
2014-05-06,0.998,-0.151,0.997,0.45
2014-05-07,1.022,-0.126,1.007,0.42
2014-05-08,0.99,-0.159,0.997,0.42
2014-05-09,0.989,-0.16,1.007,0.44
2014-05-12,0.999,-0.149,1.047,0.48
2014-05-13,0.964,-0.184,0.997,0.45
2014-05-14,0.907,-0.242,0.927,0.37
2014-05-15,0.861,-0.288,0.485,0.31
2014-05-16,0.874,-0.274,0.505,0.34
2014-05-19,0.883,-0.266,0.525,0.37
2014-05-20,0.909,-0.239,0.505,0.35
2014-05-21,0.932,-0.216,0.525,0.36
2014-05-22,0.898,-0.251,0.545,0.35
2014-05-23,0.902,-0.246,0.525,0.32
2014-05-26,0.892,-0.256,,
2014-05-27,0.874,-0.274,0.505,0.31
2014-05-28,0.827,-0.321,0.425,0.22
2014-05-29,0.828,-0.32,0.435,0.22
2014-05-30,0.858,-0.29,0.465,0.26
2014-06-02,1.057,-0.292,0.525,0.32
2014-06-03,1.119,-0.23,0.585,0.41
2014-06-04,1.134,-0.215,0.595,0.44
2014-06-05,1.133,-0.216,0.575,0.41
2014-06-06,1.025,-0.324,0.585,0.4
2014-06-09,1.039,-0.309,0.605,0.41
2014-06-10,1.076,-0.273,0.625,0.43
2014-06-11,1.077,-0.272,0.635,0.43
2014-06-12,1.083,-0.266,0.565,0.39
2014-06-13,1.069,-0.279,0.585,0.41
2014-06-16,1.04,-0.309,0.443,0.41
2014-06-17,1.082,-0.266,0.493,0.43
2014-06-18,1.065,-0.283,0.443,0.38
2014-06-19,0.991,-0.357,0.473,0.39
2014-06-20,1.037,-0.311,0.463,0.35
2014-06-23,1.008,-0.34,0.463,0.35
2014-06-24,1.012,-0.337,0.423,0.31
2014-06-25,0.957,-0.391,0.403,0.29
2014-06-26,0.927,-0.421,0.363,0.26
2014-06-27,0.938,-0.41,0.373,0.27
2014-06-30,0.938,-0.41,0.363,0.27
2014-07-01,0.926,-0.433,0.413,0.32
2014-07-02,0.954,-0.404,0.473,0.38
2014-07-03,0.98,-0.379,0.483,0.37
2014-07-04,0.93,-0.429,,
2014-07-07,0.934,-0.424,0.463,0.36
2014-07-08,0.895,-0.464,0.413,0.31
2014-07-09,0.892,-0.467,0.403,0.28
2014-07-10,0.86,-0.499,0.383,0.27
2014-07-11,0.867,-0.491,0.363,0.25
2014-07-14,0.878,-0.481,0.383,0.28
2014-07-15,0.849,-0.51,0.501,0.31
2014-07-16,0.856,-0.503,0.491,0.32
2014-07-17,0.83,-0.529,0.411,0.24
2014-07-18,0.808,-0.551,0.441,0.26
2014-07-21,0.803,-0.556,0.431,0.25
2014-07-22,0.825,-0.534,0.421,0.25
2014-07-23,0.795,-0.564,0.421,0.25
2014-07-24,0.835,-0.524,0.461,0.25
2014-07-25,0.806,-0.553,0.421,0.2
2014-07-28,0.79,-0.569,0.441,0.22
2014-07-29,0.766,-0.593,0.411,0.2
2014-07-30,0.792,-0.567,0.511,0.29
2014-07-31,0.838,-0.521,0.521,0.29
2014-08-01,0.916,-0.543,0.461,0.25
2014-08-04,0.883,-0.576,0.451,0.26
2014-08-05,0.92,-0.539,0.431,0.25
2014-08-06,0.859,-0.6,0.431,0.24
2014-08-07,0.843,-0.616,0.371,0.19
2014-08-08,0.803,-0.656,0.381,0.19
2014-08-11,0.813,-0.646,0.381,0.19
2014-08-12,0.817,-0.642,0.401,0.22
2014-08-13,0.806,-0.653,0.371,0.2
2014-08-14,0.771,-0.688,0.341,0.19
2014-08-15,0.761,-0.698,0.366,0.16
2014-08-18,0.778,-0.681,0.416,0.21
2014-08-19,0.761,-0.697,0.426,0.23
2014-08-20,0.74,-0.719,0.456,0.26
2014-08-21,0.739,-0.72,0.436,0.24
2014-08-22,0.732,-0.727,0.426,0.26
2014-08-25,0.69,-0.769,0.416,0.24
2014-08-26,0.678,-0.781,0.416,0.25
2014-08-27,0.625,-0.833,0.396,0.23
2014-08-28,0.615,-0.844,0.366,0.21
2014-08-29,0.632,-0.827,0.376,0.23
2014-09-01,0.636,-0.822,,
2014-09-02,0.689,-0.77,0.446,0.27
2014-09-03,0.711,-0.748,0.436,0.24
2014-09-04,0.702,-0.757,0.476,0.28
2014-09-05,0.676,-0.783,0.486,0.31
2014-09-08,0.669,-0.79,0.506,0.35
2014-09-09,0.748,-0.711,0.526,0.39
2014-09-10,0.767,-0.692,0.566,0.44
2014-09-11,0.758,-0.701,0.566,0.42
2014-09-12,0.808,-0.651,0.646,0.49
2014-09-15,0.774,-0.685,0.885,0.47
2014-09-16,0.786,-0.673,0.885,0.48
2014-09-17,0.781,-0.678,0.905,0.56
2014-09-18,0.822,-0.637,0.915,0.61
2014-09-19,0.771,-0.687,0.875,0.56
2014-09-22,0.743,-0.716,0.855,0.58
2014-09-23,0.734,-0.725,0.825,0.52
2014-09-24,0.712,-0.747,0.855,0.54
2014-09-25,0.693,-0.766,0.805,0.5
2014-09-26,0.691,-0.768,0.825,0.57
2014-09-29,0.672,-0.787,0.785,0.55
2014-09-30,0.659,-0.8,0.805,0.55
2014-10-01,0.713,-0.788,0.705,0.46
2014-10-02,0.736,-0.765,0.725,0.49
2014-10-03,0.756,-0.745,0.735,0.52
2014-10-06,0.738,-0.764,0.715,0.5
2014-10-07,0.734,-0.767,0.645,0.44
2014-10-08,0.716,-0.785,0.635,0.39
2014-10-09,0.708,-0.793,0.625,0.37
2014-10-10,0.711,-0.79,0.595,0.35
2014-10-13,0.724,-0.777,,
2014-10-14,0.672,-0.829,0.495,0.29
2014-10-15,0.593,-0.908,0.466,0.29
2014-10-16,0.631,-0.87,0.486,0.28
2014-10-17,0.708,-0.793,0.536,0.3
2014-10-20,0.686,-0.815,0.516,0.29
2014-10-21,0.709,-0.792,0.546,0.33
2014-10-22,0.711,-0.79,0.566,0.34
2014-10-23,0.72,-0.781,0.606,0.38
2014-10-24,0.719,-0.782,0.606,0.39
2014-10-27,0.708,-0.793,0.586,0.38
2014-10-28,0.714,-0.788,0.616,0.39
2014-10-29,0.715,-0.787,0.656,0.42
2014-10-30,0.673,-0.828,0.636,0.42
2014-10-31,0.664,-0.837,0.666,0.43
2014-11-03,0.565,-0.836,0.676,0.43
2014-11-04,0.531,-0.87,0.666,0.43
2014-11-05,0.543,-0.858,0.676,0.43
2014-11-06,0.546,-0.855,0.706,0.45
2014-11-07,0.545,-0.856,0.636,0.38
2014-11-10,0.536,-0.865,0.696,0.44
2014-11-11,0.539,-0.862,,
2014-11-12,0.515,-0.886,0.686,0.46
2014-11-13,0.516,-0.885,0.666,0.47
2014-11-14,0.507,-0.894,0.636,0.43
2014-11-17,0.518,-0.883,0.73,0.48
2014-11-18,0.509,-0.892,0.71,0.48
2014-11-19,0.557,-0.844,0.75,0.53
2014-11-20,0.521,-0.88,0.73,0.49
2014-11-21,0.489,-0.912,0.7,0.45
2014-11-24,0.494,-0.908,0.69,0.44
2014-11-25,0.466,-0.935,0.66,0.42
2014-11-26,0.45,-0.952,0.63,0.42
2014-11-27,0.411,-0.99,,
2014-11-28,0.402,-1.0,0.57,0.39
2014-12-01,0.508,-0.993,0.61,0.43
2014-12-02,0.554,-0.947,0.67,0.51
2014-12-03,0.564,-0.937,0.68,0.5
2014-12-04,0.556,-0.946,0.64,0.48
2014-12-05,0.574,-0.927,0.7,0.56
2014-12-08,0.523,-0.978,0.65,0.55
2014-12-09,0.503,-0.998,0.61,0.49
2014-12-10,0.494,-1.007,0.57,0.47
2014-12-11,0.476,-1.025,0.58,0.49
2014-12-12,0.446,-1.055,0.49,0.46
2014-12-15,0.449,-1.052,0.888,0.5
2014-12-16,0.392,-1.109,0.838,0.42
2014-12-17,0.397,-1.105,0.908,0.49
2014-12-18,0.436,-1.066,0.988,0.57
2014-12-19,0.423,-1.078,0.938,0.49
2014-12-22,0.417,-1.084,0.938,0.47
2014-12-23,0.411,-1.09,1.028,0.56
2014-12-24,0.411,-1.09,1.038,0.59
2014-12-26,,,1.018,0.58
2014-12-29,0.364,-1.137,0.988,0.57
2014-12-30,0.348,-1.153,0.968,0.56
2014-12-31,0.349,-1.153,0.938,0.49
2015-01-02,0.811,-1.159,0.888,0.41
2015-01-05,0.792,-1.178,0.808,0.4
2015-01-06,0.731,-1.239,0.738,0.41
2015-01-07,0.764,-1.206,0.728,0.39
2015-01-08,0.799,-1.172,0.798,0.41
2015-01-09,0.81,-1.16,0.748,0.36
2015-01-12,0.755,-1.215,0.688,0.35
2015-01-13,0.752,-1.218,0.678,0.37
2015-01-14,0.693,-1.277,0.628,0.29
2015-01-15,0.696,-1.275,1.117,0.19
2015-01-16,0.686,-1.284,1.177,0.23
2015-01-19,0.684,-1.286,,
2015-01-20,0.701,-1.269,1.167,0.23
2015-01-21,0.746,-1.225,1.217,0.26
2015-01-22,0.815,-1.155,1.247,0.29
2015-01-23,0.622,-1.348,1.157,0.21
2015-01-26,0.623,-1.347,1.177,0.22
2015-01-27,0.639,-1.331,1.177,0.17
2015-01-28,0.633,-1.337,1.077,0.12
2015-01-29,0.615,-1.356,1.117,0.15
2015-01-30,0.594,-1.377,1.027,0.03
2015-02-02,0.953,-1.417,1.027,0.03
2015-02-03,0.985,-1.385,1.137,0.09
2015-02-04,1.009,-1.362,1.157,0.1
2015-02-05,1.016,-1.354,1.177,0.13
2015-02-06,1.009,-1.361,1.297,0.24
2015-02-09,1.018,-1.352,1.307,0.25
2015-02-10,1.042,-1.328,1.357,0.31
2015-02-11,1.029,-1.341,1.347,0.32
2015-02-12,1.002,-1.369,1.337,0.33
2015-02-13,0.998,-1.372,1.367,0.34
2015-02-16,1.006,-1.365,,
2015-02-17,1.016,-1.355,2.37,0.43
2015-02-18,1.051,-1.32,2.3,0.36
2015-02-19,1.049,-1.321,2.34,0.37
2015-02-20,1.011,-1.359,2.36,0.38
2015-02-23,1.031,-1.339,2.29,0.34
2015-02-24,1.048,-1.322,2.22,0.27
2015-02-25,0.994,-1.376,2.19,0.24
2015-02-26,0.946,-1.424,2.26,0.24
2015-02-27,0.969,-1.401,2.23,0.17
2015-03-02,0.68,-1.39,2.31,0.25
2015-03-03,0.714,-1.356,2.35,0.26
2015-03-04,0.722,-1.348,2.35,0.25
2015-03-05,0.694,-1.377,2.34,0.27
2015-03-06,0.713,-1.358,2.47,0.41
2015-03-09,0.653,-1.417,2.43,0.44
2015-03-10,0.568,-1.502,2.37,0.41
2015-03-11,0.54,-1.531,2.34,0.39
2015-03-12,0.568,-1.503,2.33,0.39
2015-03-13,0.598,-1.472,2.36,0.44
2015-03-16,0.593,-1.478,2.187,0.45
2015-03-17,0.619,-1.451,2.147,0.42
2015-03-18,0.556,-1.514,2.017,0.23
2015-03-19,0.544,-1.526,2.067,0.19
2015-03-20,0.541,-1.53,2.017,0.17
2015-03-23,0.577,-1.493,2.007,0.17
2015-03-24,0.59,-1.48,1.967,0.11
2015-03-25,0.598,-1.472,2.017,0.12
2015-03-26,0.598,-1.472,2.097,0.21
2015-03-27,0.59,-1.481,2.037,0.19
2015-03-30,0.573,-1.497,2.047,0.23
2015-03-31,0.564,-1.506,2.027,0.18
2015-04-01,0.337,-1.6,1.957,0.07
2015-04-02,0.363,-1.574,2.007,0.11
2015-04-03,,,1.937,0.02
2015-04-06,,,2.007,0.07
2015-04-07,0.369,-1.567,1.977,0.04
2015-04-08,0.356,-1.581,2.007,0.08
2015-04-09,0.338,-1.599,2.057,0.13
2015-04-10,0.336,-1.601,2.047,0.14
2015-04-13,0.327,-1.61,2.027,0.14
2015-04-14,0.31,-1.627,1.987,0.1
2015-04-15,0.273,-1.664,1.932,0.07
2015-04-16,0.253,-1.683,1.922,0.05
2015-04-17,0.238,-1.699,1.892,-0.02
2015-04-20,0.234,-1.703,1.922,0.01
2015-04-21,0.263,-1.674,1.942,0.06
2015-04-22,0.3,-1.637,2.012,0.12
2015-04-23,0.325,-1.612,1.982,0.07
2015-04-24,0.327,-1.609,1.952,0.04
2015-04-27,0.334,-1.603,1.962,0.03
2015-04-28,0.322,-1.615,2.022,0.11
2015-04-29,0.425,-1.512,2.082,0.14
2015-04-30,0.517,-1.42,2.072,0.11
2015-05-01,,,2.142,0.18
2015-05-04,0.282,-1.355,2.182,0.24
2015-05-05,0.34,-1.296,2.212,0.25
2015-05-06,0.429,-1.208,2.272,0.34
2015-05-07,0.457,-1.18,2.202,0.3
2015-05-08,0.422,-1.215,2.182,0.28
2015-05-11,0.457,-1.18,2.302,0.4
2015-05-12,0.574,-1.063,2.302,0.4
2015-05-13,0.538,-1.099,2.292,0.41
2015-05-14,0.59,-1.047,2.252,0.36
2015-05-15,0.538,-1.099,2.244,0.31
2015-05-18,0.546,-1.09,2.334,0.37
2015-05-19,0.509,-1.128,2.374,0.42
2015-05-20,0.5,-1.136,2.364,0.38
2015-05-21,0.525,-1.112,2.294,0.35
2015-05-22,0.509,-1.128,2.314,0.34
2015-05-25,0.508,-1.128,,
2015-05-26,0.478,-1.159,2.244,0.32
2015-05-27,0.459,-1.177,2.244,0.34
2015-05-28,0.428,-1.209,2.234,0.33
2015-05-29,0.409,-1.228,2.224,0.32
2015-06-01,-0.008,-1.244,2.294,0.39
2015-06-02,0.153,-1.084,2.374,0.44
2015-06-03,0.331,-0.906,2.484,0.55
2015-06-04,0.327,-0.91,2.414,0.5
2015-06-05,0.354,-0.883,2.514,0.55
2015-06-08,0.377,-0.86,2.494,0.54
2015-06-09,0.456,-0.78,2.524,0.56
2015-06-10,0.475,-0.761,2.604,0.63
2015-06-11,0.416,-0.82,2.494,0.56
2015-06-12,0.382,-0.855,2.494,0.55
2015-06-15,0.345,-0.892,2.325,0.51
2015-06-16,0.361,-0.876,2.285,0.44
2015-06-17,0.361,-0.876,2.285,0.42
2015-06-18,0.343,-0.893,2.315,0.46
2015-06-19,0.314,-0.923,2.225,0.4
2015-06-22,0.425,-0.812,2.335,0.47
2015-06-23,0.427,-0.81,2.385,0.5
2015-06-24,0.368,-0.868,2.345,0.48
2015-06-25,0.403,-0.834,2.365,0.49
2015-06-26,0.473,-0.764,2.455,0.57
2015-06-29,0.386,-0.851,2.295,0.46
2015-06-30,0.353,-0.884,2.315,0.48
2015-07-01,0.512,-0.845,2.395,0.54
2015-07-02,0.539,-0.818,2.365,0.49
2015-07-03,0.492,-0.865,,
2015-07-06,0.444,-0.913,2.265,0.43
2015-07-07,0.336,-1.021,2.235,0.4
2015-07-08,0.34,-1.017,2.185,0.39
2015-07-09,0.383,-0.974,2.285,0.47
2015-07-10,0.538,-0.819,2.385,0.55
2015-07-13,0.533,-0.823,2.405,0.58
2015-07-14,0.501,-0.856,2.375,0.56
2015-07-15,0.42,-0.937,2.18,0.52
2015-07-16,0.449,-0.908,2.18,0.52
2015-07-17,0.361,-0.995,2.16,0.51
2015-07-20,0.332,-1.024,2.2,0.56
2015-07-21,0.354,-1.003,2.17,0.53
2015-07-22,0.332,-1.024,2.15,0.53
2015-07-23,0.326,-1.031,2.1,0.49
2015-07-24,0.274,-1.082,2.09,0.51
2015-07-27,0.252,-1.105,2.05,0.5
2015-07-28,0.282,-1.075,2.08,0.51
2015-07-29,0.285,-1.072,2.11,0.52
2015-07-30,0.242,-1.114,2.1,0.51
2015-07-31,0.229,-1.128,2.02,0.46
2015-08-03,0.1,-1.157,1.98,0.46
2015-08-04,0.122,-1.134,2.05,0.52
2015-08-05,0.225,-1.032,2.1,0.58
2015-08-06,0.196,-1.061,2.05,0.56
2015-08-07,0.15,-1.106,2.0,0.52
2015-08-10,0.158,-1.099,2.06,0.55
2015-08-11,0.109,-1.148,1.97,0.49
2015-08-12,0.094,-1.163,1.96,0.52
2015-08-13,0.118,-1.139,2.01,0.57
2015-08-14,0.13,-1.127,2.02,0.58
2015-08-17,0.105,-1.152,1.934,0.58
2015-08-18,0.126,-1.13,1.974,0.62
2015-08-19,0.141,-1.116,1.894,0.55
2015-08-20,0.069,-1.188,1.864,0.53
2015-08-21,0.08,-1.176,1.824,0.52
2015-08-24,0.037,-1.22,1.784,0.52
2015-08-25,0.213,-1.044,1.894,0.59
2015-08-26,0.209,-1.048,1.954,0.65
2015-08-27,0.229,-1.028,1.954,0.6
2015-08-28,0.189,-1.068,1.964,0.58
2015-08-31,0.22,-1.037,1.984,0.58
2015-09-01,0.499,-0.958,1.944,0.6
2015-09-02,0.501,-0.956,1.974,0.64
2015-09-03,0.442,-1.015,1.954,0.64
2015-09-04,0.379,-1.078,1.904,0.62
2015-09-07,0.363,-1.094,,
2015-09-08,0.375,-1.082,1.974,0.67
2015-09-09,0.413,-1.044,1.984,0.65
2015-09-10,0.384,-1.073,2.004,0.64
2015-09-11,0.36,-1.097,1.974,0.61
2015-09-14,0.339,-1.118,1.954,0.62
2015-09-15,0.419,-1.038,2.039,0.72
2015-09-16,0.459,-0.998,2.059,0.73
2015-09-17,0.472,-0.985,1.969,0.63
2015-09-18,0.34,-1.117,1.889,0.58
2015-09-21,0.376,-1.08,1.959,0.66
2015-09-22,0.313,-1.144,1.899,0.63
2015-09-23,0.302,-1.155,1.919,0.64
2015-09-24,0.272,-1.185,1.889,0.64
2015-09-25,0.35,-1.107,1.929,0.71
2015-09-28,0.309,-1.148,1.859,0.71
2015-09-29,0.298,-1.158,1.809,0.66
2015-09-30,0.303,-1.153,1.819,0.65
2015-10-01,0.45,-1.212,1.809,0.59
2015-10-02,0.391,-1.271,1.749,0.51
2015-10-05,0.454,-1.209,1.829,0.56
2015-10-06,0.519,-1.144,1.809,0.53
2015-10-07,0.512,-1.151,1.839,0.53
2015-10-08,0.481,-1.181,1.879,0.54
2015-10-09,0.511,-1.151,1.879,0.58
2015-10-12,0.477,-1.185,,
2015-10-13,0.492,-1.171,1.819,0.54
2015-10-14,0.459,-1.204,1.749,0.5
2015-10-15,0.452,-1.211,2.031,0.54
2015-10-16,0.454,-1.208,2.031,0.56
2015-10-19,0.467,-1.196,2.031,0.59
2015-10-20,0.533,-1.129,2.071,0.6
2015-10-21,0.486,-1.176,2.031,0.59
2015-10-22,0.377,-1.286,2.031,0.57
2015-10-23,0.411,-1.252,2.081,0.58
2015-10-26,0.396,-1.267,2.061,0.59
2015-10-27,0.349,-1.314,2.041,0.57
2015-10-28,0.368,-1.295,2.091,0.63
2015-10-29,0.407,-1.255,2.181,0.67
2015-10-30,0.43,-1.233,2.151,0.63
2015-11-02,0.272,-1.19,2.191,0.65
2015-11-03,0.273,-1.189,2.221,0.65
2015-11-04,0.276,-1.187,2.241,0.68
2015-11-05,0.309,-1.154,2.251,0.71
2015-11-06,0.382,-1.08,2.331,0.75
2015-11-09,0.4,-1.063,2.351,0.76
2015-11-10,0.356,-1.107,2.311,0.77
2015-11-11,0.337,-1.126,,
2015-11-12,0.326,-1.137,2.311,0.78
2015-11-13,0.267,-1.196,2.271,0.76
2015-11-16,0.248,-1.214,2.142,0.76
2015-11-17,0.25,-1.213,2.122,0.72
2015-11-18,0.236,-1.227,2.142,0.71
2015-11-19,0.195,-1.267,2.112,0.68
2015-11-20,0.177,-1.286,2.132,0.66
2015-11-23,0.229,-1.233,2.122,0.64
2015-11-24,0.215,-1.248,2.112,0.62
2015-11-25,0.173,-1.29,2.102,0.62
2015-11-26,0.183,-1.279,,
2015-11-27,0.156,-1.307,2.092,0.62
2015-11-30,0.18,-1.282,2.082,0.62
2015-12-01,0.485,-1.278,2.022,0.58
2015-12-02,0.485,-1.278,2.052,0.62
2015-12-03,0.61,-1.153,2.202,0.72
2015-12-04,0.689,-1.074,2.152,0.68
2015-12-07,0.613,-1.149,2.102,0.67
2015-12-08,0.587,-1.176,2.112,0.68
2015-12-09,0.596,-1.166,2.092,0.69
2015-12-10,0.592,-1.17,2.112,0.73
2015-12-11,0.545,-1.218,2.002,0.67
2015-12-14,0.587,-1.175,2.102,0.78
2015-12-15,0.667,-1.096,1.844,0.8
2015-12-16,0.678,-1.084,1.864,0.84
2015-12-17,0.632,-1.131,1.804,0.77
2015-12-18,0.573,-1.189,1.754,0.73
2015-12-21,0.569,-1.194,1.764,0.75
2015-12-22,0.606,-1.157,1.804,0.78
2015-12-23,0.653,-1.109,1.834,0.76
2015-12-24,,,1.814,0.73
2015-12-28,0.637,-1.126,1.804,0.74
2015-12-29,0.669,-1.094,1.884,0.79
2015-12-30,0.669,-1.094,1.874,0.77
2015-12-31,,,1.834,0.73
2016-01-04,0.503,-1.099,1.804,0.69
2016-01-05,0.496,-1.105,1.814,0.69
2016-01-06,0.464,-1.138,1.744,0.65
2016-01-07,0.501,-1.1,1.724,0.66
2016-01-08,0.476,-1.125,1.694,0.65
2016-01-11,0.503,-1.098,1.734,0.72
2016-01-12,0.526,-1.075,1.684,0.69
2016-01-13,0.476,-1.125,1.644,0.65
2016-01-14,0.446,-1.156,1.664,0.67
2016-01-15,0.429,-1.172,1.391,0.67
2016-01-18,0.432,-1.169,,
2016-01-19,0.445,-1.156,1.421,0.68
2016-01-20,0.386,-1.215,1.371,0.69
2016-01-21,0.336,-1.266,1.381,0.74
2016-01-22,0.391,-1.21,1.431,0.72
2016-01-25,0.371,-1.231,1.391,0.69
2016-01-26,0.344,-1.257,1.371,0.65
2016-01-27,0.351,-1.25,1.381,0.62
2016-01-28,0.298,-1.303,1.361,0.58
2016-01-29,0.239,-1.362,1.301,0.53
2016-02-01,0.13,-1.372,1.331,0.57
2016-02-02,0.105,-1.396,1.231,0.51
2016-02-03,0.106,-1.396,1.241,0.5
2016-02-04,0.101,-1.4,1.231,0.51
2016-02-05,0.11,-1.392,1.221,0.53
2016-02-08,0.046,-1.455,1.111,0.52
2016-02-09,0.06,-1.442,1.101,0.53
2016-02-10,0.058,-1.443,1.071,0.5
2016-02-11,0.011,-1.491,0.991,0.45
2016-02-12,0.036,-1.466,1.101,0.49
2016-02-15,0.061,-1.44,,
2016-02-16,0.085,-1.416,0.542,0.53
2016-02-17,0.077,-1.424,0.572,0.53
2016-02-18,0.032,-1.469,0.512,0.51
2016-02-19,-0.001,-1.503,0.522,0.5
2016-02-22,-0.007,-1.508,0.532,0.46
2016-02-23,0.025,-1.477,0.502,0.42
2016-02-24,-0.058,-1.559,0.512,0.39
2016-02-25,-0.042,-1.543,0.472,0.32
2016-02-26,-0.043,-1.544,0.522,0.35
2016-02-29,-0.081,-1.583,0.502,0.32
2016-03-01,0.352,-1.549,0.592,0.35
2016-03-02,0.409,-1.493,0.602,0.33
2016-03-03,0.411,-1.491,0.592,0.3
2016-03-04,0.427,-1.475,0.642,0.37
2016-03-07,0.429,-1.473,0.672,0.43
2016-03-08,0.389,-1.512,0.592,0.37
2016-03-09,0.444,-1.457,0.662,0.39
2016-03-10,0.421,-1.481,0.692,0.45
2016-03-11,0.47,-1.432,0.742,0.44
2016-03-14,0.457,-1.445,0.732,0.45
2016-03-15,0.506,-1.396,1.123,0.47
2016-03-16,0.477,-1.425,1.093,0.36
2016-03-17,0.433,-1.469,1.063,0.34
2016-03-18,0.402,-1.499,1.033,0.27
2016-03-21,0.422,-1.48,1.073,0.28
2016-03-22,0.419,-1.482,1.093,0.31
2016-03-23,0.432,-1.47,1.033,0.3
2016-03-24,0.386,-1.515,1.063,0.34
2016-03-28,,,1.043,0.33
2016-03-29,0.349,-1.553,0.963,0.2
2016-03-30,0.366,-1.535,0.983,0.18
2016-03-31,0.363,-1.539,0.933,0.16
2016-04-01,0.225,-1.59,0.943,0.17
2016-04-04,0.227,-1.588,0.933,0.14
2016-04-05,0.182,-1.633,0.883,0.14
2016-04-06,0.21,-1.605,0.913,0.17
2016-04-07,0.186,-1.629,0.853,0.12
2016-04-08,0.195,-1.62,0.873,0.14
2016-04-11,0.234,-1.581,0.883,0.17
2016-04-12,0.201,-1.614,0.943,0.22
2016-04-13,0.204,-1.611,0.923,0.21
2016-04-14,0.205,-1.61,0.953,0.24
2016-04-15,0.186,-1.629,0.868,0.2
2016-04-18,0.202,-1.613,0.888,0.21
2016-04-19,0.228,-1.587,0.898,0.19
2016-04-20,0.201,-1.614,0.958,0.23
2016-04-21,0.261,-1.554,0.988,0.24
2016-04-22,0.288,-1.526,0.998,0.25
2016-04-25,0.327,-1.488,1.018,0.26
2016-04-26,0.345,-1.47,1.048,0.27
2016-04-27,0.357,-1.458,0.978,0.19
2016-04-28,0.318,-1.497,0.948,0.12
2016-04-29,0.343,-1.472,0.938,0.12
2016-05-02,0.629,-1.486,0.988,0.2
2016-05-03,0.554,-1.561,0.918,0.17
2016-05-04,0.577,-1.538,0.898,0.16
2016-05-05,0.542,-1.573,0.868,0.13
2016-05-06,0.521,-1.594,0.898,0.18
2016-05-09,0.497,-1.618,0.878,0.18
2016-05-10,0.472,-1.643,0.878,0.15
2016-05-11,0.47,-1.645,0.838,0.14
2016-05-12,0.497,-1.618,0.858,0.15
2016-05-13,0.49,-1.625,0.818,0.13
2016-05-16,0.501,-1.614,0.577,0.15
2016-05-17,0.487,-1.628,0.587,0.15
2016-05-18,0.534,-1.581,0.697,0.26
2016-05-19,0.509,-1.606,0.677,0.29
2016-05-20,0.528,-1.587,0.677,0.29
2016-05-23,0.529,-1.586,0.667,0.3
2016-05-24,0.522,-1.593,0.687,0.31
2016-05-25,0.504,-1.611,0.697,0.29
2016-05-26,0.499,-1.616,0.657,0.25
2016-05-27,0.471,-1.644,0.677,0.27
2016-05-30,0.524,-1.591,,
2016-05-31,0.522,-1.593,0.667,0.3
2016-06-01,0.276,-1.639,0.677,0.31
2016-06-02,0.276,-1.639,0.637,0.27
2016-06-03,0.224,-1.691,0.537,0.19
2016-06-06,0.231,-1.684,0.557,0.19
2016-06-07,0.206,-1.709,0.547,0.15
2016-06-08,0.197,-1.718,0.537,0.12
2016-06-09,0.16,-1.755,0.507,0.12
2016-06-10,0.147,-1.768,0.467,0.12
2016-06-13,0.158,-1.757,0.447,0.15
2016-06-14,0.137,-1.778,0.447,0.17
2016-06-15,0.131,-1.784,0.522,0.13
2016-06-16,0.119,-1.796,0.492,0.15
2016-06-17,0.148,-1.767,0.542,0.2
2016-06-20,0.184,-1.731,0.592,0.24
2016-06-21,0.174,-1.741,0.632,0.28
2016-06-22,0.19,-1.725,0.612,0.25
2016-06-23,0.212,-1.703,0.662,0.24
2016-06-24,0.075,-1.839,0.492,0.15
2016-06-27,0.03,-1.885,0.382,0.12
2016-06-28,0.036,-1.879,0.382,0.09
2016-06-29,0.006,-1.909,0.422,0.1
2016-06-30,-0.004,-1.919,0.412,0.09
2016-07-01,-0.21,-1.908,0.382,0.03
2016-07-04,-0.207,-1.906,,
2016-07-05,-0.24,-1.938,0.292,-0.03
2016-07-06,-0.255,-1.953,0.302,-0.05
2016-07-07,-0.231,-1.93,0.322,-0.03
2016-07-08,-0.26,-1.959,0.292,-0.06
2016-07-11,-0.262,-1.961,0.352,0.01
2016-07-12,-0.195,-1.893,0.452,0.07
2016-07-13,-0.224,-1.923,0.402,0.03
2016-07-14,-0.165,-1.864,0.452,0.08
2016-07-15,-0.157,-1.855,0.521,0.11
2016-07-18,-0.175,-1.874,0.511,0.1
2016-07-19,-0.167,-1.865,0.481,0.12
2016-07-20,-0.16,-1.858,0.511,0.13
2016-07-21,-0.136,-1.835,0.491,0.05
2016-07-22,-0.153,-1.851,0.491,0.06
2016-07-25,-0.188,-1.887,0.501,0.08
2016-07-26,-0.184,-1.883,0.491,0.07
2016-07-27,-0.208,-1.907,0.441,0.03
2016-07-28,-0.222,-1.92,0.441,0.0
2016-07-29,-0.252,-1.95,0.381,-0.03
2016-08-01,-0.354,-1.953,0.431,0.05
2016-08-02,-0.28,-1.879,0.471,0.11
2016-08-03,-0.294,-1.892,0.471,0.09
2016-08-04,-0.336,-1.935,0.431,0.04
2016-08-05,-0.314,-1.912,0.511,0.09
2016-08-08,-0.288,-1.887,0.511,0.08
2016-08-09,-0.314,-1.912,0.471,0.06
2016-08-10,-0.346,-1.945,0.421,0.06
2016-08-11,-0.347,-1.945,0.491,0.1
2016-08-12,-0.349,-1.948,0.431,0.07
2016-08-15,-0.314,-1.913,0.682,0.1
2016-08-16,-0.297,-1.896,0.702,0.13
2016-08-17,-0.295,-1.893,0.692,0.09
2016-08-18,-0.329,-1.927,0.662,0.06
2016-08-19,-0.308,-1.907,0.712,0.1
2016-08-22,-0.322,-1.921,0.682,0.08
2016-08-23,-0.338,-1.937,0.682,0.07
2016-08-24,-0.327,-1.926,0.692,0.08
2016-08-25,-0.298,-1.897,0.712,0.09
2016-08-26,-0.31,-1.909,0.752,0.15
2016-08-29,-0.304,-1.903,0.702,0.11
2016-08-30,-0.324,-1.923,0.702,0.11
2016-08-31,-0.318,-1.916,0.712,0.11
2016-09-01,-0.268,-1.867,0.702,0.12
2016-09-02,-0.272,-1.871,0.732,0.13
2016-09-05,-0.272,-1.871,,
2016-09-06,-0.305,-1.904,0.682,0.06
2016-09-07,-0.356,-1.955,0.672,0.03
2016-09-08,-0.326,-1.924,0.742,0.09
2016-09-09,-0.225,-1.824,0.802,0.17
2016-09-12,-0.203,-1.801,0.812,0.17
2016-09-13,-0.202,-1.801,0.862,0.24
2016-09-14,-0.201,-1.8,0.832,0.21
2016-09-15,-0.17,-1.769,0.655,0.22
2016-09-16,-0.207,-1.806,0.645,0.19
2016-09-19,-0.203,-1.801,0.645,0.2
2016-09-20,-0.239,-1.838,0.635,0.2
2016-09-21,-0.225,-1.824,0.605,0.15
2016-09-22,-0.297,-1.895,0.575,0.08
2016-09-23,-0.303,-1.901,0.565,0.05
2016-09-26,-0.329,-1.928,0.535,0.05
2016-09-27,-0.364,-1.962,0.505,0.04
2016-09-28,-0.366,-1.965,0.515,0.01
2016-09-29,-0.342,-1.941,0.505,0.02
2016-09-30,-0.362,-1.961,0.545,0.0
2016-10-03,-0.538,-1.963,0.575,0.0
2016-10-04,-0.515,-1.94,0.635,0.07
2016-10-05,-0.46,-1.885,0.665,0.1
2016-10-06,-0.428,-1.853,0.695,0.11
2016-10-07,-0.425,-1.85,0.675,0.1
2016-10-10,-0.374,-1.799,,
2016-10-11,-0.377,-1.802,0.715,0.13
2016-10-12,-0.362,-1.787,0.735,0.15
2016-10-13,-0.395,-1.82,0.695,0.12
2016-10-14,-0.367,-1.792,0.745,0.13
2016-10-17,-0.361,-1.786,0.221,0.09
2016-10-18,-0.374,-1.799,0.201,0.09
2016-10-19,-0.402,-1.827,0.211,0.08
2016-10-20,-0.407,-1.832,0.211,0.08
2016-10-21,-0.425,-1.85,0.191,0.07
2016-10-24,-0.407,-1.832,0.221,0.11
2016-10-25,-0.39,-1.815,0.221,0.07
2016-10-26,-0.33,-1.755,0.241,0.08
2016-10-27,-0.252,-1.677,0.301,0.13
2016-10-28,-0.244,-1.669,0.311,0.13
2016-10-31,-0.257,-1.682,0.291,0.11
2016-11-01,-0.323,-1.648,0.281,0.11
2016-11-02,-0.359,-1.684,0.261,0.11
2016-11-03,-0.338,-1.663,0.271,0.14
2016-11-04,-0.381,-1.706,0.241,0.11
2016-11-07,-0.357,-1.682,0.281,0.12
2016-11-08,-0.354,-1.679,0.331,0.15
2016-11-09,-0.335,-1.66,0.521,0.25
2016-11-10,-0.196,-1.521,0.601,0.27
2016-11-11,-0.187,-1.512,,
2016-11-14,-0.138,-1.463,0.681,0.4
2016-11-15,-0.174,-1.499,0.544,0.41
2016-11-16,-0.161,-1.486,0.534,0.39
2016-11-17,-0.174,-1.499,0.604,0.42
2016-11-18,-0.208,-1.533,0.654,0.44
2016-11-21,-0.186,-1.511,0.644,0.42
2016-11-22,-0.233,-1.558,0.624,0.41
2016-11-23,-0.171,-1.496,0.674,0.44
2016-11-24,-0.206,-1.531,,
2016-11-25,-0.214,-1.539,0.674,0.47
2016-11-28,-0.258,-1.583,0.634,0.47
2016-11-29,-0.228,-1.553,0.614,0.44
2016-11-30,-0.226,-1.551,0.684,0.43
2016-12-01,-0.252,-1.477,0.764,0.48
2016-12-02,-0.225,-1.45,0.714,0.49
2016-12-05,-0.216,-1.441,0.704,0.45
2016-12-06,-0.22,-1.445,0.704,0.44
2016-12-07,-0.208,-1.433,0.654,0.42
2016-12-08,-0.17,-1.395,0.714,0.45
2016-12-09,-0.207,-1.432,0.784,0.51
2016-12-12,-0.132,-1.357,0.804,0.51
2016-12-13,-0.189,-1.414,0.794,0.53
2016-12-14,-0.226,-1.451,0.854,0.6
2016-12-15,-0.188,-1.413,0.916,0.7
2016-12-16,-0.237,-1.462,0.916,0.74
2016-12-19,-0.257,-1.482,0.856,0.68
2016-12-20,-0.277,-1.502,0.886,0.67
2016-12-21,-0.29,-1.515,0.866,0.64
2016-12-22,-0.282,-1.507,0.866,0.6
2016-12-23,-0.315,-1.54,0.866,0.58
2016-12-27,-0.331,-1.556,0.886,0.58
2016-12-28,-0.344,-1.569,0.826,0.56
2016-12-29,-0.353,-1.578,0.806,0.55
2016-12-30,-0.342,-1.567,0.766,0.5
2017-01-02,-0.873,-1.595,,
2017-01-03,-0.784,-1.506,0.766,0.47
2017-01-04,-0.772,-1.494,0.776,0.47
2017-01-05,-0.756,-1.477,0.686,0.42
2017-01-06,-0.755,-1.477,0.736,0.46
2017-01-09,-0.753,-1.475,0.696,0.43
2017-01-10,-0.753,-1.475,0.696,0.43
2017-01-11,-0.781,-1.503,0.696,0.39
2017-01-12,-0.781,-1.503,0.676,0.38
2017-01-13,-0.771,-1.493,0.716,0.41
2017-01-16,-0.765,-1.487,,
2017-01-17,-0.811,-1.533,0.279,0.36
2017-01-18,-0.743,-1.465,0.369,0.42
2017-01-19,-0.698,-1.42,0.419,0.43
2017-01-20,-0.686,-1.408,0.429,0.44
2017-01-23,-0.678,-1.399,0.359,0.39
2017-01-24,-0.682,-1.404,0.419,0.41
2017-01-25,-0.611,-1.333,0.479,0.45
2017-01-26,-0.605,-1.327,0.459,0.43
2017-01-27,-0.603,-1.325,0.439,0.41
2017-01-30,-0.607,-1.329,0.439,0.42
2017-01-31,-0.603,-1.325,0.399,0.4
2017-02-01,-1.187,-1.309,0.429,0.43
2017-02-02,-1.243,-1.365,0.429,0.43
2017-02-03,-1.227,-1.349,0.439,0.44
2017-02-06,-1.292,-1.414,0.369,0.4
2017-02-07,-1.253,-1.375,0.349,0.4
2017-02-08,-1.321,-1.443,0.289,0.38
2017-02-09,-1.34,-1.462,0.349,0.41
2017-02-10,-1.301,-1.423,0.359,0.4
2017-02-13,-1.301,-1.423,0.379,0.43
2017-02-14,-1.302,-1.424,0.419,0.46
2017-02-15,-1.256,-1.378,-0.0,0.45
2017-02-16,-1.283,-1.405,-0.06,0.43
2017-02-17,-1.344,-1.466,-0.09,0.41
2017-02-20,-1.329,-1.451,,
2017-02-21,-1.313,-1.435,-0.08,0.4
2017-02-22,-1.391,-1.513,-0.09,0.38
2017-02-23,-1.406,-1.528,-0.13,0.35
2017-02-24,-1.449,-1.571,-0.2,0.31
2017-02-27,-1.46,-1.582,-0.15,0.35
2017-02-28,-1.448,-1.57,-0.15,0.34
2017-03-01,-1.695,-1.517,-0.05,0.43
2017-03-02,-1.655,-1.477,-0.02,0.48
2017-03-03,-1.615,-1.437,-0.02,0.45
2017-03-06,-1.628,-1.45,-0.02,0.48
2017-03-07,-1.628,-1.45,0.01,0.49
2017-03-08,-1.579,-1.401,0.06,0.56
2017-03-09,-1.568,-1.39,0.09,0.6
2017-03-10,-1.496,-1.318,0.07,0.57
2017-03-13,-1.491,-1.313,0.11,0.61
2017-03-14,-1.504,-1.326,0.09,0.61
2017-03-15,-1.533,-1.355,-0.3,0.5
2017-03-16,-1.502,-1.324,-0.28,0.51
2017-03-17,-1.511,-1.333,-0.31,0.49
2017-03-20,-1.514,-1.336,-0.34,0.47
2017-03-21,-1.49,-1.312,-0.38,0.45
2017-03-22,-1.562,-1.384,-0.41,0.43
2017-03-23,-1.56,-1.382,-0.4,0.46
2017-03-24,-1.55,-1.372,-0.41,0.42
2017-03-27,-1.577,-1.399,-0.43,0.41
2017-03-28,-1.573,-1.395,-0.39,0.45
2017-03-29,-1.6,-1.422,-0.42,0.41
2017-03-30,-1.608,-1.43,-0.39,0.46
2017-03-31,-1.619,-1.441,-0.41,0.43
2017-04-03,-1.131,-1.432,-0.46,0.39
2017-04-04,-1.195,-1.496,-0.45,0.4
2017-04-05,-1.175,-1.475,-0.47,0.37
2017-04-06,-1.192,-1.493,-0.47,0.39
2017-04-07,-1.226,-1.527,-0.43,0.44
2017-04-10,-1.222,-1.523,-0.44,0.44
2017-04-11,-1.222,-1.523,-0.49,0.41
2017-04-12,-1.231,-1.531,-0.53,0.38
2017-04-13,-1.265,-1.566,-0.57,0.32
2017-04-17,,,-0.181,0.38
2017-04-18,-1.256,-1.557,-0.261,0.33
2017-04-19,-1.249,-1.549,-0.231,0.36
2017-04-20,-1.2,-1.501,-0.201,0.39
2017-04-21,-1.197,-1.498,-0.201,0.4
2017-04-24,-1.1,-1.401,-0.161,0.41
2017-04-25,-1.09,-1.39,-0.091,0.44
2017-04-26,-1.083,-1.384,-0.121,0.42
2017-04-27,-1.121,-1.421,-0.141,0.39
2017-04-28,-1.118,-1.419,-0.151,0.37
2017-05-01,,,-0.111,0.41
2017-05-02,-1.525,-1.425,-0.151,0.41
2017-05-03,-1.526,-1.427,-0.111,0.46
2017-05-04,-1.467,-1.367,-0.081,0.5
2017-05-05,-1.446,-1.347,-0.081,0.5
2017-05-08,-1.432,-1.333,-0.051,0.53
2017-05-09,-1.405,-1.305,-0.021,0.56
2017-05-10,-1.443,-1.344,-0.031,0.56
2017-05-11,-1.411,-1.311,-0.051,0.51
2017-05-12,-1.444,-1.344,-0.111,0.49
2017-05-15,-1.42,-1.321,0.164,0.52
2017-05-16,-1.408,-1.309,0.154,0.51
2017-05-17,-1.449,-1.349,0.044,0.44
2017-05-18,-1.495,-1.396,0.054,0.43
2017-05-19,-1.464,-1.365,0.054,0.41
2017-05-22,-1.442,-1.343,0.074,0.43
2017-05-23,-1.435,-1.335,0.114,0.46
2017-05-24,-1.434,-1.335,0.084,0.45
2017-05-25,-1.467,-1.368,0.074,0.45
2017-05-26,-1.497,-1.397,0.074,0.44
2017-05-29,-1.525,-1.426,,
2017-05-30,-1.531,-1.431,0.034,0.4
2017-05-31,-1.538,-1.439,0.034,0.4
2017-06-01,-1.011,-1.412,0.034,0.4
2017-06-02,-1.047,-1.447,-0.026,0.36
2017-06-05,-1.033,-1.434,0.004,0.39
2017-06-06,-1.054,-1.455,-0.036,0.37
2017-06-07,-1.061,-1.461,0.004,0.4
2017-06-08,-1.056,-1.456,0.014,0.41
2017-06-09,-1.048,-1.448,0.034,0.43
2017-06-12,-1.066,-1.466,0.034,0.46
2017-06-13,-1.055,-1.456,0.034,0.46
2017-06-14,-1.077,-1.478,-0.026,0.44
2017-06-15,-1.027,-1.428,0.304,0.49
2017-06-16,-1.042,-1.442,0.304,0.49
2017-06-19,-1.034,-1.435,0.334,0.52
2017-06-20,-1.057,-1.458,0.304,0.5
2017-06-21,-1.06,-1.46,0.304,0.5
2017-06-22,-1.077,-1.477,0.294,0.46
2017-06-23,-1.069,-1.469,0.294,0.45
2017-06-26,-1.083,-1.484,0.284,0.43
2017-06-27,-1.003,-1.404,0.354,0.5
2017-06-28,-0.954,-1.355,0.364,0.49
2017-06-29,-0.892,-1.292,0.414,0.55
2017-06-30,-0.859,-1.26,0.454,0.58
2017-07-03,-0.771,-1.304,0.494,0.6
2017-07-04,-0.754,-1.287,,
2017-07-05,-0.735,-1.268,0.474,0.58
2017-07-06,-0.665,-1.198,0.514,0.61
2017-07-07,-0.65,-1.184,0.534,0.66
2017-07-10,-0.667,-1.2,0.524,0.66
2017-07-11,-0.658,-1.191,0.514,0.62
2017-07-12,-0.688,-1.221,0.474,0.57
2017-07-13,-0.69,-1.223,0.494,0.58
2017-07-14,-0.705,-1.239,0.474,0.57
2017-07-17,-0.699,-1.233,0.669,0.54
2017-07-18,-0.713,-1.247,0.629,0.51
2017-07-19,-0.737,-1.271,0.629,0.51
2017-07-20,-0.741,-1.274,0.629,0.5
2017-07-21,-0.765,-1.298,0.599,0.48
2017-07-24,-0.773,-1.306,0.619,0.48
2017-07-25,-0.72,-1.253,0.689,0.52
2017-07-26,-0.719,-1.252,0.649,0.49
2017-07-27,-0.742,-1.276,0.679,0.49
2017-07-28,-0.714,-1.247,0.659,0.47
2017-07-31,-0.723,-1.256,0.659,0.48
2017-08-01,-0.755,-1.289,0.619,0.47
2017-08-02,-0.783,-1.316,0.629,0.48
2017-08-03,-0.799,-1.332,0.599,0.46
2017-08-04,-0.797,-1.331,0.629,0.47
2017-08-07,-0.801,-1.334,0.619,0.46
2017-08-08,-0.8,-1.333,0.649,0.46
2017-08-09,-0.846,-1.38,0.599,0.42
2017-08-10,-0.856,-1.389,0.559,0.4
2017-08-11,-0.884,-1.417,0.549,0.4
2017-08-14,-0.855,-1.388,0.579,0.45
2017-08-15,-0.827,-1.36,0.545,0.49
2017-08-16,-0.819,-1.352,0.505,0.45
2017-08-17,-0.827,-1.36,0.465,0.42
2017-08-18,-0.873,-1.406,0.465,0.43
2017-08-21,-0.869,-1.403,0.455,0.43
2017-08-22,-0.859,-1.393,0.495,0.45
2017-08-23,-0.882,-1.415,0.445,0.42
2017-08-24,-0.898,-1.432,0.465,0.44
2017-08-25,-0.876,-1.41,0.445,0.42
2017-08-28,-0.894,-1.428,0.435,0.41
2017-08-29,-0.93,-1.464,0.405,0.39
2017-08-30,-0.9,-1.433,0.425,0.39
2017-08-31,-0.915,-1.449,0.395,0.36
2017-09-01,-1.08,-1.414,0.435,0.37
2017-09-04,-1.093,-1.427,,
2017-09-05,-1.107,-1.441,0.345,0.3
2017-09-06,-1.121,-1.455,0.375,0.32
2017-09-07,-1.14,-1.474,0.325,0.26
2017-09-08,-1.136,-1.469,0.335,0.25
2017-09-11,-1.125,-1.459,0.415,0.31
2017-09-12,-1.082,-1.416,0.445,0.33
2017-09-13,-1.052,-1.385,0.475,0.35
2017-09-14,-1.044,-1.378,0.475,0.35
2017-09-15,-1.023,-1.357,0.272,0.35
2017-09-18,-0.997,-1.331,0.302,0.36
2017-09-19,-1.014,-1.347,0.312,0.37
2017-09-20,-1.025,-1.358,0.352,0.43
2017-09-21,-1.007,-1.34,0.342,0.44
2017-09-22,-1.008,-1.341,0.332,0.42
2017-09-25,-1.036,-1.369,0.292,0.38
2017-09-26,-1.04,-1.373,0.312,0.4
2017-09-27,-0.982,-1.316,0.382,0.44
2017-09-28,-0.97,-1.304,0.382,0.44
2017-09-29,-0.984,-1.317,0.402,0.49
2017-10-02,-1.107,-1.387,0.412,0.51
2017-10-03,-1.085,-1.365,0.402,0.49
2017-10-04,-1.111,-1.392,0.402,0.48
2017-10-05,-1.104,-1.384,0.422,0.49
2017-10-06,-1.05,-1.33,0.442,0.5
2017-10-09,-1.104,-1.385,,
2017-10-10,-1.098,-1.379,0.422,0.47
2017-10-11,-1.092,-1.372,0.422,0.46
2017-10-12,-1.1,-1.381,0.402,0.44
2017-10-13,-1.139,-1.419,0.352,0.43
2017-10-16,-1.164,-1.444,0.119,0.46
2017-10-17,-1.18,-1.46,0.119,0.48
2017-10-18,-1.159,-1.439,0.159,0.5
2017-10-19,-1.157,-1.437,0.149,0.49
2017-10-20,-1.095,-1.375,0.209,0.52
2017-10-23,-1.118,-1.398,0.199,0.52
2017-10-24,-1.075,-1.356,0.239,0.55
2017-10-25,-1.057,-1.338,0.259,0.56
2017-10-26,-1.098,-1.378,0.279,0.57
2017-10-27,-1.126,-1.407,0.239,0.54
2017-10-30,-1.162,-1.443,0.189,0.5
2017-10-31,-1.161,-1.442,0.199,0.5
2017-11-01,-0.963,-1.444,0.189,0.49
2017-11-02,-0.955,-1.435,0.169,0.48
2017-11-03,-0.981,-1.461,0.159,0.48
2017-11-06,-1.0,-1.48,0.139,0.46
2017-11-07,-0.994,-1.475,0.139,0.44
2017-11-08,-1.02,-1.501,0.139,0.45
2017-11-09,-0.964,-1.444,0.149,0.46
2017-11-10,-0.941,-1.421,0.219,0.52
2017-11-13,-0.925,-1.405,0.219,0.52
2017-11-14,-0.921,-1.402,0.199,0.51
2017-11-15,-0.976,-1.457,0.309,0.48
2017-11-16,-0.959,-1.44,0.349,0.53
2017-11-17,-0.961,-1.441,0.329,0.49
2017-11-20,-0.972,-1.452,0.349,0.52
2017-11-21,-0.983,-1.464,0.339,0.52
2017-11-22,-0.974,-1.455,0.299,0.48
2017-11-23,-0.985,-1.465,,
2017-11-24,-0.972,-1.453,0.319,0.5
2017-11-27,-0.979,-1.459,0.299,0.49
2017-11-28,-0.987,-1.467,0.319,0.5
2017-11-29,-0.942,-1.422,0.349,0.53
2017-11-30,-0.963,-1.443,0.399,0.56
2017-12-01,-1.099,-1.48,0.349,0.51
2017-12-04,-1.102,-1.483,0.349,0.5
2017-12-05,-1.108,-1.488,0.339,0.5
2017-12-06,-1.144,-1.524,0.309,0.47
2017-12-07,-1.136,-1.517,0.349,0.5
2017-12-08,-1.129,-1.509,0.359,0.5
2017-12-11,-1.136,-1.517,0.369,0.51
2017-12-12,-1.119,-1.5,0.379,0.51
2017-12-13,-1.112,-1.493,0.339,0.48
2017-12-14,-1.096,-1.477,0.329,0.48
2017-12-15,-1.127,-1.507,0.178,0.47
2017-12-18,-1.125,-1.506,0.218,0.5
2017-12-19,-1.065,-1.445,0.288,0.55
2017-12-20,-1.013,-1.393,0.318,0.57
2017-12-21,-0.995,-1.376,0.308,0.55
2017-12-22,-1.007,-1.387,0.308,0.54
2017-12-26,,,0.298,0.53
2017-12-27,-1.027,-1.408,0.248,0.48
2017-12-28,-1.0,-1.381,0.258,0.47
2017-12-29,-0.978,-1.358,0.228,0.44
2018-01-02,-0.762,-1.317,0.288,0.46
2018-01-03,-0.778,-1.333,0.268,0.46
2018-01-04,-0.767,-1.322,0.288,0.45
2018-01-05,-0.777,-1.331,0.298,0.46
2018-01-08,-0.793,-1.348,0.318,0.47
2018-01-09,-0.771,-1.326,0.378,0.52
2018-01-10,-0.732,-1.287,0.378,0.52
2018-01-11,-0.68,-1.235,0.368,0.54
2018-01-12,-0.681,-1.236,0.378,0.54
2018-01-15,-0.69,-1.245,,
2018-01-16,-0.714,-1.269,0.41,0.51
2018-01-17,-0.714,-1.269,0.44,0.53
2018-01-18,-0.688,-1.243,0.49,0.57
2018-01-19,-0.685,-1.24,0.51,0.58
2018-01-22,-0.682,-1.236,0.53,0.6
2018-01-23,-0.703,-1.258,0.5,0.57
2018-01-24,-0.671,-1.225,0.52,0.58
2018-01-25,-0.632,-1.187,0.5,0.56
2018-01-26,-0.638,-1.193,0.53,0.57
2018-01-29,-0.575,-1.13,0.57,0.61
2018-01-30,-0.567,-1.122,0.6,0.63
2018-01-31,-0.59,-1.145,0.59,0.61
2018-02-01,-0.552,-1.107,0.65,0.67
2018-02-02,-0.511,-1.066,0.71,0.7
2018-02-05,-0.532,-1.087,0.64,0.67
2018-02-06,-0.553,-1.108,0.66,0.69
2018-02-07,-0.542,-1.097,0.71,0.74
2018-02-08,-0.465,-1.019,0.72,0.76
2018-02-09,-0.507,-1.062,0.7,0.78
2018-02-12,-0.502,-1.057,0.73,0.79
2018-02-13,-0.51,-1.064,0.7,0.78
2018-02-14,-0.489,-1.044,0.78,0.82
2018-02-15,-0.482,-1.037,0.749,0.79
2018-02-16,-0.532,-1.087,0.719,0.78
2018-02-19,-0.502,-1.057,,
2018-02-20,-0.518,-1.072,0.729,0.78
2018-02-21,-0.528,-1.083,0.789,0.82
2018-02-22,-0.536,-1.091,0.769,0.81
2018-02-23,-0.585,-1.139,0.729,0.76
2018-02-26,-0.598,-1.153,0.709,0.73
2018-02-27,-0.579,-1.134,0.749,0.77
2018-02-28,-0.591,-1.146,0.719,0.75
2018-03-01,-0.414,-1.169,0.659,0.71
2018-03-02,-0.425,-1.18,0.709,0.74
2018-03-05,-0.419,-1.174,0.729,0.75
2018-03-06,-0.373,-1.128,0.729,0.76
2018-03-07,-0.387,-1.142,0.739,0.76
2018-03-08,-0.4,-1.155,0.709,0.75
2018-03-09,-0.398,-1.153,0.749,0.78
2018-03-12,-0.419,-1.174,0.719,0.77
2018-03-13,-0.415,-1.17,0.689,0.75
2018-03-14,-0.436,-1.191,0.659,0.74
2018-03-15,-0.473,-1.228,0.557,0.74
2018-03-16,-0.465,-1.22,0.587,0.77
2018-03-19,-0.465,-1.22,0.587,0.77
2018-03-20,-0.461,-1.216,0.627,0.81
2018-03-21,-0.452,-1.206,0.627,0.8
2018-03-22,-0.524,-1.279,0.567,0.75
2018-03-23,-0.513,-1.267,0.557,0.75
2018-03-26,-0.516,-1.271,0.587,0.77
2018-03-27,-0.538,-1.293,0.517,0.71
2018-03-28,-0.549,-1.304,0.507,0.72
2018-03-29,-0.552,-1.306,0.477,0.69
2018-04-02,,,0.467,0.68
2018-04-03,-0.848,-1.32,0.527,0.71
2018-04-04,-0.853,-1.324,0.527,0.71
2018-04-05,-0.83,-1.302,0.567,0.75
2018-04-06,-0.84,-1.312,0.507,0.7
2018-04-09,-0.839,-1.311,0.517,0.71
2018-04-10,-0.835,-1.307,0.537,0.72
2018-04-11,-0.848,-1.32,0.527,0.68
2018-04-12,-0.834,-1.305,0.567,0.7
2018-04-13,-0.823,-1.295,0.557,0.69
2018-04-16,-0.824,-1.296,0.499,0.71
2018-04-17,-0.831,-1.303,0.489,0.68
2018-04-18,-0.829,-1.301,0.539,0.71
2018-04-19,-0.764,-1.236,0.589,0.75
2018-04-20,-0.742,-1.214,0.629,0.79
2018-04-23,-0.723,-1.195,0.649,0.8
2018-04-24,-0.705,-1.177,0.669,0.83
2018-04-25,-0.71,-1.182,0.699,0.86
2018-04-26,-0.729,-1.201,0.669,0.82
2018-04-27,-0.777,-1.249,0.629,0.79
2018-04-30,-0.771,-1.243,0.619,0.78
2018-05-01,,,0.639,0.81
2018-05-02,-0.567,-1.239,0.639,0.8
2018-05-03,-0.594,-1.265,0.609,0.78
2018-05-04,-0.598,-1.27,0.619,0.79
2018-05-07,-0.614,-1.286,0.619,0.78
2018-05-08,-0.589,-1.26,0.639,0.81
2018-05-09,-0.571,-1.243,0.669,0.82
2018-05-10,-0.598,-1.27,0.639,0.8
2018-05-11,-0.578,-1.249,0.639,0.82
2018-05-14,-0.529,-1.201,0.669,0.85
2018-05-15,-0.5,-1.172,0.609,0.9
2018-05-16,-0.531,-1.202,0.619,0.92
2018-05-17,-0.516,-1.188,0.639,0.95
2018-05-18,-0.521,-1.193,0.589,0.91
2018-05-21,-0.578,-1.25,0.589,0.9
2018-05-22,-0.58,-1.252,0.589,0.91
2018-05-23,-0.616,-1.288,0.539,0.87
2018-05-24,-0.659,-1.331,0.509,0.86
2018-05-25,-0.727,-1.399,0.459,0.84
2018-05-28,-0.769,-1.441,,
2018-05-29,-0.791,-1.463,0.299,0.73
2018-05-30,-0.8,-1.471,0.369,0.78
2018-05-31,-0.798,-1.469,0.359,0.76
2018-06-01,-1.539,-1.411,0.419,0.8
2018-06-04,-1.521,-1.393,0.469,0.82
2018-06-05,-1.543,-1.414,0.449,0.79
2018-06-06,-1.469,-1.341,0.499,0.83
2018-06-07,-1.43,-1.301,0.459,0.8
2018-06-08,-1.473,-1.345,0.459,0.82
2018-06-11,-1.422,-1.293,0.489,0.83
2018-06-12,-1.42,-1.292,0.489,0.83
2018-06-13,-1.455,-1.327,0.509,0.86
2018-06-14,-1.477,-1.348,0.469,0.82
2018-06-15,-1.524,-1.396,0.148,0.81
2018-06-18,-1.526,-1.398,0.138,0.8
2018-06-19,-1.563,-1.434,0.108,0.77
2018-06-20,-1.546,-1.417,0.148,0.81
2018-06-21,-1.579,-1.451,0.118,0.79
2018-06-22,-1.582,-1.454,0.118,0.78
2018-06-25,-1.59,-1.461,0.088,0.77
2018-06-26,-1.58,-1.452,0.098,0.76
2018-06-27,-1.596,-1.468,0.048,0.72
2018-06-28,-1.616,-1.488,0.058,0.74
2018-06-29,-1.621,-1.493,0.068,0.74
2018-07-02,-1.627,-1.506,0.088,0.73
2018-07-03,-1.632,-1.511,0.048,0.71
2018-07-04,-1.634,-1.512,,
2018-07-05,-1.627,-1.505,0.058,0.71
2018-07-06,-1.638,-1.516,0.038,0.7
2018-07-09,-1.611,-1.489,0.078,0.73
2018-07-10,-1.609,-1.488,0.088,0.74
2018-07-11,-1.618,-1.496,0.068,0.74
2018-07-12,-1.631,-1.51,0.068,0.75
2018-07-13,-1.649,-1.527,0.048,0.72
2018-07-16,-1.62,-1.498,0.042,0.75
2018-07-17,-1.636,-1.514,0.052,0.77
2018-07-18,-1.647,-1.525,0.072,0.79
2018-07-19,-1.65,-1.528,0.032,0.75
2018-07-20,-1.626,-1.505,0.082,0.78
2018-07-23,-1.587,-1.465,0.152,0.85
2018-07-24,-1.577,-1.455,0.142,0.84
2018-07-25,-1.59,-1.468,0.132,0.81
2018-07-26,-1.591,-1.47,0.172,0.87
2018-07-27,-1.581,-1.46,0.152,0.84
2018-07-30,-1.533,-1.412,0.172,0.85
2018-07-31,-1.545,-1.423,0.152,0.84
2018-08-01,-1.7,-1.379,0.192,0.87
2018-08-02,-1.713,-1.391,0.172,0.86
2018-08-03,-1.767,-1.446,0.142,0.83
2018-08-06,-1.788,-1.467,0.132,0.83
2018-08-07,-1.768,-1.446,0.172,0.85
2018-08-08,-1.773,-1.451,0.152,0.85
2018-08-09,-1.8,-1.478,0.122,0.82
2018-08-10,-1.849,-1.527,0.062,0.78
2018-08-13,-1.848,-1.526,0.072,0.78
2018-08-14,-1.852,-1.53,0.082,0.8
2018-08-15,-1.865,-1.544,0.006,0.78
2018-08-16,-1.865,-1.544,0.016,0.79
2018-08-17,-1.876,-1.554,0.016,0.79
2018-08-20,-1.876,-1.554,-0.034,0.75
2018-08-21,-1.845,-1.523,-0.004,0.77
2018-08-22,-1.842,-1.52,-0.034,0.74
2018-08-23,-1.83,-1.508,-0.034,0.73
2018-08-24,-1.813,-1.492,-0.034,0.73
2018-08-27,-1.794,-1.472,-0.004,0.74
2018-08-28,-1.783,-1.462,0.026,0.77
2018-08-29,-1.757,-1.436,0.036,0.77
2018-08-30,-1.808,-1.486,0.006,0.76
2018-08-31,-1.828,-1.506,0.006,0.78
2018-09-03,-1.734,-1.512,,
2018-09-04,-1.721,-1.5,0.046,0.8
2018-09-05,-1.672,-1.45,0.046,0.81
2018-09-06,-1.696,-1.474,0.026,0.8
2018-09-07,-1.68,-1.458,0.086,0.84
2018-09-10,-1.663,-1.442,0.086,0.84
2018-09-11,-1.635,-1.413,0.126,0.86
2018-09-12,-1.668,-1.446,0.116,0.85
2018-09-13,-1.638,-1.417,0.116,0.87
2018-09-14,-1.617,-1.395,0.136,0.89
2018-09-17,-1.609,-1.387,0.347,0.89
2018-09-18,-1.596,-1.374,0.407,0.92
2018-09-19,-1.581,-1.359,0.437,0.93
2018-09-20,-1.58,-1.358,0.427,0.92
2018-09-21,-1.607,-1.385,0.427,0.92
2018-09-24,-1.56,-1.338,0.437,0.92
2018-09-25,-1.535,-1.313,0.457,0.94
2018-09-26,-1.537,-1.315,0.417,0.92
2018-09-27,-1.551,-1.33,0.417,0.91
2018-09-28,-1.591,-1.369,0.407,0.91
2018-10-01,-1.561,-1.342,0.447,0.95
2018-10-02,-1.622,-1.403,0.407,0.93
2018-10-03,-1.601,-1.383,0.507,0.99
2018-10-04,-1.537,-1.318,0.547,1.03
2018-10-05,-1.504,-1.286,0.587,1.07
2018-10-08,-1.515,-1.297,,
2018-10-09,-1.509,-1.291,0.567,1.04
2018-10-10,-1.498,-1.279,0.577,1.06
2018-10-11,-1.521,-1.302,0.497,1.02
2018-10-12,-1.543,-1.325,0.507,1.03
2018-10-15,-1.551,-1.332,0.828,1.03
2018-10-16,-1.565,-1.346,0.828,1.03
2018-10-17,-1.585,-1.366,0.858,1.06
2018-10-18,-1.589,-1.371,0.838,1.07
2018-10-19,-1.615,-1.397,0.868,1.09
2018-10-22,-1.609,-1.39,0.868,1.09
2018-10-23,-1.635,-1.417,0.838,1.08
2018-10-24,-1.647,-1.429,0.768,1.03
2018-10-25,-1.65,-1.431,0.808,1.09
2018-10-26,-1.689,-1.47,0.748,1.02
2018-10-29,-1.652,-1.434,0.748,1.02
2018-10-30,-1.675,-1.456,0.788,1.07
2018-10-31,-1.666,-1.447,0.818,1.1
2018-11-01,-1.843,-1.424,0.808,1.12
2018-11-02,-1.815,-1.397,0.888,1.16
2018-11-05,-1.819,-1.4,0.868,1.14
2018-11-06,-1.818,-1.399,0.888,1.15
2018-11-07,-1.802,-1.383,0.888,1.15
2018-11-08,-1.792,-1.374,0.908,1.17
2018-11-09,-1.827,-1.408,0.858,1.15
2018-11-12,-1.853,-1.435,,
2018-11-13,-1.844,-1.425,0.808,1.12
2018-11-14,-1.828,-1.409,0.788,1.12
2018-11-15,-1.876,-1.458,0.618,1.11
2018-11-16,-1.869,-1.45,0.588,1.06
2018-11-19,-1.853,-1.435,0.568,1.07
2018-11-20,-1.886,-1.467,0.568,1.09
2018-11-21,-1.87,-1.451,0.568,1.09
2018-11-22,-1.862,-1.443,,
2018-11-23,-1.897,-1.478,0.558,1.09
2018-11-26,-1.872,-1.453,0.578,1.11
2018-11-27,-1.89,-1.472,0.568,1.15
2018-11-28,-1.882,-1.464,0.568,1.12
2018-11-29,-1.912,-1.493,0.538,1.05
2018-11-30,-1.931,-1.512,0.518,1.04
2018-12-03,-1.527,-1.509,0.488,1.02
2018-12-04,-1.555,-1.537,0.418,0.97
2018-12-05,-1.569,-1.55,,
2018-12-06,-1.605,-1.587,0.378,0.97
2018-12-07,-1.571,-1.552,0.358,0.96
2018-12-10,-1.591,-1.572,0.358,0.99
2018-12-11,-1.599,-1.58,0.398,1.06
2018-12-12,-1.581,-1.562,0.418,1.08
2018-12-13,-1.585,-1.566,0.418,1.08
2018-12-14,-1.58,-1.562,0.398,1.07
2018-12-17,-1.578,-1.56,0.713,1.05
2018-12-18,-1.59,-1.571,0.673,1.01
2018-12-19,-1.595,-1.577,0.623,0.97
2018-12-20,-1.615,-1.596,0.643,1.03
2018-12-21,-1.598,-1.579,0.643,1.02
2018-12-24,,,0.593,0.99
2018-12-26,,,0.663,1.04
2018-12-27,-1.596,-1.577,0.623,1.03
2018-12-28,-1.584,-1.565,0.573,0.99
2018-12-31,,,0.543,0.98
2019-01-02,-1.272,-1.592,0.513,0.96
2019-01-03,-1.254,-1.573,0.413,0.88
2019-01-04,-1.225,-1.545,0.523,0.91
2019-01-07,-1.211,-1.531,0.553,0.92
2019-01-08,-1.189,-1.509,0.583,0.91
2019-01-09,-1.199,-1.518,0.593,0.91
2019-01-10,-1.233,-1.552,0.593,0.93
2019-01-11,-1.251,-1.571,0.563,0.88
2019-01-14,-1.257,-1.577,0.563,0.9
2019-01-15,-1.261,-1.581,0.718,0.91
2019-01-16,-1.242,-1.561,0.728,0.91
2019-01-17,-1.233,-1.552,0.748,0.96
2019-01-18,-1.219,-1.538,0.788,0.96
2019-01-21,-1.212,-1.531,,
2019-01-22,-1.232,-1.551,0.738,0.95
2019-01-23,-1.235,-1.554,0.758,0.96
2019-01-24,-1.284,-1.603,0.718,0.95
2019-01-25,-1.275,-1.595,0.758,0.97
2019-01-28,-1.271,-1.59,0.748,0.97
2019-01-29,-1.273,-1.593,0.718,0.94
2019-01-30,-1.285,-1.604,0.698,0.86
2019-01-31,-1.312,-1.632,0.628,0.78
2019-02-01,-1.212,-1.632,0.698,0.82
2019-02-04,-1.194,-1.614,0.728,0.86
2019-02-05,-1.184,-1.604,0.708,0.84
2019-02-06,-1.205,-1.624,0.698,0.84
2019-02-07,-1.253,-1.672,0.648,0.81
2019-02-08,-1.279,-1.699,0.628,0.81
2019-02-11,-1.251,-1.67,0.648,0.83
2019-02-12,-1.222,-1.642,0.678,0.85
2019-02-13,-1.222,-1.641,0.708,0.85
2019-02-14,-1.265,-1.685,0.658,0.81
2019-02-15,-1.251,-1.67,1.172,0.8
2019-02-18,-1.243,-1.663,,
2019-02-19,-1.246,-1.665,1.162,0.78
2019-02-20,-1.255,-1.674,1.162,0.76
2019-02-21,-1.216,-1.636,1.202,0.78
2019-02-22,-1.252,-1.672,1.162,0.74
2019-02-25,-1.242,-1.661,1.182,0.75
2019-02-26,-1.24,-1.659,1.152,0.72
2019-02-27,-1.203,-1.623,1.202,0.76
2019-02-28,-1.172,-1.591,1.242,0.78
2019-03-01,-1.245,-1.565,1.272,0.8
2019-03-04,-1.275,-1.595,1.232,0.78
2019-03-05,-1.283,-1.603,1.232,0.79
2019-03-06,-1.319,-1.638,1.202,0.78
2019-03-07,-1.369,-1.688,1.152,0.74
2019-03-08,-1.378,-1.697,1.132,0.72
2019-03-11,-1.391,-1.71,1.152,0.73
2019-03-12,-1.385,-1.705,1.122,0.71
2019-03-13,-1.385,-1.705,1.122,0.69
2019-03-14,-1.37,-1.689,1.142,0.69
2019-03-15,-1.369,-1.688,1.071,0.65
2019-03-18,-1.366,-1.685,1.081,0.64
2019-03-19,-1.343,-1.662,1.091,0.66
2019-03-20,-1.363,-1.683,1.021,0.58
2019-03-21,-1.407,-1.727,1.021,0.58
2019-03-22,-1.484,-1.804,0.921,0.54
2019-03-25,-1.467,-1.787,0.911,0.55
2019-03-26,-1.472,-1.791,0.891,0.55
2019-03-27,-1.534,-1.853,0.871,0.55
2019-03-28,-1.523,-1.843,0.871,0.56
2019-03-29,-1.513,-1.833,0.891,0.53
2019-04-01,-1.392,-1.787,0.971,0.59
2019-04-02,-1.389,-1.784,0.961,0.58
2019-04-03,-1.344,-1.739,1.001,0.61
2019-04-04,-1.356,-1.751,0.991,0.61
2019-04-05,-1.35,-1.745,0.981,0.6
2019-04-08,-1.348,-1.743,1.001,0.61
2019-04-09,-1.361,-1.755,0.991,0.6
2019-04-10,-1.387,-1.782,0.961,0.54
2019-04-11,-1.369,-1.764,0.991,0.57
2019-04-12,-1.31,-1.705,1.041,0.61
2019-04-15,-1.285,-1.68,0.667,0.61
2019-04-16,-1.293,-1.688,0.717,0.64
2019-04-17,-1.273,-1.667,0.707,0.65
2019-04-18,-1.327,-1.722,0.687,0.62
2019-04-22,,,0.707,0.64
2019-04-23,-1.315,-1.71,0.687,0.62
2019-04-24,-1.361,-1.756,0.647,0.57
2019-04-25,-1.361,-1.756,0.657,0.56
2019-04-26,-1.37,-1.764,0.627,0.54
2019-04-29,-1.344,-1.739,0.657,0.58
2019-04-30,-1.324,-1.719,0.627,0.56
2019-05-01,,,0.637,0.59
2019-05-02,-1.641,-1.736,0.667,0.66
2019-05-03,-1.635,-1.73,0.657,0.63
2019-05-06,-1.638,-1.733,0.627,0.6
2019-05-07,-1.681,-1.776,0.567,0.58
2019-05-08,-1.698,-1.793,0.607,0.62
2019-05-09,-1.705,-1.8,0.567,0.6
2019-05-10,-1.679,-1.774,0.587,0.59
2019-05-13,-1.701,-1.796,0.517,0.55
2019-05-14,-1.717,-1.812,0.537,0.56
2019-05-15,-1.754,-1.849,0.369,0.54
2019-05-16,-1.728,-1.823,0.399,0.56
2019-05-17,-1.745,-1.839,0.389,0.58
2019-05-20,-1.728,-1.823,0.409,0.6
2019-05-21,-1.711,-1.806,0.429,0.6
2019-05-22,-1.716,-1.811,0.389,0.6
2019-05-23,-1.751,-1.845,0.309,0.58
2019-05-24,-1.746,-1.841,0.319,0.56
2019-05-27,-1.773,-1.868,,
2019-05-28,-1.785,-1.88,0.259,0.53
2019-05-29,-1.81,-1.905,0.249,0.5
2019-05-30,-1.799,-1.893,0.219,0.48
2019-05-31,-1.832,-1.927,0.139,0.4
2019-06-03,-1.344,-1.939,0.069,0.34
2019-06-04,-1.346,-1.941,0.119,0.38
2019-06-05,-1.367,-1.962,0.119,0.37
2019-06-06,-1.367,-1.962,0.119,0.39
2019-06-07,-1.406,-2.001,0.089,0.35
2019-06-10,-1.362,-1.956,0.149,0.42
2019-06-11,-1.373,-1.968,0.149,0.43
2019-06-12,-1.375,-1.97,0.129,0.42
2019-06-13,-1.384,-1.979,0.099,0.42
2019-06-14,-1.393,-1.987,0.089,0.46
2019-06-17,-1.38,-1.975,0.294,0.48
2019-06-18,-1.454,-2.049,0.264,0.42
2019-06-19,-1.428,-2.023,0.234,0.36
2019-06-20,-1.459,-2.054,0.214,0.27
2019-06-21,-1.421,-2.016,0.274,0.34
2019-06-24,-1.436,-2.031,0.224,0.31
2019-06-25,-1.467,-2.062,0.204,0.33
2019-06-26,-1.455,-2.05,0.254,0.35
2019-06-27,-1.448,-2.043,0.214,0.33
2019-06-28,-1.459,-2.054,0.204,0.31
2019-07-01,-1.582,-2.019,0.234,0.34
2019-07-02,-1.596,-2.033,0.184,0.33
2019-07-03,-1.623,-2.06,0.164,0.31
2019-07-04,-1.639,-2.075,,
2019-07-05,-1.581,-2.018,0.244,0.35
2019-07-08,-1.619,-2.055,0.254,0.35
2019-07-09,-1.583,-2.02,0.274,0.36
2019-07-10,-1.532,-1.969,0.274,0.33
2019-07-11,-1.505,-1.942,0.334,0.36
2019-07-12,-1.48,-1.917,0.324,0.35
2019-07-15,-1.524,-1.961,0.419,0.32
2019-07-16,-1.53,-1.967,0.459,0.33
2019-07-17,-1.566,-2.003,0.389,0.31
2019-07-18,-1.573,-2.01,0.369,0.25
2019-07-19,-1.594,-2.031,0.379,0.25
2019-07-22,-1.608,-2.045,0.379,0.26
2019-07-23,-1.619,-2.056,0.409,0.27
2019-07-24,-1.656,-2.092,0.379,0.26
2019-07-25,-1.613,-2.05,0.409,0.28
2019-07-26,-1.644,-2.08,0.409,0.3
2019-07-29,-1.67,-2.107,0.389,0.29
2019-07-30,-1.673,-2.11,0.389,0.28
2019-07-31,-1.69,-2.127,0.349,0.26
2019-08-01,-1.419,-2.156,0.229,0.2
2019-08-02,-1.452,-2.189,0.189,0.2
2019-08-05,-1.49,-2.227,0.079,0.15
2019-08-06,-1.504,-2.241,0.059,0.11
2019-08-07,-1.578,-2.315,0.039,0.09
2019-08-08,-1.527,-2.264,0.049,0.07
2019-08-09,-1.539,-2.276,0.069,0.08
2019-08-12,-1.557,-2.294,-0.021,0.04
2019-08-13,-1.567,-2.303,0.009,0.05
2019-08-14,-1.615,-2.352,-0.081,0.02
2019-08-15,-1.656,-2.393,-0.306,-0.02
2019-08-16,-1.669,-2.406,-0.276,0.01
2019-08-19,-1.604,-2.34,-0.226,0.04
2019-08-20,-1.659,-2.396,-0.276,0.02
2019-08-21,-1.632,-2.369,-0.236,0.05
2019-08-22,-1.601,-2.338,-0.206,0.07
2019-08-23,-1.607,-2.344,-0.306,-0.02
2019-08-26,-1.62,-2.357,-0.286,0.0
2019-08-27,-1.642,-2.379,-0.336,-0.06
2019-08-28,-1.68,-2.417,-0.356,-0.08
2019-08-29,-1.657,-2.394,-0.326,-0.09
2019-08-30,-1.653,-2.39,-0.326,-0.05
2019-09-02,-1.646,-2.383,,
2019-09-03,-1.656,-2.393,-0.356,-0.03
2019-09-04,-1.609,-2.346,-0.356,-0.04
2019-09-05,-1.54,-2.277,-0.256,0.01
2019-09-06,-1.588,-2.324,-0.276,0.01
2019-09-09,-1.53,-2.267,-0.196,0.06
2019-09-10,-1.526,-2.263,-0.106,0.12
2019-09-11,-1.522,-2.259,-0.076,0.15
2019-09-12,-1.526,-2.263,-0.036,0.16
2019-09-13,-1.443,-2.18,0.074,0.23
2019-09-16,-1.43,-2.167,0.102,0.17
2019-09-17,-1.436,-2.172,0.072,0.15
2019-09-18,-1.456,-2.192,0.062,0.21
2019-09-19,-1.456,-2.193,0.052,0.18
2019-09-20,-1.473,-2.21,0.002,0.13
2019-09-23,-1.539,-2.276,-0.018,0.11
2019-09-24,-1.541,-2.278,-0.098,0.06
2019-09-25,-1.563,-2.299,-0.008,0.13
2019-09-26,-1.533,-2.27,-0.038,0.13
2019-09-27,-1.541,-2.277,-0.048,0.16
2019-09-30,-1.521,-2.258,-0.058,0.15
2019-10-01,-1.291,-2.162,-0.088,0.13
2019-10-02,-1.289,-2.16,-0.138,0.1
2019-10-03,-1.345,-2.216,-0.198,0.06
2019-10-04,-1.34,-2.21,-0.218,0.02
2019-10-07,-1.336,-2.206,-0.178,0.05
2019-10-08,-1.346,-2.217,-0.198,0.06
2019-10-09,-1.32,-2.19,-0.148,0.1
2019-10-10,-1.236,-2.106,-0.068,0.15
2019-10-11,-1.205,-2.075,0.022,0.2
2019-10-14,-1.211,-2.082,,
2019-10-15,-1.22,-2.091,0.086,0.21
2019-10-16,-1.141,-2.011,0.066,0.18
2019-10-17,-1.153,-2.024,0.076,0.17
2019-10-18,-1.132,-2.003,0.076,0.16
2019-10-21,-1.098,-1.968,0.116,0.19
2019-10-22,-1.126,-1.997,0.096,0.17
2019-10-23,-1.153,-2.023,0.086,0.16
2019-10-24,-1.154,-2.025,0.086,0.15
2019-10-25,-1.128,-1.999,0.116,0.15
2019-10-28,-1.081,-1.951,0.166,0.21
2019-10-29,-1.101,-1.972,0.156,0.23
2019-10-30,-1.111,-1.981,0.096,0.21
2019-10-31,-1.165,-2.035,0.006,0.15
2019-11-01,-1.044,-2.015,0.046,0.14
2019-11-04,-1.002,-1.973,0.106,0.15
2019-11-05,-0.971,-1.942,0.176,0.18
2019-11-06,-0.979,-1.949,0.126,0.15
2019-11-07,-0.92,-1.891,0.236,0.23
2019-11-08,-0.91,-1.881,0.256,0.23
2019-11-11,-0.912,-1.883,,
2019-11-12,-0.898,-1.868,0.236,0.22
2019-11-13,-0.952,-1.922,0.196,0.22
2019-11-14,-0.987,-1.957,0.136,0.2
2019-11-15,-0.987,-1.958,0.106,0.21
2019-11-18,-0.99,-1.961,0.076,0.18
2019-11-19,-0.984,-1.955,0.056,0.16
2019-11-20,-1.011,-1.981,-0.004,0.13
2019-11-21,-0.973,-1.943,0.036,0.14
2019-11-22,-0.997,-1.968,0.036,0.15
2019-11-25,-1.006,-1.977,0.026,0.14
2019-11-26,-1.027,-1.998,0.006,0.12
2019-11-27,-1.012,-1.983,0.036,0.14
2019-11-28,-1.01,-1.981,,
2019-11-29,-0.997,-1.968,0.046,0.17
2019-12-02,-1.226,-1.896,0.096,0.18
2019-12-03,-1.274,-1.944,-0.014,0.09
2019-12-04,-1.28,-1.951,0.036,0.11
2019-12-05,-1.229,-1.899,0.066,0.13
2019-12-06,-1.235,-1.906,0.106,0.15
2019-12-09,-1.249,-1.92,0.096,0.14
2019-12-10,-1.232,-1.903,0.116,0.14
2019-12-11,-1.25,-1.921,0.056,0.1
2019-12-12,-1.233,-1.903,0.166,0.18
2019-12-13,-1.209,-1.88,0.086,0.12
2019-12-16,-1.234,-1.904,-0.202,0.16
2019-12-17,-1.226,-1.897,-0.202,0.14
2019-12-18,-1.195,-1.866,-0.172,0.16
2019-12-19,-1.159,-1.829,-0.172,0.15
2019-12-20,-1.175,-1.846,-0.172,0.15
2019-12-23,-1.184,-1.854,-0.162,0.18
2019-12-24,,,-0.192,0.15
2019-12-26,,,-0.192,0.16
2019-12-27,-1.191,-1.862,-0.212,0.15
2019-12-30,-1.142,-1.812,-0.192,0.15
2019-12-31,,,-0.172,0.15
2020-01-02,-1.474,-1.831,-0.212,0.08
2020-01-03,-1.523,-1.88,-0.292,0.03
2020-01-06,-1.547,-1.904,-0.282,0.06
2020-01-07,-1.532,-1.889,-0.262,0.09
2020-01-08,-1.505,-1.862,-0.222,0.12
2020-01-09,-1.47,-1.827,-0.242,0.11
2020-01-10,-1.472,-1.829,-0.262,0.07
2020-01-13,-1.441,-1.798,-0.242,0.08
2020-01-14,-1.458,-1.815,-0.272,0.05
2020-01-15,-1.484,-1.841,-0.53,0.04
2020-01-16,-1.495,-1.852,-0.51,0.07
2020-01-17,-1.488,-1.845,-0.48,0.09
2020-01-20,-1.496,-1.853,,
2020-01-21,-1.502,-1.859,-0.54,0.04
2020-01-22,-1.541,-1.898,-0.55,0.05
2020-01-23,-1.575,-1.932,-0.58,0.04
2020-01-24,-1.589,-1.946,-0.62,0.02
2020-01-27,-1.647,-2.004,-0.71,-0.02
2020-01-28,-1.635,-1.992,-0.67,0.0
2020-01-29,-1.645,-2.002,-0.72,-0.04
2020-01-30,-1.664,-2.02,-0.75,-0.07
2020-01-31,-1.698,-2.055,-0.81,-0.14
2020-02-03,-1.803,-2.06,-0.78,-0.09
2020-02-04,-1.756,-2.013,-0.71,-0.03
2020-02-05,-1.725,-1.982,-0.66,0.0
2020-02-06,-1.712,-1.969,-0.67,-0.02
2020-02-07,-1.757,-2.014,-0.73,-0.07
2020-02-10,-1.761,-2.018,-0.76,-0.1
2020-02-11,-1.759,-2.015,-0.73,-0.06
2020-02-12,-1.743,-2.0,-0.7,-0.04
2020-02-13,-1.748,-2.005,-0.71,-0.06
2020-02-14,-1.771,-2.027,-0.73,-0.07
2020-02-17,-1.764,-2.021,,
2020-02-18,-1.763,-2.02,-1.05,-0.1
2020-02-19,-1.771,-2.028,-1.04,-0.09
2020-02-20,-1.792,-2.049,-1.08,-0.11
2020-02-21,-1.811,-2.068,-1.14,-0.15
2020-02-24,-1.84,-2.097,-1.22,-0.21
2020-02-25,-1.855,-2.111,-1.27,-0.2
2020-02-26,-1.85,-2.107,-1.27,-0.21
2020-02-27,-1.903,-2.16,-1.3,-0.23
2020-02-28,-1.972,-2.229,-1.47,-0.28
2020-03-02,-1.788,-2.245,-1.5,-0.31
2020-03-03,-1.756,-2.213,-1.58,-0.43
2020-03-04,-1.786,-2.243,-1.58,-0.44
2020-03-05,-1.821,-2.278,-1.68,-0.48
2020-03-06,-1.891,-2.348,-1.86,-0.57
2020-03-09,-2.015,-2.472,-2.06,-0.45
2020-03-10,-1.94,-2.397,-1.84,-0.24
2020-03-11,-1.903,-2.359,-1.78,-0.14
2020-03-12,-1.882,-2.339,-1.72,-0.04
2020-03-13,-1.696,-2.153,-1.66,0.04
2020-03-16,-1.593,-2.05,-1.611,0.0
2020-03-17,-1.557,-2.014,-1.321,0.39
2020-03-18,-1.378,-1.835,-1.161,0.55
2020-03-19,-1.307,-1.764,-1.221,0.62
2020-03-20,-1.448,-1.905,-1.421,0.17
2020-03-23,-1.491,-1.948,-1.581,-0.04
2020-03-24,-1.466,-1.923,-1.501,-0.13
2020-03-25,-1.438,-1.895,-1.461,-0.19
2020-03-26,-1.469,-1.926,-1.511,-0.24
2020-03-27,-1.595,-2.052,-1.621,-0.22
2020-03-30,-1.651,-2.107,-1.641,-0.25
2020-03-31,-1.614,-2.071,-1.641,-0.17
2020-04-01,-1.079,-2.048,-1.721,-0.29
2020-04-02,-1.062,-2.031,-1.711,-0.4
2020-04-03,-1.068,-2.037,-1.721,-0.46
2020-04-06,-1.033,-2.001,-1.671,-0.47
2020-04-07,-0.949,-1.918,-1.591,-0.42
2020-04-08,-0.919,-1.888,-1.571,-0.42
2020-04-09,-0.952,-1.921,-1.611,-0.5
2020-04-13,,,-1.581,-0.5
2020-04-14,-0.999,-1.968,-1.581,-0.53
2020-04-15,-1.076,-2.045,-0.864,-0.56
2020-04-16,-1.074,-2.043,-0.884,-0.42
2020-04-17,-1.071,-2.04,-0.844,-0.36
2020-04-20,-1.047,-2.016,-0.864,-0.31
2020-04-21,-1.07,-2.039,-0.914,-0.38
2020-04-22,-1.033,-2.002,-0.864,-0.43
2020-04-23,-1.036,-2.005,-0.884,-0.44
2020-04-24,-1.063,-2.031,-0.894,-0.51
2020-04-27,-1.056,-2.024,-0.824,-0.5
2020-04-28,-1.072,-2.041,-0.874,-0.52
2020-04-29,-1.112,-2.081,-0.864,-0.51
2020-04-30,-1.158,-2.126,-0.854,-0.43
2020-05-01,,,-0.854,-0.42
2020-05-04,-0.745,-2.113,-0.854,-0.43
2020-05-05,-0.75,-2.118,-0.834,-0.44
2020-05-06,-0.718,-2.086,-0.774,-0.38
2020-05-07,-0.715,-2.084,-0.864,-0.45
2020-05-08,-0.72,-2.089,-0.804,-0.43
2020-05-11,-0.708,-2.076,-0.764,-0.4
2020-05-12,-0.688,-2.056,-0.804,-0.4
2020-05-13,-0.723,-2.091,-0.854,-0.43
2020-05-14,-0.748,-2.117,-0.864,-0.43
2020-05-15,-0.758,-2.127,0.327,-0.45
2020-05-18,-0.717,-2.086,0.417,-0.44
2020-05-19,-0.675,-2.044,0.387,-0.45
2020-05-20,-0.702,-2.071,0.367,-0.48
2020-05-21,-0.71,-2.079,0.367,-0.46
2020-05-22,-0.699,-2.068,0.347,-0.46
2020-05-25,-0.703,-2.072,,
2020-05-26,-0.648,-2.016,0.377,-0.44
2020-05-27,-0.63,-1.999,0.367,-0.46
2020-05-28,-0.64,-2.009,0.387,-0.48
2020-05-29,-0.659,-2.028,0.337,-0.5
2020-06-01,-0.418,-1.987,0.347,-0.52
2020-06-02,-0.431,-2.0,0.367,-0.5
2020-06-03,-0.387,-1.956,0.457,-0.44
2020-06-04,-0.347,-1.915,0.507,-0.4
2020-06-05,-0.301,-1.87,0.597,-0.36
2020-06-08,-0.34,-1.909,0.567,-0.4
2020-06-09,-0.357,-1.926,0.527,-0.42
2020-06-10,-0.358,-1.927,0.437,-0.52
2020-06-11,-0.44,-2.009,0.347,-0.55
2020-06-12,-0.455,-2.024,0.397,-0.5
2020-06-15,-0.475,-2.043,0.512,-0.52
2020-06-16,-0.45,-2.019,0.552,-0.52
2020-06-17,-0.463,-2.032,0.542,-0.52
2020-06-18,-0.48,-2.049,0.512,-0.57
2020-06-19,-0.487,-2.056,0.502,-0.6
2020-06-22,-0.524,-2.092,0.512,-0.63
2020-06-23,-0.485,-2.054,0.522,-0.66
2020-06-24,-0.479,-2.047,0.492,-0.64
2020-06-25,-0.532,-2.1,0.482,-0.65
2020-06-26,-0.53,-2.099,0.442,-0.68
2020-06-29,-0.521,-2.089,0.442,-0.7
2020-06-30,-0.551,-2.12,0.462,-0.68
2020-07-01,-0.665,-2.012,0.492,-0.68
2020-07-02,-0.687,-2.034,0.482,-0.73
2020-07-03,-0.701,-2.049,,
2020-07-06,-0.693,-2.04,0.492,-0.76
2020-07-07,-0.696,-2.044,0.452,-0.78
2020-07-08,-0.705,-2.052,0.472,-0.75
2020-07-09,-0.723,-2.071,0.422,-0.77
2020-07-10,-0.752,-2.1,0.452,-0.76
2020-07-13,-0.689,-2.036,0.442,-0.78
2020-07-14,-0.713,-2.061,0.432,-0.78
2020-07-15,-0.694,-2.041,-0.077,-0.77
2020-07-16,-0.733,-2.081,-0.097,-0.79
2020-07-17,-0.728,-2.076,-0.077,-0.82
2020-07-20,-0.745,-2.093,-0.097,-0.84
2020-07-21,-0.729,-2.077,-0.107,-0.87
2020-07-22,-0.765,-2.113,-0.117,-0.88
2020-07-23,-0.757,-2.104,-0.127,-0.9
2020-07-24,-0.725,-2.073,-0.127,-0.92
2020-07-27,-0.76,-2.107,-0.097,-0.9
2020-07-28,-0.775,-2.122,-0.127,-0.92
2020-07-29,-0.779,-2.126,-0.137,-0.95
2020-07-30,-0.826,-2.173,-0.167,-0.97
2020-07-31,-0.793,-2.141,-0.167,-1.0
2020-08-03,-0.879,-2.127,-0.157,-1.02
2020-08-04,-0.933,-2.18,-0.197,-1.05
2020-08-05,-0.883,-2.131,-0.167,-1.06
2020-08-06,-0.92,-2.167,-0.167,-1.08
2020-08-07,-0.907,-2.155,-0.147,-1.04
2020-08-10,-0.907,-2.154,-0.127,-1.02
2020-08-11,-0.853,-2.1,-0.077,-0.99
2020-08-12,-0.836,-2.083,-0.027,-0.98
2020-08-13,-0.791,-2.038,-0.007,-0.96
2020-08-14,-0.795,-2.043,-0.007,-0.94
2020-08-17,-0.802,-2.05,-0.307,-0.97
2020-08-18,-0.823,-2.07,-0.327,-1.01
2020-08-19,-0.846,-2.094,-0.317,-0.99
2020-08-20,-0.886,-2.134,-0.347,-0.97
2020-08-21,-0.876,-2.124,-0.357,-1.0
2020-08-24,-0.878,-2.126,-0.347,-1.02
2020-08-25,-0.812,-2.06,-0.307,-1.01
2020-08-26,-0.791,-2.038,-0.307,-1.03
2020-08-27,-0.77,-2.018,-0.257,-0.99
2020-08-28,-0.79,-2.038,-0.257,-1.03
2020-08-31,-0.771,-2.018,-0.277,-1.08
2020-09-01,-0.174,-2.022,-0.317,-1.08
2020-09-02,-0.227,-2.075,-0.337,-1.07
2020-09-03,-0.26,-2.108,-0.367,-1.02
2020-09-04,-0.243,-2.09,-0.277,-0.98
2020-09-07,-0.234,-2.082,,
2020-09-08,-0.265,-2.113,-0.307,-0.99
2020-09-09,-0.236,-2.083,-0.287,-1.0
2020-09-10,-0.209,-2.056,-0.317,-1.01
2020-09-11,-0.236,-2.083,-0.327,-0.98
2020-09-14,-0.264,-2.111,-0.317,-0.97
2020-09-15,-0.253,-2.101,-0.601,-0.99
2020-09-16,-0.263,-2.11,-0.591,-0.99
2020-09-17,-0.274,-2.121,-0.591,-0.97
2020-09-18,-0.273,-2.121,-0.581,-0.97
2020-09-21,-0.301,-2.149,-0.601,-0.94
2020-09-22,-0.284,-2.132,-0.601,-0.94
2020-09-23,-0.281,-2.128,-0.601,-0.92
2020-09-24,-0.288,-2.136,-0.611,-0.91
2020-09-25,-0.296,-2.144,-0.621,-0.92
2020-09-28,-0.3,-2.148,-0.611,-0.94
2020-09-29,-0.301,-2.149,-0.621,-0.98
2020-09-30,-0.295,-2.143,-0.591,-0.94
2020-10-01,-0.185,-2.142,-0.601,-0.95
2020-10-02,-0.207,-2.163,-0.581,-0.94
2020-10-05,-0.187,-2.144,-0.501,-0.9
2020-10-06,-0.192,-2.148,-0.521,-0.9
2020-10-07,-0.166,-2.123,-0.471,-0.9
2020-10-08,-0.191,-2.147,-0.501,-0.94
2020-10-09,-0.216,-2.172,-0.491,-0.94
2020-10-12,-0.22,-2.176,,
2020-10-13,-0.23,-2.186,-0.541,-0.96
2020-10-14,-0.254,-2.21,-0.551,-0.96
2020-10-15,-0.294,-2.25,-0.651,-0.95
2020-10-16,-0.293,-2.249,-0.631,-0.95
2020-10-19,-0.284,-2.24,-0.611,-0.93
2020-10-20,-0.283,-2.239,-0.581,-0.91
2020-10-21,-0.262,-2.218,-0.561,-0.91
2020-10-22,-0.249,-2.206,-0.521,-0.89
2020-10-23,-0.235,-2.191,-0.541,-0.9
2020-10-26,-0.244,-2.2,-0.581,-0.91
2020-10-27,-0.284,-2.24,-0.601,-0.92
2020-10-28,-0.302,-2.258,-0.601,-0.91
2020-10-29,-0.303,-2.259,-0.541,-0.86
2020-10-30,-0.303,-2.26,-0.511,-0.82
2020-11-02,-0.306,-2.262,-0.521,-0.84
2020-11-03,-0.298,-2.254,-0.491,-0.82
2020-11-04,-0.319,-2.275,-0.611,-0.86
2020-11-05,-0.299,-2.256,-0.601,-0.87
2020-11-06,-0.288,-2.244,-0.561,-0.82
2020-11-09,-0.205,-2.162,-0.431,-0.77
2020-11-10,-0.156,-2.112,-0.411,-0.78
2020-11-11,-0.188,-2.144,,
2020-11-12,-0.207,-2.164,-0.511,-0.83
2020-11-13,-0.229,-2.185,-0.501,-0.83
2020-11-16,-0.231,-2.187,-0.32,-0.81
2020-11-17,-0.244,-2.2,-0.36,-0.83
2020-11-18,-0.239,-2.195,-0.35,-0.82
2020-11-19,-0.253,-2.21,-0.37,-0.84
2020-11-20,-0.265,-2.221,-0.4,-0.86
2020-11-23,-0.256,-2.212,-0.37,-0.85
2020-11-24,-0.256,-2.213,-0.35,-0.86
2020-11-25,-0.249,-2.205,-0.35,-0.87
2020-11-26,-0.258,-2.214,,
2020-11-27,-0.258,-2.214,-0.39,-0.91
2020-11-30,-0.25,-2.206,-0.39,-0.93
2020-12-01,-0.216,-2.172,-0.31,-0.89
2020-12-02,-0.189,-2.145,-0.28,-0.9
2020-12-03,-0.229,-2.185,-0.31,-0.94
2020-12-04,-0.23,-2.186,-0.26,-0.92
2020-12-07,-0.261,-2.217,-0.29,-0.94
2020-12-08,-0.288,-2.245,-0.31,-0.97
2020-12-09,-0.28,-2.236,-0.28,-0.96
2020-12-10,-0.284,-2.24,-0.31,-0.96
2020-12-11,-0.315,-2.271,-0.33,-0.97
2020-12-14,-0.293,-2.249,-0.33,-0.98
2020-12-15,-0.299,-2.256,-0.256,-0.99
2020-12-16,-0.246,-2.202,-0.256,-1.0
2020-12-17,-0.27,-2.226,-0.236,-1.0
2020-12-18,-0.262,-2.218,-0.226,-1.0
2020-12-21,-0.276,-2.232,-0.226,-1.0
2020-12-22,-0.274,-2.23,-0.246,-1.01
2020-12-23,-0.232,-2.189,-0.216,-1.01
2020-12-24,,,-0.236,-1.03
2020-12-28,-0.239,-2.195,-0.236,-1.03
2020-12-29,-0.26,-2.216,-0.236,-1.02
2020-12-30,-0.27,-2.226,-0.246,-1.03
2020-12-31,,,-0.246,-1.06
2021-01-04,-0.272,-2.261,-0.246,-1.08
2021-01-05,-0.275,-2.264,-0.216,-1.07
2021-01-06,-0.24,-2.229,-0.136,-1.02
2021-01-07,-0.243,-2.232,-0.096,-1.01
2021-01-08,-0.245,-2.234,-0.046,-0.93
2021-01-11,-0.215,-2.205,-0.026,-0.91
2021-01-12,-0.191,-2.18,-0.026,-0.93
2021-01-13,-0.226,-2.215,-0.076,-0.96
2021-01-14,-0.263,-2.252,-0.026,-0.94
2021-01-15,-0.244,-2.233,-0.21,-0.99
2021-01-18,-0.231,-2.22,,
2021-01-19,-0.219,-2.208,-0.22,-1.0
2021-01-20,-0.236,-2.225,-0.22,-1.02
2021-01-21,-0.201,-2.19,-0.2,-0.98
2021-01-22,-0.215,-2.204,-0.22,-0.99
2021-01-25,-0.252,-2.241,-0.27,-1.03
2021-01-26,-0.241,-2.23,-0.27,-1.03
2021-01-27,-0.257,-2.246,-0.28,-1.04
2021-01-28,-0.242,-2.231,-0.25,-1.06
2021-01-29,-0.212,-2.201,-0.21,-1.02
2021-02-01,-1.411,-2.2,-0.23,-1.02
2021-02-02,-1.385,-2.174,-0.2,-1.03
2021-02-03,-1.366,-2.155,-0.17,-1.04
2021-02-04,-1.349,-2.138,-0.17,-1.02
2021-02-05,-1.355,-2.144,-0.13,-1.02
2021-02-08,-1.32,-2.109,-0.13,-1.03
2021-02-09,-1.342,-2.131,-0.14,-1.04
2021-02-10,-1.349,-2.138,-0.17,-1.06
2021-02-11,-1.355,-2.144,-0.16,-1.04
2021-02-12,-1.316,-2.106,-0.12,-1.01
2021-02-15,-1.275,-2.064,,
2021-02-16,-1.248,-2.037,-0.074,-0.94
2021-02-17,-1.25,-2.039,-0.084,-0.92
2021-02-18,-1.216,-2.005,-0.084,-0.87
2021-02-19,-1.201,-1.991,-0.034,-0.8
2021-02-22,-1.229,-2.018,-0.004,-0.79
2021-02-23,-1.182,-1.971,-0.004,-0.79
2021-02-24,-1.16,-1.949,0.006,-0.79
2021-02-25,-1.127,-1.917,0.166,-0.6
2021-02-26,-1.146,-1.935,0.066,-0.71
2021-03-01,-1.224,-2.013,0.076,-0.71
2021-03-02,-1.21,-1.999,0.046,-0.78
2021-03-03,-1.194,-1.983,0.096,-0.74
2021-03-04,-1.208,-1.997,0.166,-0.66
2021-03-05,-1.184,-1.973,0.186,-0.66
2021-03-08,-1.176,-1.965,0.216,-0.62
2021-03-09,-1.204,-1.993,0.176,-0.66
2021-03-10,-1.2,-1.989,0.156,-0.73
2021-03-11,-1.224,-2.014,0.166,-0.74
2021-03-12,-1.182,-1.971,0.266,-0.62
2021-03-15,-1.195,-1.984,-0.05,-0.65
2021-03-16,-1.226,-2.015,-0.05,-0.68
2021-03-17,-1.181,-1.971,-0.04,-0.67
2021-03-18,-1.146,-1.936,0.04,-0.56
2021-03-19,-1.174,-1.963,0.07,-0.57
2021-03-22,-1.189,-1.978,0.02,-0.64
2021-03-23,-1.223,-2.012,-0.04,-0.66
2021-03-24,-1.227,-2.016,-0.05,-0.69
2021-03-25,-1.26,-2.049,-0.04,-0.69
2021-03-26,-1.231,-2.02,0.0,-0.67
2021-03-29,-1.209,-1.998,0.06,-0.63
2021-03-30,-1.16,-1.949,0.06,-0.62
2021-03-31,-1.179,-1.968,0.07,-0.63
2021-04-01,-1.605,-1.989,0.02,-0.66
2021-04-02,,,0.05,-0.64
2021-04-05,,,0.06,-0.62
2021-04-06,-1.591,-1.975,0.0,-0.65
2021-04-07,-1.6,-1.985,0.01,-0.66
2021-04-08,-1.628,-2.012,-0.03,-0.69
2021-04-09,-1.569,-1.953,0.0,-0.64
2021-04-12,-1.572,-1.956,0.02,-0.64
2021-04-13,-1.573,-1.958,-0.03,-0.69
2021-04-14,-1.559,-1.944,-0.03,-0.69
2021-04-15,-1.552,-1.936,-1.108,-0.77
2021-04-16,-1.531,-1.915,-1.078,-0.77
2021-04-19,-1.497,-1.882,-1.058,-0.73
2021-04-20,-1.517,-1.901,-1.088,-0.74
2021-04-21,-1.553,-1.937,-1.098,-0.76
2021-04-22,-1.551,-1.935,-1.098,-0.76
2021-04-23,-1.535,-1.919,-1.088,-0.76
2021-04-26,-1.54,-1.924,-1.088,-0.78
2021-04-27,-1.525,-1.909,-1.038,-0.76
2021-04-28,-1.509,-1.893,-1.038,-0.78
2021-04-29,-1.458,-1.842,-1.018,-0.77
2021-04-30,-1.48,-1.864,-1.018,-0.76
2021-05-03,-1.777,-1.861,-1.038,-0.79
2021-05-04,-1.819,-1.903,-1.058,-0.81
2021-05-05,-1.802,-1.886,-1.078,-0.88
2021-05-06,-1.797,-1.881,-1.088,-0.87
2021-05-07,-1.795,-1.879,-1.068,-0.89
2021-05-10,-1.78,-1.864,-1.038,-0.91
2021-05-11,-1.732,-1.816,-1.028,-0.89
2021-05-12,-1.692,-1.776,-0.978,-0.85
2021-05-13,-1.68,-1.764,-1.008,-0.85
2021-05-14,-1.696,-1.78,-1.038,-0.88
2021-05-17,-1.674,-1.758,-2.493,-0.9
2021-05-18,-1.677,-1.761,-2.493,-0.88
2021-05-19,-1.668,-1.752,-2.453,-0.8
2021-05-20,-1.671,-1.756,-2.503,-0.78
2021-05-21,-1.702,-1.786,-2.503,-0.8
2021-05-24,-1.695,-1.779,-2.523,-0.83
2021-05-25,-1.737,-1.821,-2.573,-0.86
2021-05-26,-1.778,-1.863,-2.553,-0.82
2021-05-27,-1.747,-1.831,-2.523,-0.81
2021-05-28,-1.754,-1.838,-2.553,-0.84
2021-05-31,-1.746,-1.831,,
2021-06-01,-2.152,-1.836,-2.513,-0.84
2021-06-02,-2.169,-1.853,-2.543,-0.85
2021-06-03,-2.161,-1.845,-2.503,-0.79
2021-06-04,-2.186,-1.87,-2.573,-0.84
2021-06-07,-2.159,-1.843,-2.563,-0.82
2021-06-08,-2.194,-1.878,-2.603,-0.83
2021-06-09,-2.233,-1.917,-2.633,-0.82
2021-06-10,-2.212,-1.896,-2.683,-0.9
2021-06-11,-2.254,-1.939,-2.663,-0.85
2021-06-14,-2.224,-1.908,-2.623,-0.85
2021-06-15,-2.211,-1.896,-3.408,-0.87
2021-06-16,-2.212,-1.897,-3.348,-0.75
2021-06-17,-2.19,-1.874,-3.398,-0.75
2021-06-18,-2.203,-1.887,-3.468,-0.79
2021-06-21,-2.175,-1.859,-3.418,-0.75
2021-06-22,-2.165,-1.849,-3.438,-0.83
2021-06-23,-2.188,-1.872,-3.418,-0.84
2021-06-24,-2.188,-1.873,-3.428,-0.81
2021-06-25,-2.171,-1.856,-3.378,-0.8
2021-06-28,-2.177,-1.862,-3.428,-0.84
2021-06-29,-2.169,-1.853,-3.428,-0.83
2021-06-30,-2.203,-1.887,-3.468,-0.87
2021-07-01,-2.112,-2.028,-3.438,-0.87
2021-07-02,-2.137,-2.053,-3.478,-0.89
2021-07-05,-2.119,-2.035,,
2021-07-06,-2.161,-2.077,-3.548,-0.94
2021-07-07,-2.209,-2.126,-3.588,-0.95
2021-07-08,-2.227,-2.143,-3.618,-0.92
2021-07-09,-2.198,-2.114,-3.548,-0.91
2021-07-12,-2.205,-2.121,-3.538,-0.95
2021-07-13,-2.219,-2.135,-3.498,-0.94
2021-07-14,-2.217,-2.133,-3.548,-0.97
2021-07-15,-2.241,-2.157,-3.986,-1.01
2021-07-16,-2.251,-2.167,-3.986,-1.02
2021-07-19,-2.29,-2.206,-4.106,-1.05
2021-07-20,-2.328,-2.244,-4.066,-1.03
2021-07-21,-2.299,-2.215,-3.996,-0.98
2021-07-22,-2.306,-2.222,-4.026,-1.01
2021-07-23,-2.316,-2.232,-3.996,-1.05
2021-07-26,-2.305,-2.221,-4.006,-1.11
2021-07-27,-2.337,-2.253,-4.046,-1.13
2021-07-28,-2.332,-2.248,-4.036,-1.15
2021-07-29,-2.332,-2.248,-4.016,-1.15
2021-07-30,-2.34,-2.256,-4.056,-1.16
2021-08-02,-2.66,-2.276,-4.096,-1.17
2021-08-03,-2.687,-2.303,-4.106,-1.19
2021-08-04,-2.705,-2.321,-4.106,-1.16
2021-08-05,-2.699,-2.315,-4.066,-1.1
2021-08-06,-2.655,-2.271,-3.986,-1.06
2021-08-09,-2.666,-2.282,-3.966,-1.04
2021-08-10,-2.671,-2.287,-3.936,-1.04
2021-08-11,-2.65,-2.266,-3.946,-1.07
2021-08-12,-2.647,-2.263,-3.936,-1.05
2021-08-13,-2.656,-2.272,-4.006,-1.08
2021-08-16,-2.684,-2.3,-3.985,-1.1
2021-08-17,-2.666,-2.282,-3.985,-1.07
2021-08-18,-2.675,-2.291,-3.975,-1.05
2021-08-19,-2.679,-2.296,-4.005,-1.04
2021-08-20,-2.687,-2.303,-3.985,-1.01
2021-08-23,-2.673,-2.289,-3.995,-1.02
2021-08-24,-2.67,-2.286,-3.955,-1.01
2021-08-25,-2.626,-2.242,-3.895,-1.0
2021-08-26,-2.598,-2.214,-3.905,-0.99
2021-08-27,-2.596,-2.212,-3.935,-1.08
2021-08-30,-2.616,-2.232,-3.955,-1.08
2021-08-31,-2.593,-2.209,-3.945,-1.03
2021-09-01,-3.374,-2.19,-3.935,-1.03
2021-09-02,-3.383,-2.199,-3.955,-1.03
2021-09-03,-3.35,-2.166,-3.915,-1.01
2021-09-06,-3.357,-2.173,,
2021-09-07,-3.31,-2.126,-3.865,-0.98
2021-09-08,-3.312,-2.128,-3.895,-1.03
2021-09-09,-3.335,-2.151,-3.945,-1.08
2021-09-10,-3.33,-2.146,-3.895,-1.05
2021-09-13,-3.325,-2.141,-3.915,-1.04
2021-09-14,-3.323,-2.139,-3.965,-1.05
2021-09-15,-3.307,-2.123,-3.842,-1.04
2021-09-16,-3.282,-2.098,-3.812,-1.01
2021-09-17,-3.265,-2.081,-3.782,-0.96
2021-09-20,-3.299,-2.116,-3.842,-0.98
2021-09-21,-3.321,-2.137,-3.822,-0.96
2021-09-22,-3.307,-2.123,-3.832,-0.96
2021-09-23,-3.257,-2.073,-3.742,-0.9
2021-09-24,-3.204,-2.02,-3.682,-0.87
2021-09-27,-3.205,-2.021,-3.672,-0.87
2021-09-28,-3.164,-1.98,-3.612,-0.84
2021-09-29,-3.209,-2.025,-3.602,-0.82
2021-09-30,-3.17,-1.986,-3.632,-0.85
2021-10-01,-3.614,-2.113,-3.672,-0.9
2021-10-04,-3.585,-2.083,-3.662,-0.89
2021-10-05,-3.579,-2.078,-3.612,-0.91
2021-10-06,-3.569,-2.067,-3.622,-0.9
2021-10-07,-3.565,-2.064,-3.572,-0.88
2021-10-08,-3.536,-2.034,-3.542,-0.89
2021-10-11,-3.501,-1.999,,
2021-10-12,-3.484,-1.983,-3.562,-0.9
2021-10-13,-3.515,-2.014,-3.592,-0.96
2021-10-14,-3.561,-2.06,-3.632,-1.0
2021-10-15,-3.542,-2.041,-3.761,-0.97
2021-10-18,-3.527,-2.026,-3.761,-0.95
2021-10-19,-3.483,-1.982,-3.701,-0.89
2021-10-20,-3.502,-2.001,-3.701,-0.92
2021-10-21,-3.471,-1.969,-3.671,-0.96
2021-10-22,-3.476,-1.975,-3.691,-0.98
2021-10-25,-3.496,-1.994,-3.711,-1.02
2021-10-26,-3.51,-2.008,-3.721,-1.06
2021-10-27,-3.563,-2.061,-3.811,-1.11
2021-10-28,-3.541,-2.039,-3.781,-1.0
2021-10-29,-3.469,-1.968,-3.801,-0.96
2021-11-01,-4.186,-1.984,-3.771,-0.92
2021-11-02,-4.248,-2.046,-3.791,-0.95
2021-11-03,-4.25,-2.048,-3.751,-0.93
2021-11-04,-4.315,-2.113,-3.821,-1.03
2021-11-05,-4.365,-2.164,-3.901,-1.09
2021-11-08,-4.351,-2.15,-3.841,-1.11
2021-11-09,-4.383,-2.181,-3.891,-1.17
2021-11-10,-4.358,-2.156,-3.791,-1.14
2021-11-11,-4.317,-2.115,,
2021-11-12,-4.343,-2.142,-3.771,-1.15
2021-11-15,-4.335,-2.134,-4.605,-1.13
2021-11-16,-4.329,-2.127,-4.605,-1.1
2021-11-17,-4.331,-2.13,-4.635,-1.1
2021-11-18,-4.35,-2.149,-4.645,-1.14
2021-11-19,-4.421,-2.219,-4.695,-1.11
2021-11-22,-4.413,-2.211,-4.605,-0.98
2021-11-23,-4.33,-2.129,-4.565,-0.95
2021-11-24,-4.303,-2.101,-4.595,-0.97
2021-11-25,-4.34,-2.139,,
2021-11-26,-4.42,-2.219,-4.755,-1.07
2021-11-29,-4.389,-2.188,-4.715,-1.02
2021-11-30,-4.45,-2.249,-4.805,-1.07
2021-12-01,-5.222,-2.22,-4.805,-1.01
2021-12-02,-5.267,-2.266,-4.795,-1.03
2021-12-03,-5.253,-2.252,-4.885,-1.08
2021-12-06,-5.276,-2.275,-4.805,-1.01
2021-12-07,-5.263,-2.261,-4.755,-0.99
2021-12-08,-5.219,-2.218,-4.715,-1.0
2021-12-09,-5.248,-2.247,-4.745,-0.98
2021-12-10,-5.24,-2.239,-4.755,-0.96
2021-12-13,-5.259,-2.257,-4.815,-0.98
2021-12-14,,,-4.795,-0.93
2021-12-15,-5.244,-2.242,-5.432,-0.92
2021-12-16,-5.232,-2.231,-5.462,-0.98
2021-12-17,-5.26,-2.259,-5.492,-0.97
2021-12-20,-5.252,-2.25,-5.472,-0.96
2021-12-21,-5.198,-2.197,-5.422,-0.96
2021-12-22,-5.174,-2.172,-5.442,-1.01
2021-12-23,-5.14,-2.139,-5.402,-0.97
2021-12-24,-5.14,-2.139,,
2021-12-27,-5.134,-2.132,-5.422,-1.02
2021-12-28,-5.131,-2.13,-5.412,-1.01
2021-12-29,-5.1,-2.099,-5.352,-0.98
2021-12-30,-5.088,-2.087,-5.382,-1.06
2021-12-31,-5.088,-2.087,-5.382,-1.04
2022-01-03,-5.123,-2.095,-5.272,-0.97
2022-01-04,-5.116,-2.088,-5.242,-0.91
2022-01-05,-5.107,-2.079,-5.192,-0.82
2022-01-06,-5.086,-2.058,-5.172,-0.73
2022-01-07,-5.072,-2.044,-5.142,-0.72
2022-01-10,-5.046,-2.018,-5.122,-0.7
2022-01-11,-5.042,-2.014,-5.152,-0.79
2022-01-12,-5.071,-2.043,-5.162,-0.74
2022-01-13,-5.094,-2.066,-5.202,-0.73
2022-01-14,-5.075,-2.047,-5.122,-0.66
2022-01-17,-5.04,-2.012,,
2022-01-18,-5.039,-2.011,-5.304,-0.59
2022-01-19,-5.012,-1.984,-5.344,-0.57
2022-01-20,-5.042,-2.014,-5.344,-0.5
2022-01-21,-5.08,-2.052,-5.424,-0.59
2022-01-24,-5.102,-2.074,-5.424,-0.63
2022-01-25,-5.093,-2.065,-5.394,-0.63
2022-01-26,-5.066,-2.038,-5.324,-0.53
2022-01-27,-5.053,-2.025,-5.364,-0.59
2022-01-28,-5.033,-2.005,-5.394,-0.66
2022-01-31,-4.972,-1.944,-5.384,-0.65
2022-02-01,-5.057,-1.93,-5.364,-0.62
2022-02-02,-5.046,-1.918,-5.394,-0.63
2022-02-03,-4.965,-1.837,-5.354,-0.56
2022-02-04,-4.905,-1.777,-5.244,-0.48
2022-02-07,-4.855,-1.727,-5.254,-0.48
2022-02-08,-4.811,-1.683,-5.214,-0.46
2022-02-09,-4.85,-1.722,-5.234,-0.48
2022-02-10,-4.818,-1.69,-5.144,-0.42
2022-02-11,-4.814,-1.686,-5.254,-0.51
2022-02-14,-4.823,-1.695,-5.194,-0.5
2022-02-15,-4.752,-1.624,-5.509,-0.43
2022-02-16,-4.792,-1.664,-5.529,-0.43
2022-02-17,-4.82,-1.692,-5.589,-0.46
2022-02-18,-4.851,-1.723,-5.639,-0.49
2022-02-21,-4.862,-1.734,,
2022-02-22,-4.786,-1.658,-5.619,-0.51
2022-02-23,-4.801,-1.673,-5.569,-0.54
2022-02-24,-4.889,-1.761,-5.599,-0.59
2022-02-25,-4.836,-1.708,-5.589,-0.57
2022-02-28,-4.885,-1.757,-5.729,-0.79
2022-03-01,-5.867,-1.939,-5.839,-0.9
2022-03-02,-5.869,-1.941,-5.699,-0.85
2022-03-03,-5.801,-1.873,-5.699,-0.83
2022-03-04,-5.928,-2.0,-5.819,-0.93
2022-03-07,-5.874,-1.946,-5.779,-0.99
2022-03-08,-5.745,-1.817,-5.699,-1.04
2022-03-09,-5.655,-1.727,-5.619,-0.9
2022-03-10,-5.614,-1.686,-5.579,-0.88
2022-03-11,-5.591,-1.663,-5.559,-0.94
2022-03-14,-5.523,-1.595,-5.419,-0.79
2022-03-15,-5.527,-1.599,-5.787,-0.69
2022-03-16,-5.485,-1.557,-5.747,-0.61
2022-03-17,-5.483,-1.555,-5.737,-0.71
2022-03-18,-5.501,-1.573,-5.797,-0.72
2022-03-21,-5.43,-1.502,-5.617,-0.58
2022-03-22,-5.362,-1.434,-5.557,-0.53
2022-03-23,-5.384,-1.456,-5.617,-0.62
2022-03-24,-5.359,-1.431,-5.597,-0.58
2022-03-25,-5.304,-1.376,-5.457,-0.47
2022-03-28,-5.303,-1.375,-5.477,-0.49
2022-03-29,-5.273,-1.345,-5.527,-0.45
2022-03-30,-5.174,-1.246,-5.587,-0.51
2022-03-31,-5.282,-1.354,-5.617,-0.52
2022-04-01,-6.762,-1.414,-5.547,-0.41
2022-04-04,-6.836,-1.488,-5.517,-0.38
2022-04-05,-6.767,-1.419,-5.397,-0.3
2022-04-06,-6.686,-1.338,-5.327,-0.22
2022-04-07,-6.659,-1.311,-5.277,-0.16
2022-04-08,-6.658,-1.31,-5.217,-0.15
2022-04-11,-6.55,-1.202,-5.147,-0.12
2022-04-12,-6.571,-1.223,-5.217,-0.14
2022-04-13,-6.579,-1.231,-5.237,-0.1
2022-04-14,-6.529,-1.181,-5.107,-0.06
2022-04-18,,,-5.722,-0.07
2022-04-19,-6.419,-1.071,-5.642,0.0
2022-04-20,-6.51,-1.162,-5.722,-0.07
2022-04-21,-6.479,-1.131,-5.672,-0.12
2022-04-22,-6.423,-1.075,-5.672,-0.08
2022-04-25,-6.501,-1.153,-5.762,-0.1
2022-04-26,-6.531,-1.183,-5.802,-0.08
2022-04-27,-6.549,-1.201,-5.752,-0.06
2022-04-28,-6.458,-1.11,-5.722,-0.12
2022-04-29,-6.461,-1.113,-5.682,0.01
2022-05-02,-6.488,-1.04,-5.582,0.18
2022-05-03,-6.545,-1.097,-5.602,0.14
2022-05-04,-6.467,-1.019,-5.642,0.07
2022-05-05,-6.464,-1.016,-5.522,0.18
2022-05-06,-6.372,-0.924,-5.452,0.26
2022-05-09,-6.346,-0.898,-5.522,0.3
2022-05-10,-6.444,-0.996,-5.582,0.34
2022-05-11,-6.42,-0.972,-5.662,0.21
2022-05-12,-6.568,-1.119,-5.732,0.25
2022-05-13,-6.502,-1.054,-5.642,0.24
2022-05-16,-6.498,-1.05,-5.352,0.2
2022-05-17,-6.41,-0.962,-5.252,0.27
2022-05-18,-6.413,-0.965,-5.342,0.17
2022-05-19,-6.51,-1.062,-5.392,0.25
2022-05-20,-6.465,-1.017,-5.452,0.23
2022-05-23,-6.453,-1.005,-5.372,0.26
2022-05-24,-6.427,-0.979,-5.472,0.21
2022-05-25,-6.459,-1.011,-5.482,0.19
2022-05-26,-6.425,-0.977,-5.482,0.13
2022-05-27,-6.449,-1.001,-5.492,0.11
2022-05-30,-6.337,-0.889,,
2022-05-31,-6.28,-0.832,-5.382,0.21
2022-06-01,-6.869,-0.821,-5.292,0.29
2022-06-02,-6.778,-0.73,-5.312,0.26
2022-06-03,-6.745,-0.697,-5.272,0.22
2022-06-06,-6.718,-0.67,-5.192,0.28
2022-06-07,-6.728,-0.68,-5.252,0.25
2022-06-08,-6.665,-0.617,-5.202,0.28
2022-06-09,-6.612,-0.564,-5.192,0.29
2022-06-10,-6.572,-0.524,-5.082,0.39
2022-06-13,-6.442,-0.394,-4.802,0.69
2022-06-14,-6.351,-0.303,-4.742,0.89
2022-06-15,-6.392,-0.344,-5.208,0.63
2022-06-16,-6.24,-0.192,-5.258,0.66
2022-06-17,-6.317,-0.269,-5.288,0.67
2022-06-20,-6.298,-0.25,,
2022-06-21,-6.27,-0.222,-5.228,0.7
2022-06-22,-6.408,-0.36,-5.378,0.62
2022-06-23,-6.611,-0.563,-5.448,0.59
2022-06-24,-6.515,-0.467,-5.408,0.57
2022-06-27,-6.499,-0.451,-5.338,0.65
2022-06-28,-6.372,-0.324,-5.338,0.72
2022-06-29,-6.443,-0.395,-5.438,0.74
2022-06-30,-6.602,-0.554,-5.558,0.65
2022-07-01,-7.196,-0.748,-5.658,0.54
2022-07-04,-7.15,-0.702,,
2022-07-05,-7.264,-0.816,-5.718,0.52
2022-07-06,-7.348,-0.9,-5.608,0.64
2022-07-07,-7.236,-0.789,-5.528,0.68
2022-07-08,-7.227,-0.779,-5.448,0.72
2022-07-11,-7.274,-0.826,-5.548,0.67
2022-07-12,-7.412,-0.964,-5.578,0.64
2022-07-13,-7.336,-0.889,-5.628,0.6
2022-07-14,-7.336,-0.889,-5.578,0.62
2022-07-15,-7.379,-0.932,-6.049,0.57
2022-07-18,-7.309,-0.861,-6.019,0.59
2022-07-19,-7.282,-0.834,-5.969,0.62
2022-07-20,-7.298,-0.85,-5.939,0.66
2022-07-21,-7.245,-0.798,-6.069,0.58
2022-07-22,-7.5,-1.052,-6.209,0.43
2022-07-25,-7.441,-0.993,-6.169,0.45
2022-07-26,-7.59,-1.142,-6.169,0.45
2022-07-27,-7.578,-1.13,-6.199,0.36
2022-07-28,-7.704,-1.257,-6.299,0.2
2022-07-29,-7.671,-1.224,-6.309,0.14
2022-08-01,-8.05,-1.302,-6.379,0.09
2022-08-02,-8.067,-1.319,-6.229,0.27
2022-08-03,-7.974,-1.227,-6.249,0.23
2022-08-04,-8.019,-1.271,-6.299,0.22
2022-08-05,-7.934,-1.187,-6.149,0.37
2022-08-08,-7.959,-1.211,-6.209,0.29
2022-08-09,-7.889,-1.141,-6.179,0.33
2022-08-10,-7.96,-1.212,-6.199,0.35
2022-08-11,-7.894,-1.146,-6.109,0.4
2022-08-12,-7.864,-1.116,-6.139,0.37
2022-08-15,-7.923,-1.176,-5.673,0.35
2022-08-16,-7.843,-1.096,-5.643,0.38
2022-08-17,-7.762,-1.015,-5.573,0.43
2022-08-18,-7.741,-0.994,-5.583,0.36
2022-08-19,-7.606,-0.858,-5.483,0.43
2022-08-22,-7.563,-0.815,-5.433,0.46
2022-08-23,-7.486,-0.739,-5.413,0.47
2022-08-24,-7.458,-0.711,-5.353,0.49
2022-08-25,-7.477,-0.729,-5.433,0.43
2022-08-26,-7.383,-0.635,-5.423,0.47
2022-08-29,-7.294,-0.547,-5.343,0.54
2022-08-30,-7.367,-0.619,-5.353,0.56
2022-08-31,-7.329,-0.581,-5.313,0.67
2022-09-01,-7.463,-0.515,-5.203,0.81
2022-09-02,-7.556,-0.608,-5.263,0.73
2022-09-05,-7.471,-0.523,,
2022-09-06,-7.418,-0.47,-5.133,0.85
2022-09-07,-7.484,-0.537,-5.193,0.82
2022-09-08,-7.43,-0.482,-5.173,0.88
2022-09-09,-7.352,-0.404,-5.133,0.91
2022-09-12,-7.39,-0.442,-5.093,0.95
2022-09-13,-7.322,-0.374,-5.043,0.98
2022-09-14,-7.311,-0.363,-5.053,0.95
2022-09-15,-7.334,-0.386,-4.773,1.02
2022-09-16,-7.28,-0.332,-4.773,1.07
2022-09-19,-7.255,-0.308,-4.733,1.15
2022-09-20,-7.116,-0.168,-4.653,1.17
2022-09-21,-7.186,-0.238,-4.713,1.13
2022-09-22,-7.107,-0.16,-4.523,1.29
2022-09-23,-7.085,-0.137,-4.533,1.32
2022-09-26,-7.007,-0.06,-4.343,1.56
2022-09-27,-6.917,0.031,-4.253,1.64
2022-09-28,-6.905,0.043,-4.503,1.39
2022-09-29,-6.847,0.1,-4.463,1.57
2022-09-30,-6.965,-0.018,-4.393,1.68
2022-10-03,-7.855,-0.131,-4.553,1.43
2022-10-04,-7.964,-0.239,-4.603,1.38
2022-10-05,-7.861,-0.136,-4.463,1.54
2022-10-06,-7.75,-0.025,-4.393,1.61
2022-10-07,-7.622,0.103,-4.333,1.62
2022-10-10,-7.592,0.133,,
2022-10-11,-7.449,0.276,-4.293,1.62
2022-10-12,-7.405,0.32,-4.313,1.62
2022-10-13,-7.448,0.277,-4.253,1.63
2022-10-14,-7.509,0.216,-4.223,1.59
2022-10-17,-7.525,0.2,-4.172,1.57
2022-10-18,-7.535,0.19,-4.182,1.6
2022-10-19,-7.456,0.269,-4.052,1.72
2022-10-20,-7.393,0.332,-3.952,1.73
2022-10-21,-7.355,0.37,-3.982,1.69
2022-10-24,-7.48,0.245,-3.942,1.66
2022-10-25,-7.614,0.111,-4.092,1.59
2022-10-26,-7.633,0.092,-4.152,1.6
2022-10-27,-7.735,-0.01,-4.232,1.51
2022-10-28,-7.715,0.009,-4.172,1.51
2022-10-31,-7.661,0.064,-4.092,1.58
2022-11-01,-8.346,0.078,-4.122,1.56
2022-11-02,-8.366,0.059,-4.092,1.57
2022-11-03,-8.258,0.167,-4.052,1.74
2022-11-04,-8.229,0.195,-4.022,1.69
2022-11-07,-8.174,0.251,-3.972,1.69
2022-11-08,-8.211,0.214,-4.052,1.64
2022-11-09,-8.211,0.214,-4.072,1.7
2022-11-10,-8.454,-0.029,-4.372,1.43
2022-11-11,-8.359,0.065,,
2022-11-14,-8.391,0.033,-4.312,1.51
2022-11-15,-8.411,0.013,-3.959,1.45
2022-11-16,-8.499,-0.075,-4.089,1.38
2022-11-17,-8.464,-0.039,-3.989,1.49
2022-11-18,-8.488,-0.064,-3.939,1.57
2022-11-21,-8.539,-0.114,-3.929,1.52
2022-11-22,-8.523,-0.099,-3.999,1.44
2022-11-23,-8.595,-0.17,-4.049,1.39
2022-11-24,-8.685,-0.26,,
2022-11-25,-8.567,-0.142,-4.079,1.36
2022-11-28,-8.54,-0.115,-4.069,1.43
2022-11-29,-8.606,-0.182,-4.009,1.5
2022-11-30,-8.606,-0.181,-4.079,1.34
2022-12-01,-8.218,-0.294,-4.229,1.17
2022-12-02,-8.195,-0.27,-4.249,1.08
2022-12-05,-8.183,-0.258,-4.159,1.21
2022-12-06,-8.24,-0.315,-4.249,1.2
2022-12-07,-8.25,-0.325,-4.339,1.16
2022-12-08,-8.22,-0.295,-4.279,1.2
2022-12-09,-8.123,-0.199,-4.189,1.31
2022-12-12,-8.151,-0.227,-4.149,1.33
2022-12-13,-8.165,-0.241,-4.249,1.27
2022-12-14,-8.09,-0.166,-4.269,1.3
2022-12-15,-8.019,-0.094,-3.683,1.28
2022-12-16,-7.858,0.066,-3.643,1.35
2022-12-19,-7.825,0.1,-3.553,1.42
2022-12-20,-7.739,0.186,-3.433,1.45
2022-12-21,-7.74,0.185,-3.443,1.41
2022-12-22,-7.658,0.267,-3.453,1.48
2022-12-23,-7.636,0.289,-3.373,1.55
2022-12-27,-7.599,0.326,-3.283,1.58
2022-12-28,-7.578,0.347,-3.243,1.6
2022-12-29,-7.573,0.351,-3.293,1.56
2022-12-30,-7.545,0.38,-3.243,1.58
2023-01-02,-6.682,0.396,,
2023-01-03,-6.762,0.316,-3.333,1.53
2023-01-04,-6.846,0.232,-3.433,1.47
2023-01-05,-6.784,0.293,-3.413,1.49
2023-01-06,-6.836,0.242,-3.573,1.34
2023-01-09,-6.85,0.227,-3.593,1.31
2023-01-10,-6.841,0.237,-3.513,1.37
2023-01-11,-6.936,0.141,-3.583,1.31
2023-01-12,-6.996,0.081,-3.693,1.22
2023-01-13,-7.03,0.048,-3.633,1.31
2023-01-16,-7.002,0.076,,
2023-01-17,-7.013,0.064,-2.875,1.36
2023-01-18,-7.168,-0.09,-3.035,1.25
2023-01-19,-7.113,-0.035,-3.015,1.19
2023-01-20,-7.004,0.074,-2.925,1.25
2023-01-23,-6.958,0.119,-2.885,1.24
2023-01-24,-6.961,0.116,-2.945,1.19
2023-01-25,-7.037,0.041,-2.945,1.17
2023-01-26,-6.973,0.104,-2.915,1.16
2023-01-27,-6.907,0.17,-2.885,1.19
2023-01-30,-6.878,0.199,-2.855,1.26
2023-01-31,-6.878,0.199,-2.885,1.28
2023-02-01,-6.279,0.198,-3.015,1.14
2023-02-02,-6.395,0.082,-3.005,1.18
2023-02-03,-6.376,0.101,-2.875,1.31
2023-02-06,-6.279,0.199,-2.775,1.38
2023-02-07,-6.261,0.217,-2.735,1.36
2023-02-08,-6.214,0.263,-2.775,1.29
2023-02-09,-6.276,0.202,-2.735,1.34
2023-02-10,-6.204,0.274,-2.665,1.41
2023-02-13,-6.193,0.284,-2.685,1.41
2023-02-14,-6.138,0.34,-2.635,1.46
2023-02-15,-6.099,0.379,-2.517,1.46
2023-02-16,-6.024,0.453,-2.467,1.49
2023-02-17,-6.089,0.388,-2.507,1.46
2023-02-20,-6.112,0.365,,
2023-02-21,-6.005,0.472,-2.377,1.53
2023-02-22,-6.025,0.453,-2.397,1.52
2023-02-23,-6.054,0.424,-2.447,1.49
2023-02-24,-6.007,0.471,-2.377,1.57
2023-02-27,-5.979,0.498,-2.407,1.56
2023-02-28,-5.841,0.637,-2.407,1.49
2023-03-01,-5.756,0.621,-2.317,1.57
2023-03-02,-5.711,0.666,-2.247,1.6
2023-03-03,-5.738,0.639,-2.357,1.45
2023-03-06,-5.695,0.683,-2.347,1.49
2023-03-07,-5.761,0.617,-2.357,1.59
2023-03-08,-5.799,0.579,-2.347,1.66
2023-03-09,-5.782,0.596,-2.397,1.63
2023-03-10,-5.975,0.403,-2.627,1.44
2023-03-13,-6.202,0.175,-2.777,1.31
2023-03-14,-5.984,0.394,-2.687,1.33
2023-03-15,-6.248,0.129,-2.448,1.22
2023-03-16,-6.229,0.149,-2.398,1.34
2023-03-17,-6.305,0.072,-2.568,1.29
2023-03-20,-6.294,0.083,-2.488,1.33
2023-03-21,-6.167,0.21,-2.368,1.36
2023-03-22,-6.062,0.315,-2.478,1.2
2023-03-23,-6.18,0.197,-2.578,1.19
2023-03-24,-6.296,0.082,-2.578,1.16
2023-03-27,-6.151,0.226,-2.428,1.29
2023-03-28,-6.149,0.228,-2.408,1.24
2023-03-29,-6.105,0.273,-2.388,1.24
2023-03-30,-6.051,0.326,-2.408,1.21
2023-03-31,-6.095,0.283,-2.478,1.16
2023-04-03,-4.513,0.26,-2.528,1.14
2023-04-04,-4.485,0.288,-2.608,1.1
2023-04-05,-4.597,0.176,-2.658,1.07
2023-04-06,-4.649,0.124,-2.658,1.06
2023-04-07,,,-2.568,1.14
2023-04-10,,,-2.548,1.14
2023-04-11,-4.515,0.258,-2.528,1.14
2023-04-12,-4.464,0.309,-2.548,1.14
2023-04-13,-4.456,0.317,-2.508,1.16
2023-04-14,-4.428,0.345,-2.438,1.22
2023-04-17,-4.352,0.421,-1.318,1.28
2023-04-18,-4.349,0.424,-1.338,1.3
2023-04-19,-4.309,0.464,-1.318,1.32
2023-04-20,-4.327,0.446,-1.378,1.28
2023-04-21,-4.316,0.457,-1.348,1.29
2023-04-24,-4.313,0.46,-1.398,1.24
2023-04-25,-4.395,0.378,-1.518,1.15
2023-04-26,-4.436,0.337,-1.488,1.18
2023-04-27,-4.373,0.4,-1.388,1.26
2023-04-28,-4.456,0.317,-1.478,1.26
2023-05-01,,,-1.328,1.36
2023-05-02,-4.452,0.321,-1.478,1.24
2023-05-03,-4.555,0.218,-1.538,1.18
2023-05-04,-4.541,0.232,-1.548,1.18
2023-05-05,-4.515,0.258,-1.478,1.23
2023-05-08,-4.476,0.297,-1.398,1.29
2023-05-09,-4.475,0.298,-1.388,1.3
2023-05-10,-4.517,0.256,-1.488,1.26
2023-05-11,-4.594,0.179,-1.528,1.23
2023-05-12,-4.556,0.217,-1.458,1.28
2023-05-15,-4.496,0.277,-1.45,1.31
2023-05-16,-4.479,0.294,-1.41,1.35
2023-05-17,-4.472,0.301,-1.38,1.35
2023-05-18,-4.383,0.39,-1.3,1.42
2023-05-19,-4.325,0.448,-1.25,1.46
2023-05-22,-4.345,0.428,-1.23,1.48
2023-05-23,-4.343,0.43,-1.25,1.44
2023-05-24,-4.364,0.409,-1.22,1.48
2023-05-25,-4.315,0.458,-1.12,1.58
2023-05-26,-4.277,0.496,-1.15,1.57
2023-05-29,-4.358,0.415,,
2023-05-30,-4.44,0.333,-1.26,1.47
2023-05-31,-4.516,0.257,-1.31,1.46
2023-06-01,-3.747,0.226,-1.34,1.45
2023-06-02,-3.701,0.272,-1.26,1.51
2023-06-05,-3.62,0.353,-1.26,1.5
2023-06-06,-3.633,0.34,-1.25,1.5
2023-06-07,-3.622,0.351,-1.16,1.58
2023-06-08,-3.599,0.374,-1.22,1.53
2023-06-09,-3.603,0.37,-1.2,1.55
2023-06-12,-3.627,0.346,-1.22,1.56
2023-06-13,-3.601,0.372,-1.11,1.64
2023-06-14,-3.552,0.421,-1.12,1.62
2023-06-15,-3.564,0.409,-0.412,1.51
2023-06-16,-3.548,0.425,-0.362,1.55
2023-06-19,-3.51,0.463,,
2023-06-20,-3.594,0.379,-0.392,1.52
2023-06-21,-3.583,0.39,-0.412,1.51
2023-06-22,-3.548,0.425,-0.332,1.56
2023-06-23,-3.687,0.286,-0.392,1.53
2023-06-26,-3.687,0.286,-0.412,1.54
2023-06-27,-3.725,0.248,-0.362,1.57
2023-06-28,-3.697,0.276,-0.422,1.53
2023-06-29,-3.643,0.331,-0.282,1.65
2023-06-30,-3.593,0.38,-0.322,1.59
2023-07-03,-3.016,0.347,-0.272,1.61
2023-07-04,-2.99,0.373,,
2023-07-05,-2.982,0.381,-0.182,1.69
2023-07-06,-2.853,0.511,-0.082,1.78
2023-07-07,-2.809,0.554,-0.072,1.79
2023-07-10,-2.774,0.589,-0.122,1.76
2023-07-11,-2.768,0.595,-0.142,1.75
2023-07-12,-2.817,0.546,-0.272,1.6
2023-07-13,-2.928,0.436,-0.372,1.52
2023-07-14,-2.974,0.39,-0.302,1.59
2023-07-17,-2.962,0.401,0.739,1.56
2023-07-18,-3.061,0.303,0.729,1.57
2023-07-19,-3.04,0.324,0.679,1.53
2023-07-20,-2.968,0.395,0.779,1.5
2023-07-21,-2.995,0.368,0.769,1.49
2023-07-24,-2.994,0.369,0.789,1.48
2023-07-25,-3.005,0.359,0.839,1.52
2023-07-26,-2.968,0.396,0.789,1.5
2023-07-27,-3.007,0.356,0.939,1.64
2023-07-28,-2.958,0.405,0.889,1.58
2023-07-31,-2.957,0.407,0.899,1.6
2023-08-01,-2.755,0.408,0.979,1.68
2023-08-02,-2.73,0.433,1.009,1.72
2023-08-03,-2.637,0.527,1.129,1.83
2023-08-04,-2.636,0.527,0.979,1.67
2023-08-07,-2.641,0.523,1.019,1.68
2023-08-08,-2.776,0.387,0.949,1.66
2023-08-09,-2.732,0.431,0.929,1.66
2023-08-10,-2.722,0.442,1.019,1.76
2023-08-11,-2.612,0.552,1.089,1.8
2023-08-14,-2.608,0.556,1.119,1.83
2023-08-15,-2.551,0.613,0.922,1.89
2023-08-16,-2.574,0.59,0.992,1.96
2023-08-17,-2.54,0.623,1.012,1.97
2023-08-18,-2.585,0.579,0.972,1.94
2023-08-21,-2.55,0.613,1.052,2.0
2023-08-22,-2.565,0.598,1.052,1.99
2023-08-23,-2.704,0.46,0.902,1.84
2023-08-24,-2.699,0.464,0.942,1.91
2023-08-25,-2.678,0.485,0.962,1.92
2023-08-28,-2.665,0.498,0.912,1.9
2023-08-29,-2.66,0.503,0.832,1.83
2023-08-30,-2.692,0.471,0.832,1.86
2023-08-31,-2.729,0.434,0.802,1.85
2023-09-01,-2.572,0.491,0.892,1.92
2023-09-04,-2.561,0.502,,
2023-09-05,-2.532,0.531,0.982,1.98
2023-09-06,-2.522,0.542,1.012,2.0
2023-09-07,-2.487,0.576,0.982,1.95
2023-09-08,-2.515,0.548,0.972,1.93
2023-09-11,-2.51,0.553,1.002,1.94
2023-09-12,-2.499,0.565,0.982,1.93
2023-09-13,-2.487,0.576,0.962,1.9
2023-09-14,-2.516,0.548,1.002,1.95
2023-09-15,-2.465,0.598,0.607,1.98
2023-09-18,-2.412,0.652,0.597,1.96
2023-09-19,-2.392,0.671,0.647,2.0
2023-09-20,-2.434,0.629,0.627,2.0
2023-09-21,-2.377,0.686,0.767,2.11
2023-09-22,-2.38,0.683,0.717,2.07
2023-09-25,-2.333,0.73,0.827,2.18
2023-09-26,-2.329,0.734,0.837,2.23
2023-09-27,-2.34,0.723,0.887,2.27
2023-09-28,-2.167,0.897,0.867,2.2
2023-09-29,-2.324,0.74,0.867,2.24
2023-10-02,-1.367,0.796,0.967,2.34
2023-10-03,-1.336,0.828,1.087,2.45
2023-10-04,-1.307,0.856,1.007,2.4
2023-10-05,-1.353,0.811,0.997,2.41
2023-10-06,-1.34,0.824,1.057,2.47
2023-10-09,-1.426,0.737,,
2023-10-10,-1.436,0.728,0.937,2.34
2023-10-11,-1.544,0.62,0.857,2.26
2023-10-12,-1.506,0.657,0.977,2.36
2023-10-13,-1.416,0.747,0.907,2.29
2023-10-16,-1.438,0.726,1.023,2.33
2023-10-17,-1.363,0.801,1.143,2.42
2023-10-18,-1.347,0.816,1.223,2.47
2023-10-19,-1.299,0.865,1.293,2.49
2023-10-20,-1.35,0.813,1.243,2.46
2023-10-23,-1.323,0.84,1.173,2.45
2023-10-24,-1.407,0.757,1.143,2.43
2023-10-25,-1.381,0.783,1.263,2.52
2023-10-26,-1.397,0.767,1.173,2.44
2023-10-27,-1.402,0.762,1.153,2.42
2023-10-30,-1.399,0.765,1.193,2.44
2023-10-31,-1.477,0.686,1.193,2.46
2023-11-01,-0.08,0.683,1.083,2.36
2023-11-02,-0.151,0.613,0.983,2.27
2023-11-03,-0.199,0.564,0.883,2.18
2023-11-06,-0.131,0.633,0.983,2.25
2023-11-07,-0.182,0.582,0.893,2.19
2023-11-08,-0.216,0.547,0.803,2.15
2023-11-09,-0.2,0.564,0.933,2.29
2023-11-10,-0.145,0.619,0.923,2.29
2023-11-13,-0.112,0.652,0.943,2.32
2023-11-14,-0.215,0.548,0.753,2.16
2023-11-15,-0.213,0.551,1.279,2.22
2023-11-16,-0.265,0.498,1.199,2.18
2023-11-17,-0.259,0.505,1.189,2.16
2023-11-20,-0.24,0.524,1.169,2.12
2023-11-21,-0.276,0.488,1.159,2.16
2023-11-22,-0.314,0.449,1.169,2.16
2023-11-23,-0.234,0.529,,
2023-11-24,-0.213,0.55,1.219,2.21
2023-11-27,-0.271,0.492,1.139,2.18
2023-11-28,-0.311,0.453,1.089,2.12
2023-11-29,-0.417,0.347,1.019,2.06
2023-11-30,-0.371,0.392,1.119,2.14
2023-12-01,0.08,0.343,0.969,2.0
2023-12-04,-0.011,0.253,1.029,2.07
2023-12-05,-0.073,0.19,0.929,2.01
2023-12-06,-0.122,0.142,0.869,1.98
2023-12-07,-0.165,0.099,0.889,1.97
2023-12-08,-0.047,0.217,0.979,2.02
2023-12-11,-0.063,0.201,0.979,2.04
2023-12-12,-0.093,0.17,0.949,2.04
2023-12-13,-0.147,0.116,0.789,1.88
2023-12-14,-0.188,0.075,0.669,1.7
2023-12-15,-0.285,-0.022,0.777,1.69
2023-12-18,-0.245,0.019,0.817,1.74
2023-12-19,-0.309,-0.045,0.797,1.74
2023-12-20,-0.353,-0.09,0.727,1.67
2023-12-21,-0.353,-0.089,0.757,1.7
2023-12-22,-0.381,-0.117,0.767,1.71
2023-12-26,,,0.757,1.71
2023-12-27,-0.412,-0.149,0.657,1.64
2023-12-28,-0.397,-0.134,0.707,1.68
2023-12-29,-0.319,-0.056,0.747,1.72
2024-01-02,-0.78,0.074,0.817,1.74
2024-01-03,-0.779,0.075,0.777,1.71
2024-01-04,-0.693,0.161,0.857,1.77
2024-01-05,-0.653,0.201,0.917,1.83
2024-01-08,-0.669,0.185,0.877,1.79
2024-01-09,-0.643,0.211,0.887,1.8
2024-01-10,-0.627,0.227,0.907,1.82
2024-01-11,-0.642,0.212,0.847,1.76
2024-01-12,-0.674,0.18,0.827,1.69
2024-01-15,-0.619,0.235,,
2024-01-16,-0.64,0.214,0.754,1.77
2024-01-17,-0.561,0.293,0.784,1.8
2024-01-18,-0.537,0.317,0.824,1.8
2024-01-19,-0.515,0.339,0.834,1.81
2024-01-22,-0.565,0.289,0.794,1.8
2024-01-23,-0.511,0.343,0.824,1.85
2024-01-24,-0.515,0.338,0.864,1.88
2024-01-25,-0.531,0.323,0.824,1.85
2024-01-26,-0.512,0.342,0.834,1.85
2024-01-29,-0.575,0.279,0.764,1.78
2024-01-30,-0.567,0.287,0.744,1.8
2024-01-31,-0.634,0.22,0.674,1.73
2024-02-01,-0.546,0.208,0.554,1.68
2024-02-02,-0.525,0.229,0.714,1.82
2024-02-05,-0.419,0.335,0.854,1.9
2024-02-06,-0.413,0.341,0.774,1.85
2024-02-07,-0.425,0.329,0.774,1.86
2024-02-08,-0.373,0.381,0.834,1.91
2024-02-09,-0.339,0.415,0.854,1.92
2024-02-12,-0.348,0.406,0.854,1.93
2024-02-13,-0.338,0.416,0.994,2.02
2024-02-14,-0.355,0.399,0.954,1.97
2024-02-15,-0.413,0.341,1.152,1.94
2024-02-16,-0.329,0.425,1.212,1.97
2024-02-19,-0.328,0.426,,
2024-02-20,-0.359,0.395,1.182,1.95
2024-02-21,-0.326,0.428,1.232,1.98
2024-02-22,-0.32,0.434,1.242,2.02
2024-02-23,-0.362,0.392,1.172,1.96
2024-02-26,-0.333,0.421,1.192,1.97
2024-02-27,-0.307,0.447,1.222,1.99
2024-02-28,-0.283,0.471,1.182,1.94
2024-02-29,-0.32,0.434,1.162,1.92
2024-03-01,-0.097,0.457,1.102,1.87
2024-03-04,-0.166,0.388,1.132,1.88
2024-03-05,-0.236,0.317,1.042,1.81
2024-03-06,-0.24,0.314,1.022,1.81
2024-03-07,-0.26,0.294,1.002,1.81
2024-03-08,-0.297,0.257,1.002,1.81
2024-03-11,-0.241,0.313,1.012,1.83
2024-03-12,-0.222,0.332,1.072,1.86
2024-03-13,-0.196,0.358,1.102,1.89
2024-03-14,-0.114,0.44,1.202,1.99
2024-03-15,-0.105,0.449,1.153,1.99
2024-03-18,-0.09,0.464,1.183,2.03
2024-03-19,-0.115,0.439,1.143,2.0
2024-03-20,-0.114,0.44,1.113,1.96
2024-03-21,-0.13,0.424,1.113,1.93
2024-03-22,-0.222,0.332,1.063,1.87
2024-03-25,-0.174,0.38,1.093,1.92
2024-03-26,-0.195,0.359,1.083,1.92
2024-03-27,-0.249,0.305,1.043,1.88
2024-03-28,-0.24,0.314,1.043,1.88
2024-04-01,,,1.173,1.98
2024-04-02,0.086,0.445,1.203,2.0
2024-04-03,0.084,0.442,1.203,2.0
2024-04-04,0.011,0.37,1.153,1.97
2024-04-05,0.036,0.394,1.233,2.02
2024-04-08,0.092,0.451,1.263,2.04
2024-04-09,0.032,0.39,1.203,2.0
2024-04-10,0.084,0.442,1.393,2.15
2024-04-11,0.122,0.48,1.403,2.16
2024-04-12,0.007,0.365,1.343,2.11
2024-04-15,0.104,0.463,1.143,2.2
2024-04-16,0.165,0.524,1.183,2.24
2024-04-17,0.145,0.503,1.103,2.2
2024-04-18,0.155,0.513,1.153,2.24
2024-04-19,0.177,0.535,1.133,2.21
2024-04-22,0.169,0.528,1.133,2.21
2024-04-23,0.161,0.52,1.123,2.2
2024-04-24,0.244,0.602,1.163,2.24
2024-04-25,0.297,0.655,1.213,2.28
2024-04-26,0.223,0.582,1.183,2.24
2024-04-29,0.194,0.552,1.143,2.22
2024-04-30,0.237,0.595,1.203,2.28
2024-05-01,,,1.143,2.25
2024-05-02,0.219,0.577,1.093,2.21
2024-05-03,0.146,0.504,1.013,2.15
2024-05-06,0.114,0.472,1.003,2.14
2024-05-07,0.077,0.435,0.983,2.15
2024-05-08,0.116,0.474,0.993,2.17
2024-05-09,0.149,0.507,0.963,2.13
2024-05-10,0.161,0.519,1.013,2.16
2024-05-13,0.154,0.512,0.993,2.15
2024-05-14,0.187,0.545,0.963,2.12
2024-05-15,0.1,0.458,0.999,2.05
2024-05-16,0.106,0.464,1.019,2.07
2024-05-17,0.174,0.532,1.059,2.1
2024-05-20,0.193,0.551,1.079,2.11
2024-05-21,0.163,0.522,1.049,2.09
2024-05-22,0.194,0.552,1.069,2.1
2024-05-23,0.242,0.6,1.109,2.17
2024-05-24,0.252,0.611,1.099,2.14
2024-05-27,0.198,0.557,,
2024-05-28,0.225,0.583,1.179,2.2
2024-05-29,0.319,0.678,1.249,2.25
2024-05-30,0.337,0.696,1.189,2.19
2024-05-31,0.302,0.66,1.149,2.16
2024-06-03,0.061,0.62,1.049,2.08
2024-06-04,-0.003,0.556,0.969,2.02
2024-06-05,-0.032,0.526,0.929,1.99
2024-06-06,0.022,0.58,0.919,2.0
2024-06-07,0.087,0.645,1.069,2.13
2024-06-10,0.139,0.697,1.109,2.16
2024-06-11,0.108,0.666,1.029,2.12
2024-06-12,-0.003,0.555,0.949,2.09
2024-06-13,-0.014,0.544,0.879,2.03
2024-06-14,-0.191,0.367,0.839,2.03
2024-06-17,-0.113,0.446,1.036,2.06
2024-06-18,-0.124,0.434,0.976,2.01
2024-06-19,-0.125,0.434,,
2024-06-20,-0.091,0.468,1.006,2.0
2024-06-21,-0.15,0.408,1.006,2.02
2024-06-24,-0.121,0.437,1.006,2.03
2024-06-25,-0.156,0.402,0.986,2.01
2024-06-26,-0.111,0.447,1.076,2.06
2024-06-27,-0.11,0.448,1.046,2.03
2024-06-28,-0.098,0.46,1.116,2.08
2024-07-01,0.135,0.614,1.236,2.16
2024-07-02,0.126,0.605,1.186,2.13
2024-07-03,0.128,0.607,1.116,2.09
2024-07-04,0.124,0.603,,
2024-07-05,0.1,0.579,1.036,2.0
2024-07-08,0.071,0.55,1.036,2.01
2024-07-09,0.094,0.573,1.056,2.04
2024-07-10,0.057,0.536,1.036,2.01
2024-07-11,-0.002,0.477,0.956,1.95
2024-07-12,0.017,0.496,0.936,1.94
2024-07-15,0.014,0.493,1.26,1.96
2024-07-16,-0.035,0.444,1.2,1.91
2024-07-17,-0.039,0.44,1.19,1.9
2024-07-18,-0.063,0.416,1.23,1.89
2024-07-19,-0.003,0.476,1.28,1.93
2024-07-22,0.011,0.49,1.29,1.96
2024-07-23,-0.022,0.457,1.28,1.96
2024-07-24,-0.028,0.451,1.31,2.0
2024-07-25,-0.066,0.413,1.3,1.99
2024-07-26,-0.075,0.404,1.23,1.93
2024-07-29,-0.11,0.369,1.2,1.92
2024-07-30,-0.146,0.334,1.18,1.9
2024-07-31,-0.171,0.308,1.12,1.85
2024-08-01,-0.319,0.26,1.02,1.79
2024-08-02,-0.403,0.176,0.83,1.76
2024-08-05,-0.364,0.215,0.81,1.71
2024-08-06,-0.34,0.239,0.93,1.78
2024-08-07,-0.235,0.344,0.99,1.85
2024-08-08,-0.237,0.342,1.02,1.87
2024-08-09,-0.282,0.297,0.97,1.84
2024-08-12,-0.273,0.306,0.93,1.79
2024-08-13,-0.307,0.272,0.88,1.76
2024-08-14,-0.315,0.264,0.86,1.77
2024-08-15,-0.248,0.331,0.979,1.8
2024-08-16,-0.265,0.314,0.949,1.81
2024-08-19,-0.249,0.33,0.919,1.79
2024-08-20,-0.274,0.305,0.879,1.75
2024-08-21,-0.294,0.285,0.849,1.72
2024-08-22,-0.278,0.301,0.919,1.76
2024-08-23,-0.245,0.334,0.869,1.68
2024-08-26,-0.239,0.34,0.879,1.67
2024-08-27,-0.202,0.377,0.889,1.68
2024-08-28,-0.234,0.345,0.899,1.69
2024-08-29,-0.22,0.359,0.929,1.71
2024-08-30,-0.211,0.368,0.969,1.76
2024-09-02,0.249,0.428,,
2024-09-03,0.172,0.351,0.899,1.73
2024-09-04,0.123,0.302,0.829,1.7
2024-09-05,0.105,0.284,0.789,1.7
2024-09-06,0.111,0.29,0.779,1.69
2024-09-09,0.096,0.275,0.759,1.66
2024-09-10,0.083,0.262,0.709,1.63
2024-09-11,0.014,0.193,0.709,1.61
2024-09-12,0.04,0.219,0.739,1.63
2024-09-13,0.06,0.239,0.719,1.58
2024-09-16,0.048,0.227,1.023,1.54
2024-09-17,0.049,0.228,1.043,1.53
2024-09-18,0.099,0.278,1.093,1.58
2024-09-19,0.105,0.284,1.123,1.56
2024-09-20,0.129,0.308,1.123,1.58
2024-09-23,0.103,0.282,1.143,1.58
2024-09-24,0.089,0.268,1.133,1.55
2024-09-25,0.091,0.27,1.183,1.61
2024-09-26,0.054,0.233,1.183,1.63
2024-09-27,0.052,0.231,1.143,1.6
2024-09-30,0.037,0.216,1.203,1.63
2024-10-01,0.444,0.138,1.133,1.55
2024-10-02,0.53,0.224,1.183,1.58
2024-10-03,0.589,0.283,1.243,1.64
2024-10-04,0.621,0.315,1.373,1.75
2024-10-07,0.668,0.362,1.423,1.76
2024-10-08,0.679,0.372,1.433,1.77
2024-10-09,0.667,0.361,1.453,1.77
2024-10-10,0.682,0.376,1.483,1.76
2024-10-11,0.709,0.403,1.473,1.75
2024-10-14,0.708,0.402,,
2024-10-15,0.639,0.333,1.604,1.75
2024-10-16,0.589,0.283,1.594,1.75
2024-10-17,0.614,0.308,1.664,1.79
2024-10-18,0.594,0.288,1.654,1.77
2024-10-21,0.681,0.375,1.764,1.88
2024-10-22,0.7,0.394,1.774,1.87
2024-10-23,0.734,0.428,1.814,1.93
2024-10-24,0.672,0.365,1.784,1.91
2024-10-25,0.697,0.391,1.824,1.96
2024-10-28,0.681,0.375,1.854,1.99
2024-10-29,0.733,0.427,1.854,1.98
2024-10-30,0.772,0.466,1.864,1.95
2024-10-31,0.821,0.515,1.854,1.95
2024-11-01,0.489,0.483,1.944,2.04
2024-11-04,0.487,0.481,1.884,2.03
2024-11-05,0.498,0.492,1.834,1.99
2024-11-06,0.511,0.505,1.994,2.04
2024-11-07,0.524,0.518,1.884,1.98
2024-11-08,0.47,0.464,1.874,1.95
2024-11-11,0.442,0.436,,
2024-11-12,0.428,0.422,2.004,2.08
2024-11-13,0.474,0.468,2.014,2.09
2024-11-14,0.448,0.442,2.004,2.1
2024-11-15,0.458,0.451,1.851,2.1
2024-11-18,0.474,0.468,1.841,2.08
2024-11-19,0.431,0.425,1.811,2.05
2024-11-20,0.447,0.441,1.831,2.06
2024-11-21,0.399,0.393,1.851,2.09
2024-11-22,0.356,0.35,1.831,2.07
2024-11-25,0.301,0.295,1.691,1.98
2024-11-26,0.299,0.293,1.721,2.02
2024-11-27,0.261,0.255,1.671,1.99
2024-11-28,0.225,0.219,,
2024-11-29,0.185,0.179,1.601,1.92
2024-12-02,-0.062,0.132,1.611,1.93
2024-12-03,-0.075,0.118,1.651,1.95
2024-12-04,-0.039,0.155,1.611,1.9
2024-12-05,-0.005,0.189,1.591,1.92
2024-12-06,-0.036,0.158,1.571,1.91
2024-12-09,-0.015,0.179,1.621,1.93
2024-12-10,-0.003,0.191,1.641,1.93
2024-12-11,0.007,0.201,1.681,1.96
2024-12-12,0.059,0.253,1.741,2.0
2024-12-13,0.131,0.325,1.821,2.07
2024-12-16,0.132,0.326,1.671,2.07
2024-12-17,0.114,0.308,1.681,2.09
2024-12-18,0.139,0.333,1.781,2.18
2024-12-19,0.205,0.399,1.851,2.28
2024-12-20,0.175,0.369,1.801,2.23
2024-12-23,0.202,0.396,1.871,2.27
2024-12-24,0.205,0.399,1.871,2.24
2024-12-26,,,1.861,2.23
2024-12-27,0.232,0.426,1.901,2.28
2024-12-30,0.247,0.441,1.831,2.24
2024-12-31,,,1.861,2.24
2025-01-02,0.033,0.434,1.851,2.23
2025-01-03,0.09,0.49,1.881,2.26
2025-01-06,0.141,0.542,1.901,2.28
2025-01-07,0.148,0.549,1.951,2.29
2025-01-08,0.205,0.606,1.951,2.27
2025-01-09,0.216,0.617,1.961,2.29
2025-01-10,0.256,0.657,2.051,2.34
2025-01-13,0.282,0.683,2.071,2.34
2025-01-14,0.319,0.72,2.061,2.34
2025-01-15,0.23,0.631,1.789,2.24
2025-01-16,0.258,0.659,1.739,2.19
2025-01-17,0.201,0.602,1.739,2.2
2025-01-20,0.201,0.602,,
2025-01-21,0.193,0.593,1.699,2.19
2025-01-22,0.193,0.593,1.729,2.2
2025-01-23,0.218,0.619,1.779,2.23
2025-01-24,0.253,0.653,1.759,2.2
2025-01-27,0.211,0.612,1.659,2.13
2025-01-28,0.225,0.626,1.679,2.13
2025-01-29,0.212,0.613,1.679,2.15
2025-01-30,0.171,0.572,1.649,2.14
2025-01-31,0.13,0.531,1.709,2.16
2025-02-03,-0.054,0.447,1.669,2.09
2025-02-04,-0.023,0.478,1.649,2.08
2025-02-05,-0.079,0.422,1.559,2.01
2025-02-06,-0.075,0.426,1.579,2.03
2025-02-07,-0.037,0.464,1.619,2.07
2025-02-10,-0.067,0.434,1.639,2.07
2025-02-11,-0.0,0.501,1.669,2.08
2025-02-12,0.052,0.553,1.749,2.16
2025-02-13,-0.011,0.49,1.649,2.08
2025-02-14,0.001,0.501,1.599,2.04
2025-02-17,0.046,0.547,,
2025-02-18,0.058,0.559,1.559,2.1
2025-02-19,0.11,0.611,1.539,2.08
2025-02-20,0.102,0.603,1.509,2.05
2025-02-21,0.038,0.539,1.429,2.0
2025-02-24,0.035,0.536,1.409,1.98
2025-02-25,0.027,0.528,1.309,1.92
2025-02-26,0.005,0.506,1.259,1.89
2025-02-27,-0.004,0.497,1.299,1.92
2025-02-28,-0.031,0.47,1.249,1.86
2025-03-03,0.278,0.579,1.169,1.8
2025-03-04,0.263,0.563,1.229,1.87
2025-03-05,0.499,0.8,1.289,1.94
2025-03-06,0.645,0.946,1.299,1.95
2025-03-07,0.573,0.874,1.329,1.99
2025-03-10,0.569,0.87,1.229,1.91
2025-03-11,0.634,0.935,1.289,1.97
2025-03-12,0.634,0.935,1.329,1.99
2025-03-13,0.614,0.915,1.279,1.98
2025-03-14,0.646,0.947,1.319,2.01
2025-03-17,0.566,0.867,1.508,2.02
2025-03-18,0.597,0.898,1.488,1.99
2025-03-19,0.558,0.859,1.448,1.94
2025-03-20,0.527,0.828,1.438,1.93
2025-03-21,0.546,0.847,1.448,1.92
2025-03-24,0.563,0.864,1.538,1.98
2025-03-25,0.578,0.879,1.508,1.96
2025-03-26,0.566,0.866,1.548,1.98
2025-03-27,0.562,0.863,1.578,1.99
2025-03-28,0.512,0.813,1.468,1.9
2025-03-31,0.482,0.783,1.428,1.85
2025-04-01,0.559,0.725,1.368,1.84
2025-04-02,0.561,0.727,1.398,1.88
2025-04-03,0.534,0.699,1.258,1.78
2025-04-04,0.448,0.613,1.208,1.83
2025-04-07,0.482,0.647,1.348,1.96
2025-04-08,0.553,0.719,1.458,2.04
2025-04-09,0.487,0.652,1.538,2.07
2025-04-10,0.478,0.643,1.598,2.21
2025-04-11,0.404,0.569,1.678,2.28
2025-04-14,0.399,0.564,1.578,2.15
2025-04-15,0.431,0.597,1.968,2.16
2025-04-16,0.4,0.565,1.908,2.12
2025-04-17,0.375,0.54,1.958,2.11
2025-04-21,,,2.038,2.2
2025-04-22,0.352,0.518,2.028,2.14
2025-04-23,0.4,0.566,2.018,2.11
2025-04-24,0.349,0.515,1.938,2.02
2025-04-25,0.363,0.528,1.908,2.02
2025-04-28,0.407,0.573,1.848,1.98
2025-04-29,0.389,0.555,1.808,1.96
2025-04-30,0.358,0.523,1.788,1.94
2025-05-01,,,1.868,2.0
2025-05-02,0.396,0.562,1.948,2.06
2025-05-05,0.42,0.586,1.978,2.08
2025-05-06,0.454,0.62,1.918,2.04
2025-05-07,0.393,0.559,1.878,2.01
2025-05-08,0.41,0.575,1.988,2.08
2025-05-09,0.467,0.632,1.988,2.08
2025-05-12,0.525,0.691,2.068,2.16
2025-05-13,0.547,0.713,2.108,2.17
2025-05-14,0.57,0.736,2.148,2.16
2025-05-15,0.538,0.703,2.125,2.11
2025-05-16,0.475,0.641,2.105,2.09
2025-05-19,0.489,0.654,2.135,2.1
2025-05-20,0.513,0.678,2.155,2.13
2025-05-21,0.534,0.699,2.255,2.23
2025-05-22,0.547,0.713,2.215,2.2
2025-05-23,0.468,0.634,2.185,2.18
2025-05-26,0.472,0.638,,
2025-05-27,0.436,0.601,2.105,2.11
2025-05-28,0.445,0.61,2.145,2.15
2025-05-29,0.412,0.577,2.105,2.11
2025-05-30,0.41,0.576,2.085,2.07
2025-06-02,0.723,0.588,2.135,2.13
2025-06-03,0.694,0.559,2.135,2.14
2025-06-04,0.723,0.589,2.045,2.06
2025-06-05,0.747,0.613,2.075,2.11
2025-06-06,0.759,0.625,2.185,2.2
2025-06-09,0.776,0.641,2.165,2.18
2025-06-10,0.717,0.582,2.145,2.18
2025-06-11,0.722,0.587,2.085,2.14
2025-06-12,0.678,0.543,2.035,2.11
2025-06-13,0.703,0.569,2.085,2.13
2025-06-16,0.722,0.587,2.083,2.16
2025-06-17,0.722,0.587,2.013,2.08
2025-06-18,0.701,0.567,2.003,2.07
2025-06-19,0.702,0.568,,
2025-06-20,0.714,0.58,2.003,2.05
2025-06-23,0.707,0.573,1.963,2.04
2025-06-24,0.75,0.615,1.923,2.01
2025-06-25,0.764,0.63,1.913,2.01
2025-06-26,0.758,0.623,1.883,1.98
2025-06-27,0.787,0.652,1.913,2.0
2025-06-30,0.779,0.645,1.863,1.95
2025-07-01,0.653,0.642,1.883,1.97
2025-07-02,0.724,0.713,1.923,2.0
2025-07-03,0.687,0.676,1.973,2.02
2025-07-04,0.653,0.642,,
2025-07-07,0.696,0.686,2.023,2.05
2025-07-08,0.743,0.732,2.043,2.07
2025-07-09,0.733,0.723,1.963,2.01
2025-07-10,0.757,0.746,1.973,2.01
2025-07-11,0.788,0.777,2.053,2.06
2025-07-14,0.789,0.778,2.053,2.04
2025-07-15,0.746,0.735,1.82,2.09
2025-07-16,0.747,0.736,1.78,2.05
2025-07-17,0.737,0.726,1.79,2.04
2025-07-18,0.757,0.746,1.76,2.03
2025-07-21,0.677,0.666,1.7,1.98
2025-07-22,0.66,0.649,1.67,1.96
2025-07-23,0.666,0.655,1.72,2.03
2025-07-24,0.753,0.743,1.75,1.98
2025-07-25,0.793,0.783,1.72,1.96
2025-07-28,0.756,0.745,1.74,1.98
2025-07-29,0.769,0.758,1.66,1.91
2025-07-30,0.779,0.768,1.7,1.96
2025-07-31,0.763,0.752,1.69,1.98
2025-08-01,0.73,0.719,1.55,1.9
2025-08-04,0.703,0.692,1.54,1.85
2025-08-05,0.695,0.684,1.54,1.86
2025-08-06,0.705,0.694,1.54,1.88
2025-08-07,0.708,0.697,1.55,1.88
2025-08-08,0.757,0.747,1.59,1.88
2025-08-11,0.761,0.751,1.59,1.87
2025-08-12,0.82,0.809,1.61,1.91
2025-08-13,0.761,0.75,1.56,1.87
2025-08-14,0.779,0.768,1.61,1.9
2025-08-15,0.843,0.832,1.587,1.95
2025-08-18,0.834,0.824,1.597,1.96
2025-08-19,0.822,0.811,1.557,1.95
2025-08-20,0.789,0.778,1.547,1.94
2025-08-21,0.821,0.81,1.587,1.94
2025-08-22,0.808,0.797,1.517,1.85
2025-08-25,0.842,0.831,1.537,1.87
2025-08-26,0.803,0.792,1.517,1.84
2025-08-27,0.793,0.783,1.497,1.81
2025-08-28,0.772,0.761,1.477,1.81
2025-08-29,0.785,0.775,1.487,1.82
2025-09-01,0.82,0.809,,
2025-09-02,0.858,0.848,1.537,1.87
2025-09-03,0.821,0.81,1.477,1.82
2025-09-04,0.788,0.777,1.427,1.79
2025-09-05,0.746,0.735,1.357,1.73
2025-09-08,0.721,0.71,1.307,1.7
2025-09-09,0.737,0.727,1.337,1.72
2025-09-10,0.735,0.724,1.297,1.69
2025-09-11,0.744,0.733,1.267,1.67
2025-09-12,0.779,0.769,1.317,1.7
2025-09-15,0.766,0.756,1.111,1.68
2025-09-16,0.763,0.752,1.101,1.67
2025-09-17,0.744,0.733,1.121,1.68
2025-09-18,0.789,0.778,1.171,1.73
2025-09-19,0.811,0.8,1.201,1.75
2025-09-22,0.819,0.808,1.211,1.78
2025-09-23,0.818,0.808,1.181,1.75
2025-09-24,0.819,0.808,1.221,1.78
2025-09-25,0.837,0.827,1.241,1.8
2025-09-26,0.82,0.809,1.261,1.82
2025-09-29,0.786,0.775,1.211,1.8
2025-09-30,0.779,0.768,1.221,1.8
2025-10-01,0.569,0.746,1.181,1.77
2025-10-02,0.585,0.762,1.161,1.76
2025-10-03,0.568,0.745,1.191,1.8
2025-10-06,0.586,0.762,1.241,1.84
2025-10-07,0.602,0.779,1.201,1.79
2025-10-08,0.556,0.733,1.191,1.78
2025-10-09,0.573,0.75,1.201,1.8
2025-10-10,0.542,0.719,1.111,1.75
2025-10-13,0.507,0.683,,
2025-10-14,0.479,0.656,1.091,1.73
2025-10-15,0.448,0.625,1.027,1.76
2025-10-16,0.463,0.64,0.967,1.71
2025-10-17,0.46,0.637,0.997,1.75
2025-10-20,0.465,0.642,0.977,1.74
2025-10-21,0.432,0.608,0.957,1.7
2025-10-22,0.446,0.623,0.947,1.68
2025-10-23,0.459,0.636,0.987,1.71
2025-10-24,0.51,0.687,0.997,1.73
2025-10-27,0.504,0.681,0.987,1.73
2025-10-28,0.498,0.675,0.967,1.71
2025-10-29,0.503,0.68,1.057,1.78
2025-10-30,0.516,0.693,1.087,1.82
2025-10-31,0.522,0.698,1.087,1.81
2025-11-03,0.628,0.705,1.107,1.82
2025-11-04,0.625,0.702,1.077,1.81
2025-11-05,0.636,0.713,1.147,1.87
2025-11-06,0.633,0.71,1.087,1.83
2025-11-07,0.652,0.729,1.087,1.83
2025-11-10,0.647,0.724,1.107,1.84
2025-11-11,0.636,0.713,,
2025-11-12,0.624,0.701,1.057,1.81
2025-11-13,0.651,0.727,1.087,1.83
2025-11-14,0.681,0.758,1.117,1.86
2025-11-17,0.688,0.765,1.107,1.85
2025-11-18,0.673,0.749,1.097,1.85
2025-11-19,0.685,0.762,1.107,1.86
2025-11-20,0.711,0.788,1.077,1.86
2025-11-21,0.686,0.763,1.037,1.82
2025-11-24,0.687,0.764,1.017,1.81
2025-11-25,0.657,0.734,0.987,1.79
2025-11-26,0.667,0.744,0.977,1.77
2025-11-27,0.664,0.741,,
2025-11-28,0.674,0.751,0.997,1.79
2025-12-01,0.74,0.817,1.067,1.85
2025-12-02,0.741,0.818,1.067,1.85
2025-12-03,0.727,0.804,1.037,1.82
2025-12-04,0.749,0.826,1.087,1.85
2025-12-05,0.772,0.849,1.117,1.88
2025-12-08,0.838,0.915,1.147,1.91
2025-12-09,0.832,0.909,1.157,1.92
2025-12-10,0.847,0.923,1.107,1.88
2025-12-11,0.827,0.904,1.117,1.89
2025-12-12,0.855,0.932,1.167,1.93
2025-12-15,0.824,0.901,1.192,1.93
2025-12-16,0.845,0.922,1.162,1.92
2025-12-17,0.846,0.923,1.172,1.92
2025-12-18,0.849,0.926,1.132,1.88
2025-12-19,0.88,0.957,1.172,1.92
2025-12-22,0.897,0.974,1.182,1.94
2025-12-23,0.861,0.938,1.192,1.94
2025-12-24,0.864,0.941,1.162,1.91
2025-12-26,,,1.152,1.91
2025-12-29,0.823,0.899,1.132,1.9
2025-12-30,0.849,0.926,1.152,1.9
2025-12-31,0.848,0.925,1.192,1.93
2026-01-02,0.975,0.958,1.202,1.94
2026-01-05,0.963,0.946,1.182,1.91
2026-01-06,0.924,0.907,1.192,1.91
2026-01-07,0.902,0.886,1.162,1.88
2026-01-08,0.922,0.905,1.202,1.92
2026-01-09,0.926,0.909,1.192,1.9
2026-01-12,0.893,0.876,1.202,1.9
2026-01-13,0.907,0.89,1.192,1.88
2026-01-14,0.881,0.865,1.162,1.86
2026-01-15,0.869,0.852,1.168,1.88
2026-01-16,0.894,0.877,1.238,1.91
2026-01-19,0.89,0.874,,
2026-01-20,0.928,0.911,1.298,1.97
2026-01-21,0.933,0.916,1.258,1.92
2026-01-22,0.937,0.92,1.258,1.95
2026-01-23,0.948,0.931,1.238,1.92
2026-01-26,0.917,0.901,1.218,1.9
2026-01-27,0.921,0.905,1.238,1.9
2026-01-28,0.912,0.895,1.258,1.9
2026-01-29,0.892,0.875,1.238,1.89
2026-01-30,0.903,0.887,1.258,1.9
2026-02-02,1.215,0.898,1.288,1.94
2026-02-03,1.247,0.93,1.278,1.92
2026-02-04,1.229,0.912,1.288,1.94
2026-02-05,1.223,0.906,1.208,1.89
2026-02-06,1.203,0.887,1.218,1.88
2026-02-09,1.205,0.888,1.218,1.87
2026-02-10,1.167,0.851,1.158,1.84
2026-02-11,1.168,0.851,1.178,1.86
2026-02-12,1.143,0.827,1.088,1.8
2026-02-13,1.107,0.791,1.038,1.77
2026-02-16,1.113,0.796,,
2026-02-17,1.098,0.782,1.221,1.79
2026-02-18,1.103,0.786,1.261,1.8
2026-02-19,1.108,0.791,1.251,1.79
2026-02-20,1.094,0.777,1.251,1.8
2026-02-23,1.086,0.769,1.201,1.77
2026-02-24,1.071,0.755,1.211,1.78
2026-02-25,1.074,0.757,1.221,1.77
2026-02-26,1.047,0.73,1.191,1.74
2026-02-27,1.027,0.71,1.141,1.72
2026-03-02,0.86,0.743,1.221,1.76
2026-03-03,0.94,0.824,1.231,1.77
2026-03-04,0.917,0.801,1.261,1.8
2026-03-05,0.986,0.869,1.301,1.82
2026-03-06,1.009,0.892,1.321,1.8
2026-03-09,1.024,0.908,1.291,1.78
2026-03-10,0.997,0.881,1.321,1.82
2026-03-11,1.074,0.958,1.381,1.85
2026-03-12,1.098,0.981,1.441,1.89
2026-03-13,1.111,0.995,1.451,1.92
2026-03-16,1.088,0.972,1.565,1.87
2026-03-17,1.067,0.95,1.535,1.83
2026-03-18,1.1,0.984,1.595,1.86
2026-03-19,1.112,0.995,1.585,1.88
2026-03-20,1.176,1.059,1.725,2.01
2026-03-23,1.133,1.016,1.675,2.01
2026-03-24,1.162,1.045,1.725,2.06
2026-03-25,1.112,0.995,1.665,2.02
2026-03-26,1.194,1.078,1.755,2.08
2026-03-27,1.25,1.134,1.775,2.13
2026-03-30,1.194,1.078,1.685,2.04
2026-03-31,1.173,1.056,1.635,2.0
2026-04-01,0.448,1.021,1.665,2.02
2026-04-02,0.475,1.048,1.645,1.97
2026-04-03,,,1.685,1.99
2026-04-06,,,1.675,1.98
2026-04-07,0.506,1.079,1.665,1.96
2026-04-08,0.379,0.953,1.625,1.96
2026-04-09,0.472,1.046,1.625,1.95
2026-04-10,0.5,1.074,1.645,1.95
2026-04-13,0.523,1.096,1.635,1.92
2026-04-14,0.512,1.086,1.595,1.89
2026-04-15,0.489,1.062,0.97,1.9
2026-04-16,0.475,1.048,1.0,1.93
2026-04-17,0.425,0.998,0.94,1.9
2026-04-20,0.437,1.01,0.94,1.91
2026-04-21,0.437,1.01,0.98,1.92
2026-04-22,0.451,1.024,0.98,1.92
2026-04-23,0.467,1.041,1.02,1.92
2026-04-24,0.471,1.044,0.99,1.89
2026-04-27,0.482,1.055,1.03,1.91
2026-04-28,0.52,1.093,1.04,1.92
2026-04-29,0.543,1.116,1.1,1.96
2026-04-30,0.494,1.067,1.08,1.94
2026-05-01,,,1.07,1.91
2026-05-04,0.105,1.079,1.13,1.95
2026-05-05,0.126,1.099,1.11,1.96
2026-05-06,0.048,1.022,1.04,1.94
2026-05-07,0.037,1.01,1.09,1.96
2026-05-08,0.052,1.026,1.06,1.93
2026-05-11,0.08,1.053,1.1,1.95
2026-05-12,0.15,1.123,1.14,1.99
2026-05-13,0.151,1.125,1.14,1.99
2026-05-14,0.099,1.073,1.15,2.0
2026-05-15,0.195,1.168,0.643,2.1
2026-05-18,0.172,1.145,0.663,2.13
2026-05-19,0.22,1.193,0.723,2.18
2026-05-20,0.191,1.165,0.623,2.13
2026-05-21,0.14,1.113,0.623,2.18
2026-05-22,0.083,1.056,0.613,2.16
2026-05-25,-0.014,0.959,,
2026-05-26,0.03,1.004,0.553,2.1
2026-05-27,0.027,1.0,0.533,2.09
2026-05-28,0.035,1.008,0.503,2.06
2026-05-29,0.017,0.99,0.503,2.07
2026-06-01,-0.132,1.041,0.523,2.07
2026-06-02,-0.181,0.993,0.513,2.07
2026-06-03,-0.139,1.035,0.543,2.11
2026-06-04,-0.13,1.043,0.523,2.11
2026-06-05,-0.112,1.061,0.603,2.19
2026-06-08,-0.108,1.065,0.613,2.21
2026-06-09,-0.101,1.073,0.583,2.2
2026-06-10,-0.084,1.09,0.603,2.21
2026-06-11,-0.12,1.053,0.503,2.16
2026-06-12,-0.131,1.043,0.533,2.17
2026-06-15,-0.191,0.982,0.2,2.15
2026-06-16,-0.208,0.966,0.16,2.14
2026-06-17,-0.215,0.959,0.22,2.23
2026-06-18,-0.215,0.959,0.19,2.21
2026-06-19,-0.163,1.01,,
2026-06-22,-0.191,0.983,0.24,2.28
2026-06-23,-0.229,0.944,0.23,2.29
2026-06-24,-0.262,0.911,0.14,2.23
2026-06-25,-0.284,0.889,0.13,2.19
2026-06-26,-0.278,0.896,0.11,2.18
2026-06-29,-0.277,0.896,0.11,2.16
2026-06-30,-0.276,0.898,0.17,2.2
2026-07-01,0.163,0.926,0.21,2.25
2026-07-02,0.188,0.951,0.22,2.26
2026-07-03,0.206,0.969,,
2026-07-06,0.216,0.979,0.21,2.24
2026-07-07,0.257,1.02,0.28,2.3
2026-07-08,0.337,1.1,0.29,2.31
2026-07-09,0.329,1.092,0.27,2.31
2026-07-10,0.309,1.072,0.29,2.32
2026-07-13,0.325,1.088,0.35,2.36
2026-07-14,0.346,1.109,0.31,2.33
2026-07-15,0.354,1.118,0.823,2.32
2026-07-16,0.377,1.14,0.843,2.35
2026-07-17,0.352,1.115,0.823,2.31
2026-07-20,0.368,1.131,0.873,2.35
2026-07-21,0.41,1.173,0.903,2.37
2026-07-22,0.404,1.167,0.943,2.39
2026-07-23,0.425,1.188,0.983,2.43
2026-07-24,0.407,1.17,0.963,2.43
2026-07-27,0.366,1.129,0.923,2.44
2026-07-28,0.358,1.121,0.883,2.41
2026-07-29,0.375,1.138,0.943,2.41
2026-07-30,0.401,1.164,0.953,2.41
2026-07-31,0.427,1.19,1.023,2.47
2026-08-03,0.285,1.149,0.973,2.43
2026-08-04,0.246,1.109,0.903,2.4
2026-08-05,0.247,1.11,0.903,2.41
2026-08-06,0.247,1.11,0.963,2.43
2026-08-07,0.252,1.115,0.923,2.4
2026-08-10,0.299,1.162,0.993,2.43
2026-08-11,0.276,1.139,0.973,2.43
2026-08-12,0.265,1.129,0.953,2.42
2026-08-13,0.256,1.119,0.903,2.39
2026-08-14,0.313,1.176,0.953,2.41
2026-08-17,0.342,1.205,1.18,2.44
2026-08-18,0.389,1.252,1.17,2.41
2026-08-19,0.378,1.241,1.11,2.35
2026-08-20,0.379,1.242,1.15,2.35
2026-08-21,0.371,1.234,1.2,2.4
2026-08-24,0.38,1.244,1.16,2.38
2026-08-25,0.345,1.208,1.1,2.32
2026-08-26,0.349,1.212,1.12,2.34
2026-08-27,0.377,1.24,1.13,2.34
2026-08-28,0.379,1.242,1.19,2.42
2026-08-31,0.44,1.303,1.21,2.44
2026-09-01,0.155,1.318,1.25,2.44
2026-09-02,0.192,1.355,1.25,2.45
2026-09-03,0.165,1.328,1.23,2.42
2026-09-04,0.146,1.31,1.24,2.43
2026-09-07,0.189,1.353,,
2026-09-08,0.178,1.342,1.26,2.43
2026-09-09,0.227,1.39,1.29,2.46
2026-09-10,0.303,1.466,1.41,2.55
2026-09-11,0.323,1.486,1.42,2.6
2026-09-14,0.341,1.504,1.43,2.6
2026-09-15,0.344,1.507,1.287,2.62
2026-09-16,0.333,1.497,1.297,2.68
2026-09-17,0.288,1.451,1.227,2.61
2026-09-18,0.33,1.493,1.297,2.68
2026-09-21,0.274,1.437,1.247,2.62
2026-09-22,0.253,1.416,1.247,2.63
2026-09-23,0.324,1.487,1.397,2.76
2026-09-24,0.366,1.529,1.467,2.85
2026-09-25,0.415,1.578,1.457,2.83
2026-09-28,0.431,1.594,,
